_id,almacenamiento_numero,dbscan_cluster,dbscan_es_ruido,fecha_clustering_dbscan,marca_especif,precio_numerico,prediction,ram_numero
6a217e5b8267300cb074e874,1024.0,0,False,2026-06-04 20:59:36.571,8.0,2280113.0,1,32.0
6a217e5b8267300cb074e87b,1024.0,0,False,2026-06-04 20:59:36.597,8.0,2448762.0,1,32.0
6a217e5b8267300cb074e87c,1024.0,0,False,2026-06-04 20:59:36.597,8.0,2720943.0,1,32.0
6a217e5b8267300cb074e87f,512.0,1,False,2026-06-04 20:59:36.597,0.0,349990.0,0,8.0
6a217e5b8267300cb074e882,512.0,1,False,2026-06-04 20:59:36.597,0.0,532990.0,0,8.0
6a217e5b8267300cb074e886,256.0,1,False,2026-06-04 20:59:36.597,0.0,279990.0,0,8.0
6a217e5b8267300cb074e88f,256.0,1,False,2026-06-04 20:59:36.597,0.0,1129990.0,0,8.0
6a217e5b8267300cb074e890,512.0,1,False,2026-06-04 20:59:36.598,0.0,684990.0,0,16.0
6a217e5b8267300cb074e895,512.0,1,False,2026-06-04 20:59:36.598,0.0,920990.0,0,16.0
6a217e5b8267300cb074e899,512.0,1,False,2026-06-04 20:59:36.598,0.0,699990.0,0,16.0
6a217e5b8267300cb074e89b,512.0,1,False,2026-06-04 20:59:36.598,0.0,1124990.0,4,16.0
6a217e5b8267300cb074e8a1,1024.0,1,False,2026-06-04 20:59:36.598,0.0,1508990.0,4,16.0
6a217e5b8267300cb074e8a2,512.0,1,False,2026-06-04 20:59:36.598,0.0,889990.0,0,16.0
6a217e5b8267300cb074e8a5,512.0,1,False,2026-06-04 20:59:36.598,0.0,812820.0,0,16.0
6a217e5b8267300cb074e8a6,1024.0,0,False,2026-06-04 20:59:36.598,0.0,2559990.0,1,32.0
6a217e5b8267300cb074e8ad,512.0,1,False,2026-06-04 20:59:36.598,0.0,649990.0,0,8.0
6a217e5b8267300cb074e8b2,512.0,1,False,2026-06-04 20:59:36.598,0.0,539990.0,0,8.0
6a217e5b8267300cb074e8b5,1024.0,1,False,2026-06-04 20:59:36.598,0.0,2299990.0,1,16.0
6a217e5b8267300cb074e8b8,512.0,1,False,2026-06-04 20:59:36.598,0.0,769990.0,0,16.0
6a217e5b8267300cb074e8b9,512.0,1,False,2026-06-04 20:59:36.599,0.0,445990.0,0,8.0
6a217e5b8267300cb074e8bb,512.0,1,False,2026-06-04 20:59:36.599,0.0,769990.0,0,16.0
6a217e5b8267300cb074e8c6,128.0,1,False,2026-06-04 20:59:36.599,0.0,482591.0,0,16.0
6a217e5b8267300cb074e8c7,1024.0,0,False,2026-06-04 20:59:36.599,0.0,3099990.0,1,32.0
6a217e5b8267300cb074e8c8,128.0,1,False,2026-06-04 20:59:36.599,0.0,617280.0,0,4.0
6a217e5b8267300cb074e8c9,256.0,1,False,2026-06-04 20:59:36.599,0.0,529990.0,0,8.0
6a217e5b8267300cb074e8cc,512.0,1,False,2026-06-04 20:59:36.599,0.0,1079990.0,4,16.0
6a217e5b8267300cb074e8d0,512.0,1,False,2026-06-04 20:59:36.599,0.0,715990.0,0,16.0
6a217e5b8267300cb074e8d1,512.0,1,False,2026-06-04 20:59:36.599,0.0,705990.0,0,8.0
6a217e5b8267300cb074e8d5,512.0,1,False,2026-06-04 20:59:36.599,0.0,429990.0,0,8.0
6a217e5b8267300cb074e8d9,512.0,1,False,2026-06-04 20:59:36.599,0.0,715990.0,0,16.0
6a217e5b8267300cb074e8da,512.0,1,False,2026-06-04 20:59:36.599,0.0,699990.0,0,8.0
6a217e5b8267300cb074e8dd,512.0,1,False,2026-06-04 20:59:36.599,0.0,1030422.0,0,8.0
6a217e5b8267300cb074e8e4,512.0,1,False,2026-06-04 20:59:36.599,0.0,419990.0,0,8.0
6a217e5b8267300cb074e8e5,1024.0,1,False,2026-06-04 20:59:36.599,0.0,1149990.0,4,16.0
6a217e5b8267300cb074e8e9,512.0,1,False,2026-06-04 20:59:36.599,0.0,706990.0,0,8.0
6a217e5b8267300cb074e8ef,512.0,1,False,2026-06-04 20:59:36.599,0.0,455990.0,0,8.0
6a217e5b8267300cb074e8f3,1024.0,1,False,2026-06-04 20:59:36.599,0.0,669990.0,4,16.0
6a217e5b8267300cb074e8fa,512.0,1,False,2026-06-04 20:59:36.599,0.0,559990.0,0,16.0
6a217e5b8267300cb074e905,512.0,1,False,2026-06-04 20:59:36.599,0.0,1364990.0,4,16.0
6a217e5b8267300cb074e90e,1024.0,1,False,2026-06-04 20:59:36.599,0.0,669990.0,4,16.0
6a217e5b8267300cb074e910,512.0,1,False,2026-06-04 20:59:36.600,0.0,679990.0,0,8.0
6a217e5b8267300cb074e911,256.0,1,False,2026-06-04 20:59:36.600,0.0,399990.0,0,8.0
6a217e5b8267300cb074e913,512.0,1,False,2026-06-04 20:59:36.600,0.0,290000.0,0,8.0
6a217e5b8267300cb074e918,1024.0,2,False,2026-06-04 20:59:36.600,0.0,1699990.0,1,24.0
6a217e5b8267300cb074e91e,1024.0,0,False,2026-06-04 20:59:36.600,0.0,1994990.0,1,32.0
6a217e5b8267300cb074e921,512.0,1,False,2026-06-04 20:59:36.600,0.0,1152990.0,0,8.0
6a217e5b8267300cb074e926,512.0,1,False,2026-06-04 20:59:36.600,0.0,1148990.0,4,16.0
6a217e5b8267300cb074e92e,512.0,1,False,2026-06-04 20:59:36.600,0.0,504990.0,0,8.0
6a217e5b8267300cb074e930,512.0,1,False,2026-06-04 20:59:36.600,0.0,649990.0,0,8.0
6a217e5b8267300cb074e936,512.0,1,False,2026-06-04 20:59:36.600,0.0,480990.0,0,8.0
6a217e5b8267300cb074e938,1024.0,1,False,2026-06-04 20:59:36.600,0.0,1029990.0,4,16.0
6a217e5b8267300cb074e939,1024.0,0,False,2026-06-04 20:59:36.600,0.0,1849000.0,1,32.0
6a217e5b8267300cb074e93c,512.0,1,False,2026-06-04 20:59:36.600,0.0,1349990.0,4,16.0
6a217e5b8267300cb074e943,512.0,1,False,2026-06-04 20:59:36.600,0.0,715990.0,0,16.0
6a217e5b8267300cb074e944,256.0,1,False,2026-06-04 20:59:36.600,0.0,320000.0,0,8.0
6a217e5b8267300cb074e946,256.0,1,False,2026-06-04 20:59:36.601,0.0,449990.0,0,8.0
6a217e5b8267300cb074e94c,256.0,1,False,2026-06-04 20:59:36.601,0.0,447833.0,0,8.0
6a217e5b8267300cb074e94d,1024.0,0,False,2026-06-04 20:59:36.601,0.0,1159190.0,1,32.0
6a217e5b8267300cb074e954,2048.0,3,False,2026-06-04 20:59:36.601,0.0,4127900.0,2,32.0
6a217e5b8267300cb074e955,512.0,1,False,2026-06-04 20:59:36.601,0.0,671990.0,0,8.0
6a217e5b8267300cb074e956,256.0,1,False,2026-06-04 20:59:36.601,0.0,359990.0,0,8.0
6a217e5b8267300cb074e958,128.0,1,False,2026-06-04 20:59:36.601,0.0,299990.0,0,4.0
6a217e5b8267300cb074e962,256.0,1,False,2026-06-04 20:59:36.601,0.0,189990.0,0,8.0
6a217e5b8267300cb074e96a,512.0,1,False,2026-06-04 20:59:36.601,0.0,543990.0,0,8.0
6a217e5b8267300cb074e877,1024.0,0,False,2026-06-04 20:59:36.601,8.0,2250877.0,1,32.0
6a217e5b8267300cb074e879,1024.0,0,False,2026-06-04 20:59:36.602,8.0,2720943.0,1,32.0
6a217e5b8267300cb074e87a,1024.0,1,False,2026-06-04 20:59:36.602,8.0,2250877.0,1,16.0
6a217e5b8267300cb074e87e,256.0,1,False,2026-06-04 20:59:36.602,12.0,699990.0,0,8.0
6a217e5b8267300cb074e880,1024.0,0,False,2026-06-04 20:59:36.602,0.0,1941990.0,1,32.0
6a217e5b8267300cb074e884,512.0,1,False,2026-06-04 20:59:36.602,0.0,649990.0,0,16.0
6a217e5b8267300cb074e885,512.0,1,False,2026-06-04 20:59:36.602,0.0,736990.0,0,8.0
6a217e5b8267300cb074e889,512.0,1,False,2026-06-04 20:59:36.602,0.0,1323190.0,4,16.0
6a217e5b8267300cb074e88a,1024.0,0,False,2026-06-04 20:59:36.602,0.0,1599990.0,1,32.0
6a217e5b8267300cb074e88b,1024.0,1,False,2026-06-04 20:59:36.602,0.0,649990.0,4,16.0
6a217e5b8267300cb074e891,1024.0,0,False,2026-06-04 20:59:36.602,0.0,1954990.0,1,32.0
6a217e5b8267300cb074e894,512.0,1,False,2026-06-04 20:59:36.602,0.0,584990.0,0,8.0
6a217e5b8267300cb074e896,1024.0,1,False,2026-06-04 20:59:36.602,0.0,1799990.0,1,16.0
6a217e5b8267300cb074e8a7,512.0,1,False,2026-06-04 20:59:36.602,0.0,499900.0,0,8.0
6a217e5b8267300cb074e8a8,256.0,1,False,2026-06-04 20:59:36.602,0.0,549990.0,0,16.0
6a217e5b8267300cb074e8ab,1024.0,0,False,2026-06-04 20:59:36.602,0.0,1994990.0,1,32.0
6a217e5b8267300cb074e8ac,1024.0,0,False,2026-06-04 20:59:36.602,0.0,2069990.0,1,32.0
6a217e5b8267300cb074e8ae,1024.0,1,False,2026-06-04 20:59:36.602,0.0,669990.0,4,16.0
6a217e5b8267300cb074e8b3,1024.0,0,False,2026-06-04 20:59:36.602,0.0,2069990.0,1,32.0
6a217e5b8267300cb074e8b4,1024.0,1,False,2026-06-04 20:59:36.602,0.0,611990.0,4,8.0
6a217e5b8267300cb074e8b7,1024.0,0,False,2026-06-04 20:59:36.602,0.0,1149990.0,1,32.0
6a217e5b8267300cb074e8be,1024.0,0,False,2026-06-04 20:59:36.603,0.0,2583928.0,1,32.0
6a217e5b8267300cb074e8c0,512.0,1,False,2026-06-04 20:59:36.603,0.0,989990.0,0,8.0
6a217e5b8267300cb074e8c3,512.0,1,False,2026-06-04 20:59:36.603,0.0,889990.0,0,16.0
6a217e5b8267300cb074e8ca,512.0,2,False,2026-06-04 20:59:36.603,0.0,2099990.0,1,32.0
6a217e5b8267300cb074e8ce,256.0,1,False,2026-06-04 20:59:36.603,0.0,439990.0,0,8.0
6a217e5b8267300cb074e8d8,512.0,1,False,2026-06-04 20:59:36.603,0.0,538990.0,0,16.0
6a217e5b8267300cb074e8df,1024.0,1,False,2026-06-04 20:59:36.603,0.0,749990.0,4,16.0
6a217e5b8267300cb074e8e3,512.0,4,False,2026-06-04 20:59:36.603,0.0,2946990.0,1,16.0
6a217e5b8267300cb074e8e7,1024.0,0,False,2026-06-04 20:59:36.603,0.0,1994990.0,1,32.0
6a217e5b8267300cb074e8ec,256.0,1,False,2026-06-04 20:59:36.603,0.0,583990.0,0,8.0
6a217e5b8267300cb074e8fc,1024.0,0,False,2026-06-04 20:59:36.603,0.0,1199990.0,1,32.0
6a217e5b8267300cb074e8fe,1024.0,0,False,2026-06-04 20:59:36.603,0.0,1994990.0,1,32.0
6a217e5b8267300cb074e903,1024.0,0,False,2026-06-04 20:59:36.603,0.0,2259990.0,1,32.0
6a217e5b8267300cb074e906,1024.0,0,False,2026-06-04 20:59:36.603,0.0,1799990.0,1,32.0
6a217e5b8267300cb074e907,256.0,1,False,2026-06-04 20:59:36.603,0.0,689990.0,0,8.0
6a217e5b8267300cb074e909,128.0,1,False,2026-06-04 20:59:36.603,0.0,559743.0,0,16.0
6a217e5b8267300cb074e912,1024.0,1,False,2026-06-04 20:59:36.603,0.0,1166990.0,4,16.0
6a217e5b8267300cb074e916,1024.0,1,False,2026-06-04 20:59:36.604,0.0,999990.0,4,16.0
6a217e5b8267300cb074e919,1024.0,1,False,2026-06-04 20:59:36.604,0.0,582990.0,4,4.0
6a217e5b8267300cb074e91f,512.0,1,False,2026-06-04 20:59:36.604,0.0,1056990.0,0,8.0
6a217e5b8267300cb074e924,512.0,1,False,2026-06-04 20:59:36.604,0.0,719990.0,0,8.0
6a217e5b8267300cb074e92f,256.0,1,False,2026-06-04 20:59:36.604,0.0,289990.0,0,8.0
6a217e5b8267300cb074e932,1024.0,1,False,2026-06-04 20:59:36.604,0.0,1189990.0,4,16.0
6a217e5b8267300cb074e937,512.0,1,False,2026-06-04 20:59:36.604,0.0,847990.0,0,16.0
6a217e5b8267300cb074e93d,1024.0,0,False,2026-06-04 20:59:36.604,0.0,2559990.0,1,32.0
6a217e5b8267300cb074e93f,1024.0,1,False,2026-06-04 20:59:36.604,0.0,637990.0,4,8.0
6a217e5b8267300cb074e941,512.0,1,False,2026-06-04 20:59:36.604,0.0,1377990.0,4,16.0
6a217e5b8267300cb074e942,512.0,1,False,2026-06-04 20:59:36.604,0.0,855990.0,0,16.0
6a217e5b8267300cb074e94a,512.0,1,False,2026-06-04 20:59:36.604,0.0,629990.0,0,16.0
6a217e5b8267300cb074e94f,1024.0,1,False,2026-06-04 20:59:36.604,0.0,2169990.0,1,16.0
6a217e5b8267300cb074e957,1024.0,1,False,2026-06-04 20:59:36.604,0.0,299990.0,0,4.0
6a217e5b8267300cb074e95b,256.0,1,False,2026-06-04 20:59:36.604,0.0,528990.0,0,8.0
6a217e5b8267300cb074e95f,1024.0,1,False,2026-06-04 20:59:36.605,0.0,2207990.0,1,16.0
6a217e5b8267300cb074e961,1024.0,1,False,2026-06-04 20:59:36.605,0.0,669990.0,4,16.0
6a217e5b8267300cb074e963,128.0,1,False,2026-06-04 20:59:36.605,0.0,1199990.0,0,4.0
6a217e5b8267300cb074e964,512.0,1,False,2026-06-04 20:59:36.605,0.0,859990.0,0,16.0
6a217e5b8267300cb074e971,1024.0,1,False,2026-06-04 20:59:36.605,0.0,1364990.0,4,16.0
6a217e5b8267300cb074e972,256.0,1,False,2026-06-04 20:59:36.605,0.0,583990.0,0,8.0
6a217e5b8267300cb074e97e,512.0,1,False,2026-06-04 20:59:36.605,0.0,1399990.0,4,16.0
6a217e5b8267300cb074e97f,512.0,1,False,2026-06-04 20:59:36.605,0.0,559990.0,0,8.0
6a217e5b8267300cb074e982,1024.0,0,False,2026-06-04 20:59:36.605,0.0,1428990.0,1,32.0
6a217e5b8267300cb074e984,64.0,1,False,2026-06-04 20:59:36.605,0.0,249990.0,0,4.0
6a217e5b8267300cb074e986,1024.0,1,False,2026-06-04 20:59:36.605,0.0,529990.0,4,16.0
6a217e5b8267300cb074e96c,512.0,1,False,2026-06-04 20:59:36.605,0.0,679990.0,0,8.0
6a217e5b8267300cb074e978,256.0,1,False,2026-06-04 20:59:36.605,0.0,329990.0,0,12.0
6a217e5b8267300cb074e983,1024.0,-1,True,2026-06-04 20:59:36.605,0.0,2741910.0,3,64.0
6a217e5b8267300cb074e987,512.0,1,False,2026-06-04 20:59:36.605,0.0,757990.0,0,8.0
6a217e5b8267300cb074e996,512.0,1,False,2026-06-04 20:59:36.605,0.0,799990.0,4,24.0
6a217e5b8267300cb074e99d,256.0,1,False,2026-06-04 20:59:36.605,0.0,269990.0,0,8.0
6a217e5b8267300cb074e9a8,512.0,1,False,2026-06-04 20:59:36.605,0.0,1129990.0,4,16.0
6a217e5b8267300cb074e9aa,512.0,1,False,2026-06-04 20:59:36.606,0.0,999990.0,0,8.0
6a217e5b8267300cb074e9af,1024.0,1,False,2026-06-04 20:59:36.606,0.0,2501990.0,1,16.0
6a217e5b8267300cb074e9b3,512.0,1,False,2026-06-04 20:59:36.606,0.0,889990.0,0,16.0
6a217e5b8267300cb074e9b7,1024.0,1,False,2026-06-04 20:59:36.606,0.0,669990.0,4,16.0
6a217e5b8267300cb074e9ba,1024.0,1,False,2026-06-04 20:59:36.606,0.0,2895990.0,1,16.0
6a217e5b8267300cb074e9c4,512.0,1,False,2026-06-04 20:59:36.606,0.0,429990.0,0,8.0
6a217e5b8267300cb074e9c5,1024.0,1,False,2026-06-04 20:59:36.606,0.0,869990.0,4,16.0
6a217e5b8267300cb074e9c6,1024.0,0,False,2026-06-04 20:59:36.606,0.0,1774144.0,1,32.0
6a217e5b8267300cb074e9c8,1024.0,1,False,2026-06-04 20:59:36.606,0.0,1881990.0,1,16.0
6a217e5b8267300cb074e9d3,512.0,1,False,2026-06-04 20:59:36.606,0.0,819990.0,0,16.0
6a217e5b8267300cb074e9d6,256.0,1,False,2026-06-04 20:59:36.606,0.0,389728.0,0,8.0
6a217e5b8267300cb074e9e1,512.0,1,False,2026-06-04 20:59:36.606,0.0,784990.0,0,8.0
6a217e5b8267300cb074e9e7,1024.0,0,False,2026-06-04 20:59:36.606,0.0,999990.0,1,32.0
6a217e5b8267300cb074e9e8,512.0,1,False,2026-06-04 20:59:36.607,0.0,1015429.0,4,16.0
6a217e5b8267300cb074e9ef,256.0,1,False,2026-06-04 20:59:36.607,0.0,583990.0,0,8.0
6a217e5b8267300cb074e9f4,1024.0,0,False,2026-06-04 20:59:36.607,0.0,1994990.0,1,32.0
6a217e5b8267300cb074e9f5,512.0,1,False,2026-06-04 20:59:36.607,0.0,1029990.0,4,16.0
6a217e5b8267300cb074e9fa,512.0,1,False,2026-06-04 20:59:36.607,0.0,715990.0,0,16.0
6a217e5b8267300cb074ea15,512.0,1,False,2026-06-04 20:59:36.607,0.0,819990.0,0,16.0
6a217e5b8267300cb074ea29,1024.0,1,False,2026-06-04 20:59:36.607,0.0,1699990.0,1,16.0
6a217e5b8267300cb074ea31,512.0,1,False,2026-06-04 20:59:36.607,0.0,499990.0,0,8.0
6a217e5b8267300cb074ea39,512.0,1,False,2026-06-04 20:59:36.607,0.0,649990.0,0,16.0
6a217e5b8267300cb074ea3e,512.0,1,False,2026-06-04 20:59:36.607,0.0,599990.0,0,16.0
6a217e5b8267300cb074ea41,512.0,1,False,2026-06-04 20:59:36.607,0.0,690000.0,0,16.0
6a217e5b8267300cb074ea48,512.0,1,False,2026-06-04 20:59:36.607,0.0,875990.0,0,16.0
6a217e5b8267300cb074ea4b,1024.0,1,False,2026-06-04 20:59:36.607,0.0,1429757.0,4,16.0
6a217e5b8267300cb074ea4e,512.0,1,False,2026-06-04 20:59:36.607,0.0,1476990.0,4,16.0
6a217e5b8267300cb074ea51,512.0,1,False,2026-06-04 20:59:36.607,0.0,614990.0,0,8.0
6a217e5b8267300cb074ea52,1024.0,0,False,2026-06-04 20:59:36.607,0.0,2100990.0,1,32.0
6a217e5b8267300cb074ea56,1024.0,1,False,2026-06-04 20:59:36.607,0.0,1829990.0,1,16.0
6a217e5b8267300cb074ea57,1024.0,1,False,2026-06-04 20:59:36.607,0.0,1529990.0,4,16.0
6a217e5b8267300cb074ea5a,512.0,1,False,2026-06-04 20:59:36.607,0.0,385478.0,0,8.0
6a217e5b8267300cb074ea5f,1024.0,1,False,2026-06-04 20:59:36.607,0.0,2080990.0,1,16.0
6a217e5b8267300cb074ea60,512.0,1,False,2026-06-04 20:59:36.608,0.0,883800.0,0,16.0
6a217e5b8267300cb074ea63,1024.0,1,False,2026-06-04 20:59:36.608,0.0,919990.0,4,16.0
6a217e5b8267300cb074ea69,1024.0,0,False,2026-06-04 20:59:36.608,0.0,959990.0,1,32.0
6a217e5b8267300cb074ea6b,1024.0,0,False,2026-06-04 20:59:36.608,0.0,1625998.0,1,32.0
6a217e5b8267300cb074e989,512.0,1,False,2026-06-04 20:59:36.608,0.0,771990.0,0,8.0
6a217e5b8267300cb074e98b,512.0,1,False,2026-06-04 20:59:36.608,0.0,1106990.0,4,16.0
6a217e5b8267300cb074e991,512.0,1,False,2026-06-04 20:59:36.608,0.0,1579990.0,4,16.0
6a217e5b8267300cb074e992,1024.0,0,False,2026-06-04 20:59:36.608,0.0,2178990.0,1,32.0
6a217e5b8267300cb074e993,1024.0,0,False,2026-06-04 20:59:36.608,0.0,2945990.0,1,32.0
6a217e5b8267300cb074e994,512.0,1,False,2026-06-04 20:59:36.609,0.0,989990.0,0,8.0
6a217e5b8267300cb074e997,512.0,1,False,2026-06-04 20:59:36.609,0.0,799990.0,0,16.0
6a217e5b8267300cb074e998,1024.0,1,False,2026-06-04 20:59:36.609,0.0,809910.0,4,16.0
6a217e5b8267300cb074e999,512.0,1,False,2026-06-04 20:59:36.609,0.0,1029990.0,4,16.0
6a217e5b8267300cb074e99a,512.0,1,False,2026-06-04 20:59:36.609,0.0,509990.0,0,8.0
6a217e5b8267300cb074e9a7,256.0,1,False,2026-06-04 20:59:36.609,0.0,299990.0,0,8.0
6a217e5b8267300cb074e9b1,1024.0,0,False,2026-06-04 20:59:36.610,0.0,1599990.0,1,32.0
6a217e5b8267300cb074e9b5,512.0,1,False,2026-06-04 20:59:36.610,0.0,849990.0,0,8.0
6a217e5b8267300cb074e9c9,512.0,1,False,2026-06-04 20:59:36.610,0.0,659990.0,0,8.0
6a217e5b8267300cb074e9ca,512.0,1,False,2026-06-04 20:59:36.610,0.0,815294.0,0,8.0
6a217e5b8267300cb074e9cb,512.0,1,False,2026-06-04 20:59:36.610,0.0,667990.0,0,16.0
6a217e5b8267300cb074e9d1,512.0,1,False,2026-06-04 20:59:36.610,0.0,1414990.0,4,16.0
6a217e5b8267300cb074e9d7,256.0,1,False,2026-06-04 20:59:36.610,0.0,1137990.0,0,8.0
6a217e5b8267300cb074e9db,1024.0,0,False,2026-06-04 20:59:36.610,0.0,1885108.0,1,32.0
6a217e5b8267300cb074e9dc,512.0,1,False,2026-06-04 20:59:36.610,0.0,469990.0,0,8.0
6a217e5b8267300cb074e9de,512.0,1,False,2026-06-04 20:59:36.610,0.0,1025990.0,4,16.0
6a217e5b8267300cb074e9df,512.0,1,False,2026-06-04 20:59:36.610,0.0,1322990.0,4,16.0
6a217e5b8267300cb074e9e5,512.0,1,False,2026-06-04 20:59:36.610,0.0,1129990.0,4,16.0
6a217e5b8267300cb074e9e6,512.0,1,False,2026-06-04 20:59:36.611,0.0,899990.0,0,16.0
6a217e5b8267300cb074e9e9,1024.0,0,False,2026-06-04 20:59:36.611,0.0,2559990.0,1,32.0
6a217e5b8267300cb074e9f2,512.0,1,False,2026-06-04 20:59:36.611,0.0,715990.0,0,16.0
6a217e5b8267300cb074e9f6,512.0,1,False,2026-06-04 20:59:36.611,0.0,769990.0,0,16.0
6a217e5b8267300cb074e9f7,1024.0,1,False,2026-06-04 20:59:36.611,0.0,1940990.0,1,16.0
6a217e5b8267300cb074ea00,256.0,1,False,2026-06-04 20:59:36.611,0.0,449990.0,0,8.0
6a217e5b8267300cb074ea01,500.0,1,False,2026-06-04 20:59:36.611,0.0,305990.0,0,4.0
6a217e5b8267300cb074ea04,512.0,1,False,2026-06-04 20:59:36.611,0.0,469990.0,0,8.0
6a217e5b8267300cb074ea06,1024.0,1,False,2026-06-04 20:59:36.611,0.0,2623990.0,1,16.0
6a217e5b8267300cb074ea07,1024.0,0,False,2026-06-04 20:59:36.611,0.0,3099990.0,1,32.0
6a217e5b8267300cb074ea09,512.0,1,False,2026-06-04 20:59:36.611,0.0,1174990.0,0,8.0
6a217e5b8267300cb074ea0b,1024.0,0,False,2026-06-04 20:59:36.611,0.0,2069990.0,1,32.0
6a217e5b8267300cb074ea0e,512.0,1,False,2026-06-04 20:59:36.611,0.0,515990.0,0,8.0
6a217e5b8267300cb074ea12,512.0,1,False,2026-06-04 20:59:36.611,0.0,1160990.0,4,16.0
6a217e5b8267300cb074ea1b,1024.0,0,False,2026-06-04 20:59:36.611,0.0,3149990.0,1,32.0
6a217e5b8267300cb074ea20,2048.0,3,False,2026-06-04 20:59:36.611,0.0,3948990.0,2,32.0
6a217e5b8267300cb074ea25,512.0,1,False,2026-06-04 20:59:36.611,0.0,899990.0,0,16.0
6a217e5b8267300cb074ea26,1024.0,1,False,2026-06-04 20:59:36.611,0.0,399990.0,4,16.0
6a217e5b8267300cb074ea2b,512.0,1,False,2026-06-04 20:59:36.612,0.0,399990.0,0,8.0
6a217e5b8267300cb074ea2c,512.0,1,False,2026-06-04 20:59:36.612,0.0,1099990.0,4,16.0
6a217e5b8267300cb074ea34,512.0,1,False,2026-06-04 20:59:36.612,0.0,469990.0,0,16.0
6a217e5b8267300cb074ea37,1024.0,0,False,2026-06-04 20:59:36.612,0.0,1493426.0,1,32.0
6a217e5b8267300cb074ea3f,512.0,1,False,2026-06-04 20:59:36.612,0.0,901990.0,0,16.0
6a217e5b8267300cb074ea46,1024.0,1,False,2026-06-04 20:59:36.612,0.0,1379990.0,4,16.0
6a217e5b8267300cb074ea53,512.0,1,False,2026-06-04 20:59:36.612,0.0,599990.0,0,8.0
6a217e5b8267300cb074ea5d,1024.0,1,False,2026-06-04 20:59:36.612,0.0,1149990.0,4,16.0
6a217e5b8267300cb074ea62,1024.0,0,False,2026-06-04 20:59:36.612,0.0,2262990.0,1,32.0
6a217e5b8267300cb074e871,512.0,1,False,2026-06-04 20:59:36.613,8.0,1632210.0,4,16.0
6a217e5b8267300cb074e872,512.0,1,False,2026-06-04 20:59:36.613,8.0,1632210.0,4,16.0
6a217e5b8267300cb074e876,1024.0,0,False,2026-06-04 20:59:36.613,8.0,2720943.0,1,32.0
6a217e5b8267300cb074e881,512.0,1,False,2026-06-04 20:59:36.613,0.0,599990.0,0,16.0
6a217e5b8267300cb074e883,256.0,1,False,2026-06-04 20:59:36.613,0.0,1300990.0,0,8.0
6a217e5b8267300cb074e888,1024.0,0,False,2026-06-04 20:59:36.613,0.0,2134990.0,1,32.0
6a217e5b8267300cb074e88c,512.0,1,False,2026-06-04 20:59:36.613,0.0,1096990.0,4,16.0
6a217e5b8267300cb074e88d,1024.0,0,False,2026-06-04 20:59:36.613,0.0,2599990.0,1,32.0
6a217e5b8267300cb074e892,1024.0,1,False,2026-06-04 20:59:36.613,0.0,669990.0,4,16.0
6a217e5b8267300cb074e898,256.0,1,False,2026-06-04 20:59:36.613,0.0,583990.0,0,8.0
6a217e5b8267300cb074e89a,512.0,1,False,2026-06-04 20:59:36.613,0.0,879990.0,0,16.0
6a217e5b8267300cb074e89c,512.0,1,False,2026-06-04 20:59:36.613,0.0,1159990.0,0,8.0
6a217e5b8267300cb074e8a0,512.0,1,False,2026-06-04 20:59:36.613,0.0,1041990.0,0,8.0
6a217e5b8267300cb074e8a3,256.0,1,False,2026-06-04 20:59:36.613,0.0,799990.0,0,8.0
6a217e5b8267300cb074e8a4,512.0,1,False,2026-06-04 20:59:36.613,0.0,745990.0,0,16.0
6a217e5b8267300cb074e8aa,512.0,1,False,2026-06-04 20:59:36.613,0.0,959990.0,0,8.0
6a217e5b8267300cb074e8b0,512.0,1,False,2026-06-04 20:59:36.614,0.0,599990.0,0,16.0
6a217e5b8267300cb074e8bf,1024.0,1,False,2026-06-04 20:59:36.614,0.0,1089990.0,4,16.0
6a217e5b8267300cb074e8c1,512.0,1,False,2026-06-04 20:59:36.614,0.0,499990.0,0,16.0
6a217e5b8267300cb074e8c2,512.0,1,False,2026-06-04 20:59:36.614,0.0,803990.0,0,16.0
6a217e5b8267300cb074e8c5,512.0,1,False,2026-06-04 20:59:36.614,0.0,749990.0,0,16.0
6a217e5b8267300cb074e8cb,512.0,1,False,2026-06-04 20:59:36.614,0.0,439990.0,0,8.0
6a217e5b8267300cb074e8cd,128.0,1,False,2026-06-04 20:59:36.614,0.0,249990.0,0,4.0
6a217e5b8267300cb074e8d3,1024.0,1,False,2026-06-04 20:59:36.614,0.0,669990.0,4,16.0
6a217e5b8267300cb074e8d7,512.0,1,False,2026-06-04 20:59:36.614,0.0,1029990.0,4,16.0
6a217e5b8267300cb074e8db,1024.0,1,False,2026-06-04 20:59:36.614,0.0,1319990.0,4,16.0
6a217e5b8267300cb074e8dc,512.0,2,False,2026-06-04 20:59:36.614,0.0,1499990.0,4,32.0
6a217e5b8267300cb074e8e0,512.0,1,False,2026-06-04 20:59:36.614,0.0,689990.0,0,16.0
6a217e5b8267300cb074e8e1,512.0,1,False,2026-06-04 20:59:36.614,0.0,1081990.0,4,16.0
6a217e5b8267300cb074e8e8,512.0,1,False,2026-06-04 20:59:36.614,0.0,548990.0,0,16.0
6a217e5b8267300cb074e8ee,1024.0,1,False,2026-06-04 20:59:36.614,0.0,1699990.0,1,16.0
6a217e5b8267300cb074e8f0,512.0,1,False,2026-06-04 20:59:36.614,0.0,671990.0,0,8.0
6a217e5b8267300cb074e8f1,512.0,1,False,2026-06-04 20:59:36.614,0.0,369990.0,0,16.0
6a217e5b8267300cb074e8f2,512.0,1,False,2026-06-04 20:59:36.614,0.0,1943990.0,4,16.0
6a217e5b8267300cb074e8f4,1024.0,0,False,2026-06-04 20:59:36.615,0.0,1395990.0,1,32.0
6a217e5b8267300cb074e8fd,1024.0,0,False,2026-06-04 20:59:36.615,0.0,1994990.0,1,32.0
6a217e5b8267300cb074e8ff,512.0,1,False,2026-06-04 20:59:36.615,0.0,439990.0,0,8.0
6a217e5b8267300cb074e908,256.0,1,False,2026-06-04 20:59:36.615,0.0,583990.0,0,8.0
6a217e5b8267300cb074e90b,256.0,1,False,2026-06-04 20:59:36.615,0.0,477990.0,0,8.0
6a217e5b8267300cb074e90d,512.0,1,False,2026-06-04 20:59:36.615,0.0,1049990.0,4,16.0
6a217e5b8267300cb074e90f,256.0,1,False,2026-06-04 20:59:36.615,0.0,583990.0,0,8.0
6a217e5b8267300cb074e914,512.0,1,False,2026-06-04 20:59:36.615,0.0,879990.0,0,8.0
6a217e5b8267300cb074e915,512.0,1,False,2026-06-04 20:59:36.615,0.0,549990.0,0,8.0
6a217e5b8267300cb074e91a,512.0,1,False,2026-06-04 20:59:36.615,0.0,729900.0,0,16.0
6a217e5b8267300cb074e91d,2048.0,-1,True,2026-06-04 20:59:36.615,0.0,6932990.0,2,64.0
6a217e5b8267300cb074e920,2048.0,5,False,2026-06-04 20:59:36.615,0.0,2799990.0,2,32.0
6a217e5b8267300cb074e922,512.0,1,False,2026-06-04 20:59:36.615,0.0,818192.0,0,16.0
6a217e5b8267300cb074e925,256.0,1,False,2026-06-04 20:59:36.615,0.0,327802.0,0,16.0
6a217e5b8267300cb074e928,1024.0,1,False,2026-06-04 20:59:36.615,0.0,1454990.0,4,16.0
6a217e5b8267300cb074e929,256.0,1,False,2026-06-04 20:59:36.615,0.0,249990.0,0,8.0
6a217e5b8267300cb074e92a,512.0,1,False,2026-06-04 20:59:36.615,0.0,1081990.0,4,16.0
6a217e5b8267300cb074e92b,1024.0,1,False,2026-06-04 20:59:36.615,0.0,669990.0,4,16.0
6a217e5b8267300cb074e92d,256.0,1,False,2026-06-04 20:59:36.616,0.0,1632210.0,0,8.0
6a217e5b8267300cb074e931,512.0,1,False,2026-06-04 20:59:36.616,0.0,623200.0,0,16.0
6a217e5b8267300cb074e934,1024.0,1,False,2026-06-04 20:59:36.616,0.0,899990.0,4,8.0
6a217e5b8267300cb074e935,256.0,1,False,2026-06-04 20:59:36.616,0.0,479990.0,0,8.0
6a217e5b8267300cb074e94e,256.0,1,False,2026-06-04 20:59:36.616,0.0,426063.0,0,8.0
6a217e5b8267300cb074e950,512.0,1,False,2026-06-04 20:59:36.616,0.0,1049990.0,4,16.0
6a217e5b8267300cb074e951,512.0,1,False,2026-06-04 20:59:36.616,0.0,867990.0,0,8.0
6a217e5b8267300cb074e952,512.0,1,False,2026-06-04 20:59:36.616,0.0,860990.0,0,16.0
6a217e5b8267300cb074e953,512.0,1,False,2026-06-04 20:59:36.616,0.0,687782.0,0,16.0
6a217e5b8267300cb074e959,1024.0,1,False,2026-06-04 20:59:36.616,0.0,1599990.0,1,16.0
6a217e5b8267300cb074e95d,256.0,1,False,2026-06-04 20:59:36.616,0.0,279835.0,0,16.0
6a217e5b8267300cb074e960,1024.0,1,False,2026-06-04 20:59:36.616,0.0,669990.0,4,16.0
6a217e5b8267300cb074e873,1024.0,0,False,2026-06-04 20:59:36.616,8.0,2280113.0,1,32.0
6a217e5b8267300cb074e875,1024.0,0,False,2026-06-04 20:59:36.616,8.0,2280113.0,1,32.0
6a217e5b8267300cb074e878,1024.0,0,False,2026-06-04 20:59:36.616,8.0,2280113.0,1,32.0
6a217e5b8267300cb074e87d,512.0,1,False,2026-06-04 20:59:36.616,12.0,370000.0,0,8.0
6a217e5b8267300cb074e887,1024.0,2,False,2026-06-04 20:59:36.616,0.0,1499990.0,1,24.0
6a217e5b8267300cb074e88e,1024.0,2,False,2026-06-04 20:59:36.616,0.0,1999990.0,1,24.0
6a217e5b8267300cb074e893,512.0,1,False,2026-06-04 20:59:36.616,0.0,399874.0,0,8.0
6a217e5b8267300cb074e897,512.0,1,False,2026-06-04 20:59:36.616,0.0,658990.0,0,16.0
6a217e5b8267300cb074e89d,512.0,1,False,2026-06-04 20:59:36.616,0.0,599990.0,0,8.0
6a217e5b8267300cb074e89e,512.0,1,False,2026-06-04 20:59:36.616,0.0,476013.0,0,8.0
6a217e5b8267300cb074e89f,256.0,1,False,2026-06-04 20:59:36.616,0.0,764990.0,0,8.0
6a217e5b8267300cb074e8a9,512.0,2,False,2026-06-04 20:59:36.617,0.0,1965530.0,1,32.0
6a217e5b8267300cb074e8af,512.0,1,False,2026-06-04 20:59:36.617,0.0,449312.0,0,16.0
6a217e5b8267300cb074e8b1,1024.0,1,False,2026-06-04 20:59:36.617,0.0,699990.0,4,16.0
6a217e5b8267300cb074e8b6,512.0,1,False,2026-06-04 20:59:36.617,0.0,843990.0,0,16.0
6a217e5b8267300cb074e8ba,1024.0,0,False,2026-06-04 20:59:36.617,0.0,1700990.0,1,32.0
6a217e5b8267300cb074e8bc,2048.0,3,False,2026-06-04 20:59:36.617,0.0,3963990.0,2,32.0
6a217e5b8267300cb074e8bd,1024.0,0,False,2026-06-04 20:59:36.617,0.0,1994990.0,1,32.0
6a217e5b8267300cb074e8c4,512.0,1,False,2026-06-04 20:59:36.617,0.0,986990.0,4,16.0
6a217e5b8267300cb074e8cf,1024.0,1,False,2026-06-04 20:59:36.617,0.0,1014990.0,4,16.0
6a217e5b8267300cb074e8d2,256.0,1,False,2026-06-04 20:59:36.617,0.0,583990.0,0,8.0
6a217e5b8267300cb074e8d4,512.0,1,False,2026-06-04 20:59:36.617,0.0,819990.0,0,16.0
6a217e5b8267300cb074e8d6,512.0,1,False,2026-06-04 20:59:36.617,0.0,1081990.0,4,16.0
6a217e5b8267300cb074e8de,512.0,1,False,2026-06-04 20:59:36.617,0.0,699990.0,0,8.0
6a217e5b8267300cb074e8e2,512.0,1,False,2026-06-04 20:59:36.617,0.0,769990.0,0,16.0
6a217e5b8267300cb074e8e6,512.0,1,False,2026-06-04 20:59:36.617,0.0,699990.0,0,16.0
6a217e5b8267300cb074e8ea,1024.0,1,False,2026-06-04 20:59:36.618,0.0,669990.0,4,16.0
6a217e5b8267300cb074e8eb,1024.0,1,False,2026-06-04 20:59:36.618,0.0,1799990.0,1,16.0
6a217e5b8267300cb074e8ed,512.0,1,False,2026-06-04 20:59:36.618,0.0,1081990.0,4,16.0
6a217e5b8267300cb074e8f5,1024.0,0,False,2026-06-04 20:59:36.618,0.0,2069990.0,1,32.0
6a217e5b8267300cb074e8f6,512.0,1,False,2026-06-04 20:59:36.618,0.0,1129990.0,0,8.0
6a217e5b8267300cb074e8f7,1024.0,0,False,2026-06-04 20:59:36.618,0.0,1999990.0,1,32.0
6a217e5b8267300cb074e8f8,512.0,1,False,2026-06-04 20:59:36.618,0.0,586990.0,0,8.0
6a217e5b8267300cb074e8f9,256.0,1,False,2026-06-04 20:59:36.618,0.0,367990.0,0,8.0
6a217e5b8267300cb074e8fb,512.0,1,False,2026-06-04 20:59:36.618,0.0,409990.0,0,8.0
6a217e5b8267300cb074e900,512.0,1,False,2026-06-04 20:59:36.618,0.0,642656.0,0,8.0
6a217e5b8267300cb074e901,512.0,1,False,2026-06-04 20:59:36.618,0.0,994990.0,4,24.0
6a217e5b8267300cb074e902,1024.0,1,False,2026-06-04 20:59:36.618,0.0,669990.0,4,16.0
6a217e5b8267300cb074e904,512.0,1,False,2026-06-04 20:59:36.618,0.0,499990.0,0,8.0
6a217e5b8267300cb074e90a,512.0,2,False,2026-06-04 20:59:36.618,0.0,674910.0,4,32.0
6a217e5b8267300cb074e90c,1024.0,0,False,2026-06-04 20:59:36.618,0.0,2599990.0,1,32.0
6a217e5b8267300cb074e917,32.0,1,False,2026-06-04 20:59:36.618,0.0,1489990.0,0,8.0
6a217e5b8267300cb074e91b,512.0,1,False,2026-06-04 20:59:36.618,0.0,825990.0,0,16.0
6a217e5b8267300cb074e91c,512.0,1,False,2026-06-04 20:59:36.618,0.0,1394990.0,4,16.0
6a217e5b8267300cb074e923,512.0,1,False,2026-06-04 20:59:36.619,0.0,1129990.0,4,16.0
6a217e5b8267300cb074e927,512.0,1,False,2026-06-04 20:59:36.619,0.0,1081990.0,4,16.0
6a217e5b8267300cb074e92c,1024.0,0,False,2026-06-04 20:59:36.619,0.0,2112410.0,1,32.0
6a217e5b8267300cb074e933,1024.0,0,False,2026-06-04 20:59:36.619,0.0,2599990.0,1,32.0
6a217e5b8267300cb074e93a,512.0,1,False,2026-06-04 20:59:36.619,0.0,529990.0,0,8.0
6a217e5b8267300cb074e93b,1024.0,1,False,2026-06-04 20:59:36.619,0.0,889874.0,4,16.0
6a217e5b8267300cb074e93e,512.0,1,False,2026-06-04 20:59:36.619,0.0,469990.0,0,8.0
6a217e5b8267300cb074e940,1024.0,1,False,2026-06-04 20:59:36.619,0.0,769900.0,4,16.0
6a217e5b8267300cb074e945,512.0,1,False,2026-06-04 20:59:36.619,0.0,611990.0,0,8.0
6a217e5b8267300cb074e947,512.0,1,False,2026-06-04 20:59:36.619,0.0,529990.0,0,8.0
6a217e5b8267300cb074e948,512.0,1,False,2026-06-04 20:59:36.619,0.0,499990.0,0,8.0
6a217e5b8267300cb074e949,512.0,1,False,2026-06-04 20:59:36.619,0.0,656990.0,0,16.0
6a217e5b8267300cb074e94b,512.0,1,False,2026-06-04 20:59:36.619,0.0,499990.0,0,8.0
6a217e5b8267300cb074e95a,512.0,1,False,2026-06-04 20:59:36.619,0.0,922990.0,0,8.0
6a217e5b8267300cb074e95c,512.0,1,False,2026-06-04 20:59:36.619,0.0,1359990.0,4,16.0
6a217e5b8267300cb074e95e,256.0,1,False,2026-06-04 20:59:36.619,0.0,379990.0,0,8.0
6a217e5b8267300cb074e966,256.0,1,False,2026-06-04 20:59:36.619,0.0,290000.0,0,8.0
6a217e5b8267300cb074e968,256.0,1,False,2026-06-04 20:59:36.619,0.0,659990.0,0,8.0
6a217e5b8267300cb074e96d,512.0,1,False,2026-06-04 20:59:36.619,0.0,819990.0,0,16.0
6a217e5b8267300cb074e96e,1024.0,1,False,2026-06-04 20:59:36.619,0.0,499990.0,4,16.0
6a217e5b8267300cb074e96f,512.0,1,False,2026-06-04 20:59:36.620,0.0,699990.0,0,12.0
6a217e5b8267300cb074e970,512.0,1,False,2026-06-04 20:59:36.620,0.0,1280990.0,4,8.0
6a217e5b8267300cb074e975,256.0,1,False,2026-06-04 20:59:36.620,0.0,499900.0,0,8.0
6a217e5b8267300cb074e976,1024.0,0,False,2026-06-04 20:59:36.620,0.0,1994990.0,1,32.0
6a217e5b8267300cb074e977,512.0,1,False,2026-06-04 20:59:36.620,0.0,459990.0,0,8.0
6a217e5b8267300cb074e979,512.0,1,False,2026-06-04 20:59:36.620,0.0,1632210.0,4,16.0
6a217e5b8267300cb074e97b,512.0,1,False,2026-06-04 20:59:36.620,0.0,739990.0,0,16.0
6a217e5b8267300cb074e985,256.0,1,False,2026-06-04 20:59:36.620,0.0,524503.0,0,8.0
6a217e5b8267300cb074e988,512.0,1,False,2026-06-04 20:59:36.620,0.0,817990.0,0,8.0
6a217e5b8267300cb074e98a,1024.0,1,False,2026-06-04 20:59:36.620,0.0,1289818.0,4,16.0
6a217e5b8267300cb074e98d,512.0,1,False,2026-06-04 20:59:36.620,0.0,879990.0,0,16.0
6a217e5b8267300cb074e990,512.0,1,False,2026-06-04 20:59:36.620,0.0,1081990.0,4,16.0
6a217e5b8267300cb074e9a2,512.0,1,False,2026-06-04 20:59:36.620,0.0,409990.0,0,8.0
6a217e5b8267300cb074e9a4,512.0,1,False,2026-06-04 20:59:36.620,0.0,715990.0,0,16.0
6a217e5b8267300cb074e9a6,1024.0,1,False,2026-06-04 20:59:36.620,0.0,799990.0,4,16.0
6a217e5b8267300cb074e9a9,1024.0,1,False,2026-06-04 20:59:36.621,0.0,1559990.0,1,16.0
6a217e5b8267300cb074e9b0,256.0,1,False,2026-06-04 20:59:36.621,0.0,369990.0,0,8.0
6a217e5b8267300cb074e9b4,512.0,1,False,2026-06-04 20:59:36.621,0.0,649990.0,0,8.0
6a217e5b8267300cb074e9b6,128.0,1,False,2026-06-04 20:59:36.621,0.0,617280.0,0,4.0
6a217e5b8267300cb074e9b9,512.0,1,False,2026-06-04 20:59:36.621,0.0,1055990.0,4,16.0
6a217e5b8267300cb074e9bd,512.0,1,False,2026-06-04 20:59:36.621,0.0,561400.0,0,8.0
6a217e5b8267300cb074e9bf,512.0,1,False,2026-06-04 20:59:36.621,0.0,434990.0,0,8.0
6a217e5b8267300cb074e9c0,512.0,1,False,2026-06-04 20:59:36.621,0.0,548000.0,0,8.0
6a217e5b8267300cb074e9c3,128.0,1,False,2026-06-04 20:59:36.621,0.0,333241.0,0,4.0
6a217e5b8267300cb074e9cd,512.0,1,False,2026-06-04 20:59:36.621,0.0,715990.0,0,16.0
6a217e5b8267300cb074e9d0,128.0,1,False,2026-06-04 20:59:36.621,0.0,617280.0,0,4.0
6a217e5b8267300cb074e9ea,1024.0,-1,True,2026-06-04 20:59:36.621,0.0,3425418.0,2,64.0
6a217e5b8267300cb074e9ed,256.0,1,False,2026-06-04 20:59:36.621,0.0,583990.0,0,8.0
6a217e5b8267300cb074e9f0,512.0,1,False,2026-06-04 20:59:36.622,0.0,1299990.0,4,16.0
6a217e5b8267300cb074e9f9,1024.0,0,False,2026-06-04 20:59:36.622,0.0,1889500.0,1,32.0
6a217e5b8267300cb074e9fc,1024.0,1,False,2026-06-04 20:59:36.622,0.0,647210.0,4,16.0
6a217e5b8267300cb074e9fe,512.0,1,False,2026-06-04 20:59:36.622,0.0,579990.0,0,8.0
6a217e5b8267300cb074e9ff,1024.0,0,False,2026-06-04 20:59:36.622,0.0,1599990.0,1,32.0
6a217e5b8267300cb074ea02,512.0,1,False,2026-06-04 20:59:36.622,0.0,1897214.0,4,16.0
6a217e5b8267300cb074ea05,2048.0,-1,True,2026-06-04 20:59:36.622,0.0,4413990.0,2,32.0
6a217e5b8267300cb074ea08,128.0,1,False,2026-06-04 20:59:36.622,0.0,617280.0,0,4.0
6a217e5b8267300cb074ea0a,1024.0,1,False,2026-06-04 20:59:36.622,0.0,535490.0,4,4.0
6a217e5b8267300cb074ea0c,1024.0,0,False,2026-06-04 20:59:36.622,0.0,1099990.0,1,32.0
6a217e5b8267300cb074ea0d,512.0,1,False,2026-06-04 20:59:36.622,0.0,715990.0,0,16.0
6a217e5b8267300cb074ea13,1024.0,0,False,2026-06-04 20:59:36.622,0.0,1548800.0,1,32.0
6a217e5b8267300cb074ea18,512.0,1,False,2026-06-04 20:59:36.622,0.0,629990.0,0,8.0
6a217e5b8267300cb074ea1c,1024.0,0,False,2026-06-04 20:59:36.622,0.0,1599990.0,1,32.0
6a217e5b8267300cb074ea1e,512.0,1,False,2026-06-04 20:59:36.622,0.0,939990.0,0,8.0
6a217e5b8267300cb074ea21,512.0,1,False,2026-06-04 20:59:36.622,0.0,709990.0,0,8.0
6a217e5b8267300cb074ea23,512.0,1,False,2026-06-04 20:59:36.622,0.0,349990.0,0,8.0
6a217e5b8267300cb074ea24,256.0,1,False,2026-06-04 20:59:36.622,0.0,583990.0,0,8.0
6a217e5b8267300cb074ea28,256.0,1,False,2026-06-04 20:59:36.623,0.0,583990.0,0,8.0
6a217e5b8267300cb074ea2a,256.0,1,False,2026-06-04 20:59:36.623,0.0,287990.0,0,8.0
6a217e5b8267300cb074ea2e,512.0,1,False,2026-06-04 20:59:36.623,0.0,439990.0,0,8.0
6a217e5b8267300cb074ea30,512.0,1,False,2026-06-04 20:59:36.623,0.0,1272990.0,4,16.0
6a217e5b8267300cb074ea32,128.0,1,False,2026-06-04 20:59:36.623,0.0,488141.0,0,8.0
6a217e5b8267300cb074ea33,512.0,1,False,2026-06-04 20:59:36.623,0.0,469990.0,0,8.0
6a217e5b8267300cb074ea35,512.0,1,False,2026-06-04 20:59:36.623,0.0,1008990.0,0,8.0
6a217e5b8267300cb074ea3b,512.0,1,False,2026-06-04 20:59:36.623,0.0,818192.0,0,16.0
6a217e5b8267300cb074ea3c,1024.0,1,False,2026-06-04 20:59:36.623,0.0,799990.0,4,16.0
6a217e5b8267300cb074ea44,1024.0,0,False,2026-06-04 20:59:36.623,0.0,2418990.0,1,32.0
6a217e5b8267300cb074ea45,512.0,1,False,2026-06-04 20:59:36.623,0.0,899990.0,0,8.0
6a217e5b8267300cb074ea4a,512.0,1,False,2026-06-04 20:59:36.623,0.0,1933990.0,4,16.0
6a217e5b8267300cb074ea4c,128.0,1,False,2026-06-04 20:59:36.623,0.0,617280.0,0,4.0
6a217e5b8267300cb074ea4f,1024.0,1,False,2026-06-04 20:59:36.623,0.0,1099990.0,4,16.0
6a217e5b8267300cb074ea54,256.0,1,False,2026-06-04 20:59:36.623,0.0,583990.0,0,8.0
6a217e5b8267300cb074ea55,512.0,1,False,2026-06-04 20:59:36.623,0.0,763990.0,0,16.0
6a217e5b8267300cb074ea59,512.0,1,False,2026-06-04 20:59:36.624,0.0,1844990.0,4,16.0
6a217e5b8267300cb074ea5b,256.0,1,False,2026-06-04 20:59:36.624,0.0,299990.0,0,16.0
6a217e5b8267300cb074ea5e,512.0,1,False,2026-06-04 20:59:36.624,0.0,1110990.0,4,16.0
6a217e5b8267300cb074ea64,128.0,1,False,2026-06-04 20:59:36.624,0.0,295412.0,0,4.0
6a217e5b8267300cb074ea68,512.0,1,False,2026-06-04 20:59:36.624,0.0,799990.0,0,16.0
6a217e5b8267300cb074ea6a,1024.0,1,False,2026-06-04 20:59:36.624,0.0,1138980.0,4,16.0
6a217e5b8267300cb074ea6e,1024.0,0,False,2026-06-04 20:59:36.624,0.0,2629990.0,1,32.0
6a217e5b8267300cb074e965,1024.0,0,False,2026-06-04 20:59:36.624,0.0,1599990.0,1,32.0
6a217e5b8267300cb074e967,512.0,1,False,2026-06-04 20:59:36.624,0.0,1129990.0,4,16.0
6a217e5b8267300cb074e969,512.0,1,False,2026-06-04 20:59:36.624,0.0,529990.0,0,8.0
6a217e5b8267300cb074e96b,512.0,1,False,2026-06-04 20:59:36.624,0.0,769990.0,0,8.0
6a217e5b8267300cb074e973,1024.0,1,False,2026-06-04 20:59:36.625,0.0,1359990.0,4,16.0
6a217e5b8267300cb074e974,1024.0,1,False,2026-06-04 20:59:36.625,0.0,1089990.0,4,16.0
6a217e5b8267300cb074e97a,256.0,1,False,2026-06-04 20:59:36.625,0.0,428990.0,0,8.0
6a217e5b8267300cb074e97c,512.0,1,False,2026-06-04 20:59:36.625,0.0,589990.0,0,16.0
6a217e5b8267300cb074e97d,1024.0,1,False,2026-06-04 20:59:36.625,0.0,619990.0,4,8.0
6a217e5b8267300cb074e980,1024.0,1,False,2026-06-04 20:59:36.625,0.0,669990.0,4,16.0
6a217e5b8267300cb074e981,512.0,1,False,2026-06-04 20:59:36.625,0.0,839990.0,0,16.0
6a217e5b8267300cb074e98c,512.0,1,False,2026-06-04 20:59:36.626,0.0,1546990.0,4,16.0
6a217e5b8267300cb074e98e,512.0,1,False,2026-06-04 20:59:36.626,0.0,378837.0,0,16.0
6a217e5b8267300cb074e98f,256.0,1,False,2026-06-04 20:59:36.626,0.0,449990.0,0,8.0
6a217e5b8267300cb074e995,512.0,1,False,2026-06-04 20:59:36.626,0.0,939990.0,0,8.0
6a217e5b8267300cb074e99b,512.0,1,False,2026-06-04 20:59:36.626,0.0,413990.0,0,8.0
6a217e5b8267300cb074e99c,512.0,1,False,2026-06-04 20:59:36.626,0.0,933990.0,4,16.0
6a217e5b8267300cb074e99e,256.0,1,False,2026-06-04 20:59:36.626,0.0,559990.0,0,8.0
6a217e5b8267300cb074e99f,512.0,1,False,2026-06-04 20:59:36.626,0.0,769990.0,0,16.0
6a217e5b8267300cb074e9a0,256.0,1,False,2026-06-04 20:59:36.626,0.0,299900.0,0,16.0
6a217e5b8267300cb074e9a1,256.0,1,False,2026-06-04 20:59:36.626,0.0,519990.0,0,8.0
6a217e5b8267300cb074e9a3,512.0,1,False,2026-06-04 20:59:36.626,0.0,715990.0,0,16.0
6a217e5b8267300cb074e9a5,256.0,1,False,2026-06-04 20:59:36.626,0.0,449990.0,0,8.0
6a217e5b8267300cb074e9ab,512.0,2,False,2026-06-04 20:59:36.626,0.0,1938990.0,1,32.0
6a217e5b8267300cb074e9ac,256.0,1,False,2026-06-04 20:59:36.626,0.0,278990.0,0,8.0
6a217e5b8267300cb074e9ad,512.0,1,False,2026-06-04 20:59:36.626,0.0,1081990.0,4,16.0
6a217e5b8267300cb074e9ae,512.0,1,False,2026-06-04 20:59:36.627,0.0,383990.0,0,8.0
6a217e5b8267300cb074e9b2,256.0,1,False,2026-06-04 20:59:36.627,0.0,379990.0,0,16.0
6a217e5b8267300cb074e9b8,1024.0,1,False,2026-06-04 20:59:36.627,0.0,927350.0,4,16.0
6a217e5b8267300cb074e9bb,512.0,1,False,2026-06-04 20:59:36.627,0.0,515990.0,0,8.0
6a217e5b8267300cb074e9bc,1024.0,0,False,2026-06-04 20:59:36.627,0.0,1929990.0,1,32.0
6a217e5b8267300cb074e9be,1024.0,1,False,2026-06-04 20:59:36.627,0.0,652990.0,4,4.0
6a217e5b8267300cb074e9c1,512.0,1,False,2026-06-04 20:59:36.627,0.0,759990.0,0,8.0
6a217e5b8267300cb074e9c2,512.0,1,False,2026-06-04 20:59:36.627,0.0,1081990.0,4,16.0
6a217e5b8267300cb074e9c7,512.0,1,False,2026-06-04 20:59:36.627,0.0,579990.0,0,8.0
6a217e5b8267300cb074e9cc,1024.0,0,False,2026-06-04 20:59:36.627,0.0,1978990.0,1,32.0
6a217e5b8267300cb074e9ce,512.0,1,False,2026-06-04 20:59:36.628,0.0,419990.0,0,8.0
6a217e5b8267300cb074e9cf,256.0,1,False,2026-06-04 20:59:36.628,0.0,189900.0,0,8.0
6a217e5b8267300cb074e9d2,256.0,1,False,2026-06-04 20:59:36.628,0.0,456364.0,0,16.0
6a217e5b8267300cb074e9d4,1024.0,1,False,2026-06-04 20:59:36.628,0.0,2149990.0,1,16.0
6a217e5b8267300cb074e9d5,1024.0,1,False,2026-06-04 20:59:36.628,0.0,1808990.0,1,16.0
6a217e5b8267300cb074e9d8,128.0,1,False,2026-06-04 20:59:36.628,0.0,342994.0,0,4.0
6a217e5b8267300cb074e9d9,256.0,1,False,2026-06-04 20:59:36.628,0.0,374990.0,0,4.0
6a217e5b8267300cb074e9da,512.0,1,False,2026-06-04 20:59:36.628,0.0,1078990.0,4,16.0
6a217e5b8267300cb074e9dd,512.0,1,False,2026-06-04 20:59:36.629,0.0,1029990.0,4,16.0
6a217e5b8267300cb074e9e0,512.0,1,False,2026-06-04 20:59:36.629,0.0,1499990.0,4,16.0
6a217e5b8267300cb074e9e2,1024.0,0,False,2026-06-04 20:59:36.629,0.0,1994990.0,1,32.0
6a217e5b8267300cb074e9e3,512.0,1,False,2026-06-04 20:59:36.629,0.0,999990.0,4,16.0
6a217e5b8267300cb074e9e4,1024.0,1,False,2026-06-04 20:59:36.629,0.0,959990.0,4,16.0
6a217e5b8267300cb074e9eb,512.0,1,False,2026-06-04 20:59:36.629,0.0,1111990.0,0,8.0
6a217e5b8267300cb074e9ec,512.0,1,False,2026-06-04 20:59:36.629,0.0,802990.0,0,8.0
6a217e5b8267300cb074e9ee,1024.0,1,False,2026-06-04 20:59:36.629,0.0,1799990.0,1,16.0
6a217e5b8267300cb074e9f1,1024.0,1,False,2026-06-04 20:59:36.629,0.0,329990.0,0,8.0
6a217e5b8267300cb074e9f3,1024.0,1,False,2026-06-04 20:59:36.629,0.0,669990.0,4,16.0
6a217e5b8267300cb074e9f8,16.0,1,False,2026-06-04 20:59:36.629,0.0,1166990.0,0,8.0
6a217e5b8267300cb074e9fb,512.0,1,False,2026-06-04 20:59:36.629,0.0,735990.0,0,8.0
6a217e5b8267300cb074e9fd,500.0,1,False,2026-06-04 20:59:36.629,0.0,435891.0,0,4.0
6a217e5b8267300cb074ea03,1024.0,0,False,2026-06-04 20:59:36.630,0.0,879990.0,4,32.0
6a217e5b8267300cb074ea0f,512.0,1,False,2026-06-04 20:59:36.630,0.0,369990.0,0,16.0
6a217e5b8267300cb074ea10,512.0,1,False,2026-06-04 20:59:36.630,0.0,629990.0,0,16.0
6a217e5b8267300cb074ea11,1024.0,1,False,2026-06-04 20:59:36.630,0.0,629990.0,4,8.0
6a217e5b8267300cb074ea14,512.0,1,False,2026-06-04 20:59:36.630,0.0,749990.0,0,16.0
6a217e5b8267300cb074ea16,512.0,2,False,2026-06-04 20:59:36.630,0.0,2272990.0,1,32.0
6a217e5b8267300cb074ea17,1024.0,0,False,2026-06-04 20:59:36.630,0.0,2046951.0,1,32.0
6a217e5b8267300cb074ea19,512.0,2,False,2026-06-04 20:59:36.630,0.0,1089990.0,4,32.0
6a217e5b8267300cb074ea1a,512.0,1,False,2026-06-04 20:59:36.630,0.0,934990.0,4,16.0
6a217e5b8267300cb074ea1d,1024.0,1,False,2026-06-04 20:59:36.630,0.0,1429990.0,4,16.0
6a217e5b8267300cb074ea1f,256.0,1,False,2026-06-04 20:59:36.630,0.0,419990.0,0,8.0
6a217e5b8267300cb074ea22,512.0,1,False,2026-06-04 20:59:36.630,0.0,819990.0,0,16.0
6a217e5b8267300cb074ea27,256.0,1,False,2026-06-04 20:59:36.630,0.0,583990.0,0,8.0
6a217e5b8267300cb074ea2d,512.0,1,False,2026-06-04 20:59:36.630,0.0,649990.0,0,8.0
6a217e5b8267300cb074ea2f,512.0,2,False,2026-06-04 20:59:36.630,0.0,2530990.0,1,32.0
6a217e5b8267300cb074ea36,512.0,1,False,2026-06-04 20:59:36.630,0.0,715990.0,0,16.0
6a217e5b8267300cb074ea38,1024.0,1,False,2026-06-04 20:59:36.631,0.0,869990.0,4,16.0
6a217e5b8267300cb074ea3a,512.0,1,False,2026-06-04 20:59:36.631,0.0,639990.0,0,8.0
6a217e5b8267300cb074ea3d,512.0,1,False,2026-06-04 20:59:36.631,0.0,890990.0,0,16.0
6a217e5b8267300cb074ea40,1024.0,1,False,2026-06-04 20:59:36.631,0.0,1399990.0,4,16.0
6a217e5b8267300cb074ea42,1024.0,0,False,2026-06-04 20:59:36.631,0.0,2537990.0,1,32.0
6a217e5b8267300cb074ea43,512.0,1,False,2026-06-04 20:59:36.631,0.0,686990.0,0,16.0
6a217e5b8267300cb074ea47,512.0,1,False,2026-06-04 20:59:36.631,0.0,722990.0,0,16.0
6a217e5b8267300cb074ea49,512.0,1,False,2026-06-04 20:59:36.631,0.0,469990.0,0,8.0
6a217e5b8267300cb074ea4d,1024.0,1,False,2026-06-04 20:59:36.631,0.0,1169990.0,4,16.0
6a217e5b8267300cb074ea50,512.0,1,False,2026-06-04 20:59:36.631,0.0,719990.0,0,16.0
6a217e5b8267300cb074ea58,512.0,1,False,2026-06-04 20:59:36.631,0.0,649990.0,0,16.0
6a217e5b8267300cb074ea5c,512.0,1,False,2026-06-04 20:59:36.631,0.0,508990.0,0,16.0
6a217e5b8267300cb074ea61,1024.0,2,False,2026-06-04 20:59:36.631,0.0,1999990.0,1,24.0
6a217e5b8267300cb074ea65,512.0,1,False,2026-06-04 20:59:36.632,0.0,729900.0,0,16.0
6a217e5b8267300cb074ea66,512.0,1,False,2026-06-04 20:59:36.632,0.0,527426.0,0,8.0
6a217e5b8267300cb074ea67,1024.0,1,False,2026-06-04 20:59:36.632,0.0,1796990.0,1,16.0
6a217e5b8267300cb074ea6c,512.0,1,False,2026-06-04 20:59:36.632,0.0,1129990.0,0,8.0
6a217e5b8267300cb074ea6d,256.0,1,False,2026-06-04 20:59:36.632,0.0,389990.0,0,8.0
6a217e5b8267300cb074ea6f,512.0,1,False,2026-06-04 20:59:36.632,0.0,579990.0,0,8.0
6a217e5b8267300cb074ea70,512.0,1,False,2026-06-04 20:59:36.632,0.0,979990.0,4,16.0
6a217e5e8267300cb074ea71,1024.0,2,False,2026-06-04 20:59:36.632,0.0,1149990.0,4,24.0
6a217e5e8267300cb074ea76,512.0,1,False,2026-06-04 20:59:36.632,0.0,1882990.0,4,16.0
6a217e5e8267300cb074ea79,1024.0,0,False,2026-06-04 20:59:36.632,0.0,1599990.0,1,32.0
6a217e5e8267300cb074ea83,512.0,1,False,2026-06-04 20:59:36.632,0.0,350000.0,0,8.0
6a217e5e8267300cb074ea84,1024.0,1,False,2026-06-04 20:59:36.632,0.0,990000.0,4,16.0
6a217e5e8267300cb074ea8d,128.0,1,False,2026-06-04 20:59:36.633,0.0,796593.0,0,4.0
6a217e5e8267300cb074ea9a,512.0,1,False,2026-06-04 20:59:36.633,0.0,1646990.0,4,16.0
6a217e5e8267300cb074ea9f,512.0,1,False,2026-06-04 20:59:36.633,0.0,371492.0,0,8.0
6a217e5e8267300cb074eaa1,512.0,1,False,2026-06-04 20:59:36.633,0.0,499990.0,0,8.0
6a217e5e8267300cb074eaa4,512.0,1,False,2026-06-04 20:59:36.633,0.0,1081990.0,4,16.0
6a217e5e8267300cb074eaa6,1024.0,1,False,2026-06-04 20:59:36.633,0.0,919990.0,4,16.0
6a217e5e8267300cb074eaa8,512.0,1,False,2026-06-04 20:59:36.633,0.0,1268990.0,4,16.0
6a217e5e8267300cb074eaab,512.0,1,False,2026-06-04 20:59:36.633,0.0,1271328.0,4,16.0
6a217e5e8267300cb074eaad,1024.0,1,False,2026-06-04 20:59:36.633,0.0,959990.0,4,16.0
6a217e5e8267300cb074eaae,512.0,1,False,2026-06-04 20:59:36.633,0.0,699995.0,0,16.0
6a217e5e8267300cb074eab0,512.0,1,False,2026-06-04 20:59:36.633,0.0,549990.0,0,8.0
6a217e5e8267300cb074eab1,1024.0,1,False,2026-06-04 20:59:36.633,0.0,249990.0,0,8.0
6a217e5e8267300cb074eab4,256.0,1,False,2026-06-04 20:59:36.633,0.0,479990.0,0,8.0
6a217e5e8267300cb074eabe,512.0,1,False,2026-06-04 20:59:36.633,0.0,788990.0,0,8.0
6a217e5e8267300cb074eac3,1024.0,1,False,2026-06-04 20:59:36.633,0.0,2299990.0,1,16.0
6a217e5e8267300cb074eac6,128.0,1,False,2026-06-04 20:59:36.634,0.0,617280.0,0,4.0
6a217e5e8267300cb074eac8,1024.0,0,False,2026-06-04 20:59:36.634,0.0,2028590.0,1,32.0
6a217e5e8267300cb074eacc,512.0,1,False,2026-06-04 20:59:36.634,0.0,710990.0,0,8.0
6a217e5e8267300cb074ead1,256.0,1,False,2026-06-04 20:59:36.634,0.0,380000.0,0,8.0
6a217e5e8267300cb074ead3,256.0,1,False,2026-06-04 20:59:36.634,0.0,515990.0,0,8.0
6a217e5e8267300cb074ead7,512.0,1,False,2026-06-04 20:59:36.634,0.0,489990.0,0,8.0
6a217e5e8267300cb074ead9,256.0,1,False,2026-06-04 20:59:36.634,0.0,834190.0,0,8.0
6a217e5e8267300cb074eade,512.0,2,False,2026-06-04 20:59:36.634,0.0,1582990.0,4,32.0
6a217e5e8267300cb074eae3,512.0,1,False,2026-06-04 20:59:36.634,0.0,589990.0,0,12.0
6a217e5e8267300cb074eae7,512.0,1,False,2026-06-04 20:59:36.634,0.0,409990.0,0,8.0
6a217e5e8267300cb074eaed,1024.0,0,False,2026-06-04 20:59:36.634,0.0,999990.0,1,32.0
6a217e5e8267300cb074eaf6,512.0,1,False,2026-06-04 20:59:36.634,0.0,1079990.0,4,16.0
6a217e5e8267300cb074eb03,512.0,1,False,2026-06-04 20:59:36.634,0.0,1195990.0,4,16.0
6a217e5e8267300cb074eb07,512.0,1,False,2026-06-04 20:59:36.634,0.0,1399990.0,4,16.0
6a217e5e8267300cb074eb09,512.0,1,False,2026-06-04 20:59:36.634,0.0,958545.0,4,16.0
6a217e5e8267300cb074eb0d,512.0,1,False,2026-06-04 20:59:36.634,0.0,599990.0,0,16.0
6a217e5e8267300cb074eb10,256.0,1,False,2026-06-04 20:59:36.634,0.0,245000.0,0,8.0
6a217e5e8267300cb074eb11,512.0,1,False,2026-06-04 20:59:36.634,0.0,949990.0,0,8.0
6a217e5e8267300cb074eb13,256.0,1,False,2026-06-04 20:59:36.634,0.0,433990.0,0,8.0
6a217e5e8267300cb074eb19,512.0,1,False,2026-06-04 20:59:36.634,0.0,1029990.0,4,16.0
6a217e5e8267300cb074eb1b,256.0,1,False,2026-06-04 20:59:36.634,0.0,1499990.0,0,8.0
6a217e5e8267300cb074eb1d,512.0,1,False,2026-06-04 20:59:36.634,0.0,529990.0,0,8.0
6a217e5e8267300cb074eb1f,256.0,1,False,2026-06-04 20:59:36.634,0.0,583990.0,0,8.0
6a217e5e8267300cb074eb24,512.0,1,False,2026-06-04 20:59:36.635,0.0,783990.0,0,16.0
6a217e5e8267300cb074eb2a,512.0,1,False,2026-06-04 20:59:36.635,0.0,1011000.0,4,16.0
6a217e5e8267300cb074eb2e,1024.0,0,False,2026-06-04 20:59:36.635,0.0,2399990.0,1,32.0
6a217e5e8267300cb074eb2f,512.0,1,False,2026-06-04 20:59:36.635,0.0,499990.0,0,8.0
6a217e5e8267300cb074eb33,2048.0,6,False,2026-06-04 20:59:36.635,3.0,1399990.0,1,32.0
6a217e5e8267300cb074eb39,1024.0,7,False,2026-06-04 20:59:36.635,3.0,1499990.0,3,64.0
6a217e5e8267300cb074eb3c,512.0,2,False,2026-06-04 20:59:36.635,3.0,799990.0,4,32.0
6a217e5e8267300cb074eb46,1024.0,1,False,2026-06-04 20:59:36.635,3.0,1445990.0,4,16.0
6a217e5e8267300cb074eb4a,512.0,2,False,2026-06-04 20:59:36.635,3.0,799990.0,4,32.0
6a217e5e8267300cb074eb4e,1024.0,0,False,2026-06-04 20:59:36.635,3.0,1549990.0,1,32.0
6a217e5e8267300cb074eb51,1024.0,7,False,2026-06-04 20:59:36.635,3.0,1499990.0,3,64.0
6a217e5e8267300cb074eb54,1024.0,0,False,2026-06-04 20:59:36.635,3.0,3075990.0,1,32.0
6a217e5e8267300cb074eb56,512.0,1,False,2026-06-04 20:59:36.635,3.0,999990.0,4,16.0
6a217e5e8267300cb074eb57,512.0,1,False,2026-06-04 20:59:36.635,3.0,1173990.0,4,16.0
6a217e5e8267300cb074eb60,1024.0,1,False,2026-06-04 20:59:36.635,3.0,1049990.0,4,16.0
6a217e5e8267300cb074eb62,512.0,2,False,2026-06-04 20:59:36.635,3.0,599990.0,4,32.0
6a217e5e8267300cb074eb68,1024.0,1,False,2026-06-04 20:59:36.635,3.0,1049990.0,4,16.0
6a217e5e8267300cb074eb6b,512.0,1,False,2026-06-04 20:59:36.635,3.0,349990.0,0,8.0
6a217e5e8267300cb074eb6c,1024.0,1,False,2026-06-04 20:59:36.635,3.0,1049990.0,4,16.0
6a217e5e8267300cb074eb70,1024.0,0,False,2026-06-04 20:59:36.635,3.0,1549990.0,1,32.0
6a217e5e8267300cb074eb76,2048.0,6,False,2026-06-04 20:59:36.635,3.0,1352390.0,1,32.0
6a217e5e8267300cb074ea72,1024.0,1,False,2026-06-04 20:59:36.635,0.0,649990.0,4,16.0
6a217e5e8267300cb074ea73,512.0,1,False,2026-06-04 20:59:36.635,0.0,958545.0,4,16.0
6a217e5e8267300cb074ea75,1024.0,2,False,2026-06-04 20:59:36.636,0.0,1699990.0,1,24.0
6a217e5e8267300cb074ea7f,1024.0,1,False,2026-06-04 20:59:36.636,0.0,1340990.0,4,8.0
6a217e5e8267300cb074ea8c,2048.0,-1,True,2026-06-04 20:59:36.636,0.0,1699900.0,1,32.0
6a217e5e8267300cb074ea8e,1024.0,0,False,2026-06-04 20:59:36.636,0.0,2206990.0,1,32.0
6a217e5e8267300cb074ea8f,512.0,1,False,2026-06-04 20:59:36.636,0.0,1366990.0,4,16.0
6a217e5e8267300cb074ea92,512.0,1,False,2026-06-04 20:59:36.636,0.0,464990.0,0,8.0
6a217e5e8267300cb074ea98,256.0,1,False,2026-06-04 20:59:36.636,0.0,1273990.0,0,8.0
6a217e5e8267300cb074ea9d,1024.0,0,False,2026-06-04 20:59:36.636,0.0,2012990.0,1,32.0
6a217e5e8267300cb074ea9e,256.0,1,False,2026-06-04 20:59:36.636,0.0,489990.0,0,16.0
6a217e5e8267300cb074eaa0,512.0,1,False,2026-06-04 20:59:36.636,0.0,719990.0,0,16.0
6a217e5e8267300cb074eaa3,256.0,1,False,2026-06-04 20:59:36.636,0.0,457990.0,0,8.0
6a217e5e8267300cb074eaa7,512.0,1,False,2026-06-04 20:59:36.636,0.0,369990.0,0,16.0
6a217e5e8267300cb074eab2,256.0,1,False,2026-06-04 20:59:36.636,0.0,483990.0,0,8.0
6a217e5e8267300cb074eaba,1024.0,1,False,2026-06-04 20:59:36.636,0.0,297000.0,4,16.0
6a217e5e8267300cb074eac0,1024.0,0,False,2026-06-04 20:59:36.636,0.0,1994990.0,1,32.0
6a217e5e8267300cb074eac2,512.0,2,False,2026-06-04 20:59:36.636,0.0,1242990.0,4,32.0
6a217e5e8267300cb074eac7,1024.0,0,False,2026-06-04 20:59:36.636,0.0,1599990.0,1,32.0
6a217e5e8267300cb074eac9,512.0,1,False,2026-06-04 20:59:36.636,0.0,869990.0,0,16.0
6a217e5e8267300cb074eaca,1024.0,1,False,2026-06-04 20:59:36.636,0.0,438990.0,4,8.0
6a217e5e8267300cb074eacb,512.0,1,False,2026-06-04 20:59:36.637,0.0,1081990.0,4,16.0
6a217e5e8267300cb074eace,512.0,1,False,2026-06-04 20:59:36.637,0.0,739990.0,0,16.0
6a217e5e8267300cb074ead2,1024.0,0,False,2026-06-04 20:59:36.637,0.0,2599990.0,1,32.0
6a217e5e8267300cb074ead4,256.0,1,False,2026-06-04 20:59:36.637,0.0,734990.0,0,8.0
6a217e5e8267300cb074ead5,512.0,1,False,2026-06-04 20:59:36.637,0.0,639990.0,0,16.0
6a217e5e8267300cb074eadb,1024.0,0,False,2026-06-04 20:59:36.637,0.0,1994990.0,1,32.0
6a217e5e8267300cb074eadf,512.0,2,False,2026-06-04 20:59:36.637,0.0,2244990.0,1,32.0
6a217e5e8267300cb074eae0,1024.0,0,False,2026-06-04 20:59:36.637,0.0,1994990.0,1,32.0
6a217e5e8267300cb074eae1,512.0,1,False,2026-06-04 20:59:36.637,0.0,459900.0,0,8.0
6a217e5e8267300cb074eae2,1024.0,2,False,2026-06-04 20:59:36.637,0.0,1999990.0,1,24.0
6a217e5e8267300cb074eae4,128.0,1,False,2026-06-04 20:59:36.637,0.0,198397.0,0,4.0
6a217e5e8267300cb074eaec,1024.0,0,False,2026-06-04 20:59:36.637,0.0,2599990.0,1,32.0
6a217e5e8267300cb074eaf1,512.0,1,False,2026-06-04 20:59:36.637,0.0,1099990.0,4,16.0
6a217e5e8267300cb074eaf3,512.0,1,False,2026-06-04 20:59:36.637,0.0,569990.0,0,16.0
6a217e5e8267300cb074eaf4,1024.0,0,False,2026-06-04 20:59:36.638,0.0,1545990.0,1,32.0
6a217e5e8267300cb074eaf9,1024.0,1,False,2026-06-04 20:59:36.638,0.0,1983990.0,1,16.0
6a217e5e8267300cb074eafa,1024.0,0,False,2026-06-04 20:59:36.638,0.0,879990.0,4,32.0
6a217e5e8267300cb074eafc,1024.0,0,False,2026-06-04 20:59:36.638,0.0,1994990.0,1,32.0
6a217e5e8267300cb074eaff,1024.0,0,False,2026-06-04 20:59:36.638,0.0,2165990.0,1,32.0
6a217e5e8267300cb074eb02,512.0,1,False,2026-06-04 20:59:36.638,0.0,544990.0,0,8.0
6a217e5e8267300cb074eb04,512.0,1,False,2026-06-04 20:59:36.638,0.0,836990.0,0,8.0
6a217e5e8267300cb074eb0a,1024.0,0,False,2026-06-04 20:59:36.638,0.0,1994990.0,1,32.0
6a217e5e8267300cb074eb1a,512.0,1,False,2026-06-04 20:59:36.638,0.0,949990.0,4,16.0
6a217e5e8267300cb074eb26,512.0,1,False,2026-06-04 20:59:36.638,0.0,1081990.0,4,16.0
6a217e5e8267300cb074eb28,1024.0,1,False,2026-06-04 20:59:36.638,0.0,995990.0,4,16.0
6a217e5e8267300cb074eb29,512.0,1,False,2026-06-04 20:59:36.638,0.0,719990.0,0,16.0
6a217e5e8267300cb074eb2c,1024.0,0,False,2026-06-04 20:59:36.638,0.0,1994990.0,1,32.0
6a217e5e8267300cb074eb2d,512.0,1,False,2026-06-04 20:59:36.638,0.0,929990.0,4,16.0
6a217e5e8267300cb074eb32,1024.0,0,False,2026-06-04 20:59:36.638,3.0,1549990.0,1,32.0
6a217e5e8267300cb074eb37,512.0,1,False,2026-06-04 20:59:36.639,3.0,1165990.0,4,16.0
6a217e5e8267300cb074eb3b,512.0,1,False,2026-06-04 20:59:36.639,3.0,795990.0,0,8.0
6a217e5e8267300cb074eb3d,1024.0,0,False,2026-06-04 20:59:36.639,3.0,1583990.0,1,32.0
6a217e5e8267300cb074eb49,1024.0,1,False,2026-06-04 20:59:36.639,3.0,1049990.0,4,16.0
6a217e5e8267300cb074eb4b,1024.0,0,False,2026-06-04 20:59:36.639,3.0,899990.0,1,32.0
6a217e5e8267300cb074eb4f,512.0,1,False,2026-06-04 20:59:36.639,3.0,1165990.0,4,16.0
6a217e5e8267300cb074eb5b,512.0,1,False,2026-06-04 20:59:36.639,3.0,1173990.0,4,16.0
6a217e5e8267300cb074eb65,512.0,1,False,2026-06-04 20:59:36.639,3.0,699990.0,0,16.0
6a217e5e8267300cb074eb67,512.0,1,False,2026-06-04 20:59:36.639,3.0,719872.0,0,16.0
6a217e5e8267300cb074eb69,512.0,1,False,2026-06-04 20:59:36.639,3.0,699990.0,0,16.0
6a217e5e8267300cb074eb6a,512.0,1,False,2026-06-04 20:59:36.639,3.0,1839990.0,4,16.0
6a217e5e8267300cb074eb6d,1024.0,0,False,2026-06-04 20:59:36.639,3.0,899990.0,1,32.0
6a217e5e8267300cb074eb75,2048.0,0,False,2026-06-04 20:59:36.639,3.0,1149990.0,1,16.0
6a217e5e8267300cb074eb7c,2048.0,6,False,2026-06-04 20:59:36.639,3.0,1399990.0,1,32.0
6a217e5e8267300cb074eb80,1024.0,0,False,2026-06-04 20:59:36.639,3.0,1800990.0,1,32.0
6a217e5e8267300cb074eb83,512.0,2,False,2026-06-04 20:59:36.639,3.0,799990.0,4,32.0
6a217e5e8267300cb074eb8a,512.0,1,False,2026-06-04 20:59:36.639,3.0,859990.0,0,8.0
6a217e5e8267300cb074eb91,1024.0,1,False,2026-06-04 20:59:36.639,3.0,1049990.0,4,16.0
6a217e5e8267300cb074eb93,512.0,2,False,2026-06-04 20:59:36.639,3.0,799990.0,4,32.0
6a217e5e8267300cb074eb96,1024.0,0,False,2026-06-04 20:59:36.639,3.0,899990.0,1,32.0
6a217e5e8267300cb074eb9d,512.0,1,False,2026-06-04 20:59:36.639,3.0,669990.0,0,16.0
6a217e5e8267300cb074eba5,1024.0,1,False,2026-06-04 20:59:36.640,3.0,829990.0,4,16.0
6a217e5e8267300cb074eba8,512.0,1,False,2026-06-04 20:59:36.640,3.0,699990.0,0,16.0
6a217e5e8267300cb074eba9,256.0,1,False,2026-06-04 20:59:36.640,3.0,1015990.0,0,8.0
6a217e5e8267300cb074ebad,512.0,1,False,2026-06-04 20:59:36.640,3.0,1484990.0,4,16.0
6a217e5e8267300cb074ebaf,512.0,1,False,2026-06-04 20:59:36.640,3.0,699990.0,0,16.0
6a217e5e8267300cb074ebb1,512.0,1,False,2026-06-04 20:59:36.640,3.0,415990.0,0,8.0
6a217e5e8267300cb074ebb2,2048.0,0,False,2026-06-04 20:59:36.640,3.0,1149990.0,1,16.0
6a217e5e8267300cb074ebbc,256.0,1,False,2026-06-04 20:59:36.640,3.0,890990.0,0,8.0
6a217e5e8267300cb074ebbe,512.0,1,False,2026-06-04 20:59:36.640,3.0,699990.0,0,16.0
6a217e5e8267300cb074ebc3,1024.0,0,False,2026-06-04 20:59:36.640,3.0,1299990.0,1,32.0
6a217e5e8267300cb074ebce,256.0,1,False,2026-06-04 20:59:36.640,3.0,420990.0,0,8.0
6a217e5e8267300cb074ebcf,1024.0,1,False,2026-06-04 20:59:36.640,3.0,1049990.0,4,16.0
6a217e5e8267300cb074ebd0,1024.0,0,False,2026-06-04 20:59:36.640,3.0,1583990.0,1,32.0
6a217e5e8267300cb074ebd5,1024.0,0,False,2026-06-04 20:59:36.640,3.0,1444450.0,1,32.0
6a217e5e8267300cb074ebdf,1024.0,1,False,2026-06-04 20:59:36.641,3.0,2359990.0,1,16.0
6a217e5e8267300cb074ebe3,1024.0,0,False,2026-06-04 20:59:36.641,3.0,899990.0,1,32.0
6a217e5e8267300cb074ebe9,1024.0,0,False,2026-06-04 20:59:36.641,3.0,899990.0,1,32.0
6a217e5e8267300cb074ebeb,256.0,1,False,2026-06-04 20:59:36.641,3.0,339990.0,0,16.0
6a217e5e8267300cb074ebec,1024.0,1,False,2026-06-04 20:59:36.641,3.0,1049990.0,4,16.0
6a217e5e8267300cb074ebf3,1024.0,0,False,2026-06-04 20:59:36.641,3.0,1549990.0,1,32.0
6a217e5e8267300cb074ebf4,1024.0,7,False,2026-06-04 20:59:36.641,3.0,1499990.0,3,64.0
6a217e5e8267300cb074ebfd,2048.0,8,False,2026-06-04 20:59:36.641,3.0,1545590.0,3,64.0
6a217e5e8267300cb074ebff,512.0,1,False,2026-06-04 20:59:36.641,3.0,1298990.0,4,16.0
6a217e5e8267300cb074ec05,512.0,2,False,2026-06-04 20:59:36.641,3.0,799990.0,4,32.0
6a217e5e8267300cb074ec06,1024.0,7,False,2026-06-04 20:59:36.641,3.0,1499990.0,3,64.0
6a217e5e8267300cb074ec07,512.0,1,False,2026-06-04 20:59:36.641,3.0,607990.0,0,8.0
6a217e5e8267300cb074ec0b,512.0,1,False,2026-06-04 20:59:36.641,3.0,999999.0,4,16.0
6a217e5e8267300cb074ec0d,512.0,1,False,2026-06-04 20:59:36.641,3.0,1064990.0,4,16.0
6a217e5e8267300cb074ec11,1024.0,1,False,2026-06-04 20:59:36.641,3.0,829990.0,4,16.0
6a217e5e8267300cb074ec13,512.0,1,False,2026-06-04 20:59:36.641,3.0,1173990.0,4,16.0
6a217e5e8267300cb074ec16,512.0,1,False,2026-06-04 20:59:36.641,3.0,1173990.0,4,16.0
6a217e5e8267300cb074ec18,240.0,1,False,2026-06-04 20:59:36.641,3.0,269900.0,0,8.0
6a217e5e8267300cb074ec19,1024.0,1,False,2026-06-04 20:59:36.641,3.0,869390.0,4,16.0
6a217e5e8267300cb074ec22,512.0,1,False,2026-06-04 20:59:36.642,3.0,1165990.0,4,16.0
6a217e5e8267300cb074ec23,1024.0,1,False,2026-06-04 20:59:36.642,3.0,829990.0,4,16.0
6a217e5e8267300cb074ec2b,256.0,1,False,2026-06-04 20:59:36.642,3.0,775990.0,0,8.0
6a217e5e8267300cb074ec2c,1024.0,0,False,2026-06-04 20:59:36.642,3.0,1299990.0,1,32.0
6a217e5e8267300cb074ec32,1024.0,0,False,2026-06-04 20:59:36.642,3.0,899990.0,1,32.0
6a217e5e8267300cb074ec35,512.0,1,False,2026-06-04 20:59:36.642,3.0,642990.0,0,8.0
6a217e5e8267300cb074ec3d,512.0,1,False,2026-06-04 20:59:36.642,3.0,1173990.0,4,16.0
6a217e5e8267300cb074ec44,1024.0,1,False,2026-06-04 20:59:36.642,3.0,1049990.0,4,16.0
6a217e5e8267300cb074ec49,512.0,1,False,2026-06-04 20:59:36.642,3.0,1173990.0,4,16.0
6a217e5e8267300cb074ec51,1024.0,1,False,2026-06-04 20:59:36.642,3.0,829990.0,4,16.0
6a217e5e8267300cb074ec54,1024.0,0,False,2026-06-04 20:59:36.642,3.0,989990.0,1,32.0
6a217e5e8267300cb074ec57,256.0,1,False,2026-06-04 20:59:36.642,3.0,386361.0,0,8.0
6a217e5e8267300cb074ec5d,256.0,1,False,2026-06-04 20:59:36.642,3.0,916990.0,0,8.0
6a217e5e8267300cb074ec5e,256.0,1,False,2026-06-04 20:59:36.642,3.0,686990.0,0,8.0
6a217e5e8267300cb074ec61,512.0,2,False,2026-06-04 20:59:36.642,3.0,799990.0,4,32.0
6a217e5e8267300cb074eb77,1024.0,0,False,2026-06-04 20:59:36.642,3.0,1583990.0,1,32.0
6a217e5e8267300cb074eb7a,1024.0,1,False,2026-06-04 20:59:36.642,3.0,1049990.0,4,16.0
6a217e5e8267300cb074eb85,1024.0,0,False,2026-06-04 20:59:36.642,3.0,1583990.0,1,32.0
6a217e5e8267300cb074eb86,1024.0,0,False,2026-06-04 20:59:36.642,3.0,2369990.0,1,32.0
6a217e5e8267300cb074eb89,2048.0,6,False,2026-06-04 20:59:36.642,3.0,1399990.0,1,32.0
6a217e5e8267300cb074eb8f,512.0,1,False,2026-06-04 20:59:36.642,3.0,699990.0,0,16.0
6a217e5e8267300cb074eb97,512.0,1,False,2026-06-04 20:59:36.643,3.0,2139990.0,4,16.0
6a217e5e8267300cb074eb9a,1024.0,0,False,2026-06-04 20:59:36.643,3.0,1549990.0,1,32.0
6a217e5e8267300cb074eba0,1024.0,0,False,2026-06-04 20:59:36.643,3.0,1632990.0,1,32.0
6a217e5e8267300cb074eba3,2048.0,6,False,2026-06-04 20:59:36.643,3.0,1399990.0,1,32.0
6a217e5e8267300cb074ebae,1024.0,0,False,2026-06-04 20:59:36.643,3.0,1497290.0,1,32.0
6a217e5e8267300cb074ebb4,1024.0,0,False,2026-06-04 20:59:36.643,3.0,899990.0,1,32.0
6a217e5e8267300cb074ebb6,512.0,1,False,2026-06-04 20:59:36.643,3.0,1560990.0,4,16.0
6a217e5e8267300cb074ebc2,1024.0,1,False,2026-06-04 20:59:36.643,3.0,829990.0,4,16.0
6a217e5e8267300cb074ebc6,1024.0,0,False,2026-06-04 20:59:36.643,3.0,2284990.0,1,32.0
6a217e5e8267300cb074ebc7,256.0,1,False,2026-06-04 20:59:36.643,3.0,299000.0,0,8.0
6a217e5e8267300cb074ebd1,2048.0,0,False,2026-06-04 20:59:36.643,3.0,1149990.0,1,16.0
6a217e5e8267300cb074ebd6,1024.0,0,False,2026-06-04 20:59:36.643,3.0,1549990.0,1,32.0
6a217e5e8267300cb074ebd9,512.0,1,False,2026-06-04 20:59:36.643,3.0,699990.0,0,16.0
6a217e5e8267300cb074ebe0,1024.0,1,False,2026-06-04 20:59:36.643,3.0,829990.0,4,16.0
6a217e5e8267300cb074ebe6,1024.0,0,False,2026-06-04 20:59:36.643,3.0,1549990.0,1,32.0
6a217e5e8267300cb074ebef,1024.0,0,False,2026-06-04 20:59:36.643,3.0,1549990.0,1,32.0
6a217e5e8267300cb074ebf0,512.0,1,False,2026-06-04 20:59:36.643,3.0,1131990.0,0,8.0
6a217e5e8267300cb074ebf2,1024.0,1,False,2026-06-04 20:59:36.643,3.0,1014290.0,4,16.0
6a217e5e8267300cb074ebf6,1024.0,0,False,2026-06-04 20:59:36.643,3.0,1421990.0,1,32.0
6a217e5e8267300cb074ebfa,512.0,9,False,2026-06-04 20:59:36.643,3.0,1399990.0,3,64.0
6a217e5e8267300cb074ebfb,512.0,1,False,2026-06-04 20:59:36.643,3.0,699990.0,0,16.0
6a217e5e8267300cb074ebfe,512.0,1,False,2026-06-04 20:59:36.643,3.0,2199990.0,4,16.0
6a217e5e8267300cb074ec01,240.0,1,False,2026-06-04 20:59:36.644,3.0,289990.0,0,8.0
6a217e5e8267300cb074ec04,512.0,1,False,2026-06-04 20:59:36.644,3.0,699990.0,0,16.0
6a217e5e8267300cb074ec08,1024.0,0,False,2026-06-04 20:59:36.644,3.0,1549990.0,1,32.0
6a217e5e8267300cb074ec0a,1024.0,7,False,2026-06-04 20:59:36.644,3.0,1499990.0,3,64.0
6a217e5e8267300cb074ec0e,512.0,1,False,2026-06-04 20:59:36.644,3.0,1472990.0,4,16.0
6a217e5e8267300cb074ec10,512.0,1,False,2026-06-04 20:59:36.644,3.0,912990.0,0,16.0
6a217e5e8267300cb074ec14,256.0,1,False,2026-06-04 20:59:36.644,3.0,627990.0,0,8.0
6a217e5e8267300cb074ec15,1024.0,0,False,2026-06-04 20:59:36.644,3.0,1299990.0,1,32.0
6a217e5e8267300cb074ec1c,250.0,1,False,2026-06-04 20:59:36.644,3.0,319800.0,0,16.0
6a217e5e8267300cb074ec1d,1024.0,0,False,2026-06-04 20:59:36.644,3.0,2999990.0,1,32.0
6a217e5e8267300cb074ec21,512.0,1,False,2026-06-04 20:59:36.644,3.0,1134990.0,4,16.0
6a217e5e8267300cb074ec24,1024.0,0,False,2026-06-04 20:59:36.644,3.0,1549990.0,1,32.0
6a217e5e8267300cb074ec25,1024.0,0,False,2026-06-04 20:59:36.644,3.0,1331990.0,1,32.0
6a217e5e8267300cb074ec29,1024.0,1,False,2026-06-04 20:59:36.644,3.0,829990.0,4,16.0
6a217e5e8267300cb074ec2e,512.0,1,False,2026-06-04 20:59:36.644,3.0,1165990.0,4,16.0
6a217e5e8267300cb074ec31,1024.0,1,False,2026-06-04 20:59:36.644,3.0,2278990.0,1,16.0
6a217e5e8267300cb074ec33,1024.0,1,False,2026-06-04 20:59:36.645,3.0,1049990.0,4,16.0
6a217e5e8267300cb074ec37,2048.0,8,False,2026-06-04 20:59:36.645,3.0,1599990.0,3,64.0
6a217e5e8267300cb074ec38,1024.0,1,False,2026-06-04 20:59:36.645,3.0,1049990.0,4,16.0
6a217e5e8267300cb074ec3e,512.0,1,False,2026-06-04 20:59:36.645,3.0,1165990.0,4,16.0
6a217e5e8267300cb074ec3f,2048.0,8,False,2026-06-04 20:59:36.645,3.0,1599990.0,3,64.0
6a217e5e8267300cb074ec43,512.0,1,False,2026-06-04 20:59:36.645,3.0,1152216.0,4,16.0
6a217e5e8267300cb074ec48,1024.0,0,False,2026-06-04 20:59:36.645,3.0,899990.0,1,32.0
6a217e5e8267300cb074ec4e,1024.0,7,False,2026-06-04 20:59:36.645,3.0,1499990.0,3,64.0
6a217e5e8267300cb074ec4f,120.0,1,False,2026-06-04 20:59:36.645,3.0,189900.0,0,8.0
6a217e5e8267300cb074ec59,1024.0,0,False,2026-06-04 20:59:36.645,3.0,1583990.0,1,32.0
6a217e5e8267300cb074ec5c,1024.0,0,False,2026-06-04 20:59:36.645,3.0,1129990.0,1,32.0
6a217e5e8267300cb074ec64,1024.0,1,False,2026-06-04 20:59:36.645,3.0,1049990.0,4,16.0
6a217e5e8267300cb074ea77,512.0,1,False,2026-06-04 20:59:36.645,0.0,715990.0,0,16.0
6a217e5e8267300cb074ea7a,256.0,1,False,2026-06-04 20:59:36.645,0.0,629990.0,0,8.0
6a217e5e8267300cb074ea7d,512.0,1,False,2026-06-04 20:59:36.645,0.0,659990.0,0,16.0
6a217e5e8267300cb074ea7e,512.0,1,False,2026-06-04 20:59:36.645,0.0,829990.0,0,8.0
6a217e5e8267300cb074ea82,1024.0,0,False,2026-06-04 20:59:36.645,0.0,699990.0,4,32.0
6a217e5e8267300cb074ea88,512.0,1,False,2026-06-04 20:59:36.645,0.0,939990.0,0,8.0
6a217e5e8267300cb074ea89,128.0,1,False,2026-06-04 20:59:36.645,0.0,617280.0,0,4.0
6a217e5e8267300cb074ea8a,512.0,1,False,2026-06-04 20:59:36.645,0.0,969990.0,0,8.0
6a217e5e8267300cb074ea8b,256.0,1,False,2026-06-04 20:59:36.646,0.0,402990.0,0,8.0
6a217e5e8267300cb074ea90,256.0,1,False,2026-06-04 20:59:36.646,0.0,299990.0,0,8.0
6a217e5e8267300cb074ea99,512.0,1,False,2026-06-04 20:59:36.646,0.0,540390.0,0,16.0
6a217e5e8267300cb074ea9c,512.0,1,False,2026-06-04 20:59:36.646,0.0,759990.0,0,8.0
6a217e5e8267300cb074eaa5,512.0,1,False,2026-06-04 20:59:36.646,0.0,1081990.0,4,16.0
6a217e5e8267300cb074eaa9,512.0,1,False,2026-06-04 20:59:36.646,0.0,846990.0,0,16.0
6a217e5e8267300cb074eaac,64.0,1,False,2026-06-04 20:59:36.646,0.0,365357.0,0,8.0
6a217e5e8267300cb074eab6,512.0,1,False,2026-06-04 20:59:36.646,0.0,715990.0,0,16.0
6a217e5e8267300cb074eab8,512.0,1,False,2026-06-04 20:59:36.646,0.0,699990.0,0,16.0
6a217e5e8267300cb074eabd,256.0,1,False,2026-06-04 20:59:36.646,0.0,429990.0,0,16.0
6a217e5e8267300cb074eac5,256.0,1,False,2026-06-04 20:59:36.646,0.0,359990.0,0,8.0
6a217e5e8267300cb074eacf,1024.0,0,False,2026-06-04 20:59:36.646,0.0,1489990.0,1,32.0
6a217e5e8267300cb074ead8,512.0,1,False,2026-06-04 20:59:36.646,0.0,379990.0,0,8.0
6a217e5e8267300cb074eada,1024.0,0,False,2026-06-04 20:59:36.646,0.0,1965990.0,1,32.0
6a217e5e8267300cb074eadc,1024.0,0,False,2026-06-04 20:59:36.646,0.0,1890990.0,1,32.0
6a217e5e8267300cb074eadd,1024.0,0,False,2026-06-04 20:59:36.646,0.0,2284990.0,1,32.0
6a217e5e8267300cb074eae8,256.0,1,False,2026-06-04 20:59:36.646,0.0,373990.0,0,8.0
6a217e5e8267300cb074eae9,1024.0,0,False,2026-06-04 20:59:36.646,0.0,1599990.0,1,32.0
6a217e5e8267300cb074eaef,1024.0,1,False,2026-06-04 20:59:36.646,0.0,1780990.0,1,16.0
6a217e5e8267300cb074eaf5,512.0,1,False,2026-06-04 20:59:36.647,0.0,1081990.0,4,16.0
6a217e5e8267300cb074eaf8,512.0,1,False,2026-06-04 20:59:36.647,0.0,529990.0,0,16.0
6a217e5e8267300cb074eafb,1024.0,1,False,2026-06-04 20:59:36.647,0.0,669990.0,4,16.0
6a217e5e8267300cb074eb05,1024.0,2,False,2026-06-04 20:59:36.647,0.0,1699990.0,1,24.0
6a217e5e8267300cb074eb0e,512.0,1,False,2026-06-04 20:59:36.647,0.0,715990.0,0,16.0
6a217e5e8267300cb074eb12,512.0,1,False,2026-06-04 20:59:36.647,0.0,639990.0,0,8.0
6a217e5e8267300cb074eb16,1024.0,1,False,2026-06-04 20:59:36.647,0.0,1793343.0,1,16.0
6a217e5e8267300cb074eb17,256.0,1,False,2026-06-04 20:59:36.647,0.0,583990.0,0,8.0
6a217e5e8267300cb074eb18,512.0,1,False,2026-06-04 20:59:36.647,0.0,1399990.0,4,16.0
6a217e5e8267300cb074eb1c,1024.0,1,False,2026-06-04 20:59:36.647,0.0,949990.0,4,16.0
6a217e5e8267300cb074eb20,1024.0,0,False,2026-06-04 20:59:36.647,0.0,3004250.0,1,32.0
6a217e5e8267300cb074eb22,1024.0,1,False,2026-06-04 20:59:36.647,0.0,1874550.0,1,16.0
6a217e5e8267300cb074eb23,1024.0,0,False,2026-06-04 20:59:36.647,0.0,1849995.0,1,32.0
6a217e5e8267300cb074eb27,256.0,1,False,2026-06-04 20:59:36.647,0.0,369990.0,0,8.0
6a217e5e8267300cb074eb2b,2048.0,5,False,2026-06-04 20:59:36.647,0.0,2474990.0,2,32.0
6a217e5e8267300cb074eb31,512.0,1,False,2026-06-04 20:59:36.647,0.0,1202990.0,4,16.0
6a217e5e8267300cb074eb34,1024.0,0,False,2026-06-04 20:59:36.647,3.0,1583990.0,1,32.0
6a217e5e8267300cb074eb3f,2048.0,0,False,2026-06-04 20:59:36.647,3.0,1149990.0,1,16.0
6a217e5e8267300cb074eb41,256.0,2,False,2026-06-04 20:59:36.647,3.0,1099990.0,4,32.0
6a217e5e8267300cb074eb42,512.0,1,False,2026-06-04 20:59:36.647,3.0,1197990.0,4,16.0
6a217e5e8267300cb074eb48,2048.0,8,False,2026-06-04 20:59:36.647,3.0,1599990.0,3,64.0
6a217e5e8267300cb074eb4c,512.0,1,False,2026-06-04 20:59:36.647,3.0,888726.0,0,16.0
6a217e5e8267300cb074eb50,2048.0,8,False,2026-06-04 20:59:36.647,3.0,1599990.0,3,64.0
6a217e5e8267300cb074eb52,1024.0,0,False,2026-06-04 20:59:36.647,3.0,1299990.0,1,32.0
6a217e5e8267300cb074eb53,1024.0,7,False,2026-06-04 20:59:36.648,3.0,1499990.0,3,64.0
6a217e5e8267300cb074eb5c,256.0,1,False,2026-06-04 20:59:36.648,3.0,289990.0,0,16.0
6a217e5e8267300cb074eb5d,512.0,2,False,2026-06-04 20:59:36.648,3.0,799990.0,4,32.0
6a217e5e8267300cb074eb5f,1024.0,1,False,2026-06-04 20:59:36.648,3.0,1049990.0,4,16.0
6a217e5e8267300cb074eb61,1024.0,1,False,2026-06-04 20:59:36.648,3.0,829990.0,4,16.0
6a217e5e8267300cb074eb6f,512.0,1,False,2026-06-04 20:59:36.648,3.0,970990.0,4,16.0
6a217e5e8267300cb074eb72,256.0,1,False,2026-06-04 20:59:36.648,3.0,1195990.0,0,8.0
6a217e5e8267300cb074eb73,1024.0,7,False,2026-06-04 20:59:36.648,3.0,1499990.0,3,64.0
6a217e5e8267300cb074eb7b,2048.0,0,False,2026-06-04 20:59:36.648,3.0,1149990.0,1,16.0
6a217e5e8267300cb074eb7e,1024.0,0,False,2026-06-04 20:59:36.648,3.0,1502990.0,1,32.0
6a217e5e8267300cb074eb81,512.0,1,False,2026-06-04 20:59:36.648,3.0,1324990.0,4,16.0
6a217e5e8267300cb074eb84,1024.0,0,False,2026-06-04 20:59:36.648,3.0,1149990.0,1,32.0
6a217e5e8267300cb074eb87,1024.0,7,False,2026-06-04 20:59:36.648,3.0,1499990.0,3,64.0
6a217e5e8267300cb074ea74,1024.0,1,False,2026-06-04 20:59:36.648,0.0,549990.0,4,16.0
6a217e5e8267300cb074ea78,512.0,1,False,2026-06-04 20:59:36.648,0.0,715990.0,0,16.0
6a217e5e8267300cb074ea7b,512.0,1,False,2026-06-04 20:59:36.648,0.0,610990.0,0,8.0
6a217e5e8267300cb074ea7c,1024.0,0,False,2026-06-04 20:59:36.648,0.0,1749990.0,1,32.0
6a217e5e8267300cb074ea80,512.0,1,False,2026-06-04 20:59:36.648,0.0,1377990.0,4,16.0
6a217e5e8267300cb074ea81,1024.0,1,False,2026-06-04 20:59:36.648,0.0,1620990.0,1,16.0
6a217e5e8267300cb074ea85,128.0,1,False,2026-06-04 20:59:36.648,0.0,617280.0,0,4.0
6a217e5e8267300cb074ea86,512.0,2,False,2026-06-04 20:59:36.648,0.0,2446990.0,1,32.0
6a217e5e8267300cb074ea87,1024.0,0,False,2026-06-04 20:59:36.648,0.0,2069990.0,1,32.0
6a217e5e8267300cb074ea91,500.0,1,False,2026-06-04 20:59:36.649,0.0,305990.0,0,4.0
6a217e5e8267300cb074ea93,512.0,2,False,2026-06-04 20:59:36.649,0.0,2398990.0,1,32.0
6a217e5e8267300cb074ea94,1024.0,1,False,2026-06-04 20:59:36.649,0.0,999990.0,4,16.0
6a217e5e8267300cb074ea95,1024.0,1,False,2026-06-04 20:59:36.649,0.0,729990.0,4,16.0
6a217e5e8267300cb074ea96,512.0,1,False,2026-06-04 20:59:36.649,0.0,1687990.0,4,16.0
6a217e5e8267300cb074ea97,512.0,1,False,2026-06-04 20:59:36.649,0.0,560990.0,0,8.0
6a217e5e8267300cb074ea9b,512.0,1,False,2026-06-04 20:59:36.649,0.0,715990.0,0,16.0
6a217e5e8267300cb074eaa2,512.0,1,False,2026-06-04 20:59:36.649,0.0,909990.0,0,16.0
6a217e5e8267300cb074eaaa,1024.0,0,False,2026-06-04 20:59:36.649,0.0,2199990.0,1,32.0
6a217e5e8267300cb074eaaf,512.0,1,False,2026-06-04 20:59:36.650,0.0,614990.0,0,16.0
6a217e5e8267300cb074eab3,512.0,1,False,2026-06-04 20:59:36.650,0.0,599990.0,0,8.0
6a217e5e8267300cb074eab5,512.0,1,False,2026-06-04 20:59:36.650,0.0,1081990.0,4,16.0
6a217e5e8267300cb074eab7,1024.0,1,False,2026-06-04 20:59:36.650,0.0,789990.0,4,16.0
6a217e5e8267300cb074eab9,512.0,1,False,2026-06-04 20:59:36.650,0.0,449990.0,0,16.0
6a217e5e8267300cb074eabb,1024.0,0,False,2026-06-04 20:59:36.650,0.0,1899990.0,1,32.0
6a217e5e8267300cb074eabc,512.0,1,False,2026-06-04 20:59:36.650,0.0,839990.0,0,16.0
6a217e5e8267300cb074eabf,512.0,1,False,2026-06-04 20:59:36.650,0.0,448990.0,0,8.0
6a217e5e8267300cb074eac1,512.0,1,False,2026-06-04 20:59:36.650,0.0,1049990.0,4,16.0
6a217e5e8267300cb074eac4,512.0,1,False,2026-06-04 20:59:36.650,0.0,509990.0,0,8.0
6a217e5e8267300cb074eacd,512.0,1,False,2026-06-04 20:59:36.650,0.0,1081990.0,4,16.0
6a217e5e8267300cb074ead0,2048.0,-1,True,2026-06-04 20:59:36.650,0.0,6004900.0,2,64.0
6a217e5e8267300cb074ead6,256.0,1,False,2026-06-04 20:59:36.650,0.0,583990.0,0,8.0
6a217e5e8267300cb074eae5,256.0,1,False,2026-06-04 20:59:36.650,0.0,99990.0,0,8.0
6a217e5e8267300cb074eae6,256.0,1,False,2026-06-04 20:59:36.650,0.0,119990.0,0,8.0
6a217e5e8267300cb074eaea,128.0,1,False,2026-06-04 20:59:36.650,0.0,333241.0,0,4.0
6a217e5e8267300cb074eaeb,512.0,1,False,2026-06-04 20:59:36.650,0.0,1084990.0,0,8.0
6a217e5e8267300cb074eaee,512.0,1,False,2026-06-04 20:59:36.650,0.0,1119631.0,4,16.0
6a217e5e8267300cb074eaf0,512.0,1,False,2026-06-04 20:59:36.650,0.0,1019990.0,4,16.0
6a217e5e8267300cb074eaf2,256.0,1,False,2026-06-04 20:59:36.650,0.0,479990.0,0,8.0
6a217e5e8267300cb074eaf7,1024.0,0,False,2026-06-04 20:59:36.651,0.0,2559990.0,1,32.0
6a217e5e8267300cb074eafd,512.0,1,False,2026-06-04 20:59:36.651,0.0,584990.0,0,8.0
6a217e5e8267300cb074eafe,512.0,1,False,2026-06-04 20:59:36.651,0.0,949990.0,4,16.0
6a217e5e8267300cb074eb00,512.0,2,False,2026-06-04 20:59:36.651,0.0,2549990.0,1,32.0
6a217e5e8267300cb074eb01,256.0,1,False,2026-06-04 20:59:36.651,0.0,862990.0,0,8.0
6a217e5e8267300cb074eb06,512.0,1,False,2026-06-04 20:59:36.651,0.0,1119631.0,4,16.0
6a217e5e8267300cb074eb08,512.0,1,False,2026-06-04 20:59:36.651,0.0,999999.0,4,16.0
6a217e5e8267300cb074eb0b,756.0,1,False,2026-06-04 20:59:36.651,0.0,708488.0,0,8.0
6a217e5e8267300cb074eb0c,512.0,1,False,2026-06-04 20:59:36.652,0.0,515990.0,0,8.0
6a217e5e8267300cb074eb0f,1024.0,1,False,2026-06-04 20:59:36.652,0.0,999990.0,4,16.0
6a217e5e8267300cb074eb14,1024.0,0,False,2026-06-04 20:59:36.652,0.0,2070990.0,1,32.0
6a217e5e8267300cb074eb15,256.0,1,False,2026-06-04 20:59:36.652,0.0,860990.0,0,4.0
6a217e5e8267300cb074eb1e,1024.0,1,False,2026-06-04 20:59:36.652,0.0,919990.0,4,16.0
6a217e5e8267300cb074eb21,256.0,1,False,2026-06-04 20:59:36.652,0.0,259900.0,0,8.0
6a217e5e8267300cb074eb25,1024.0,1,False,2026-06-04 20:59:36.652,0.0,669990.0,4,16.0
6a217e5e8267300cb074eb30,256.0,1,False,2026-06-04 20:59:36.652,0.0,879990.0,0,8.0
6a217e5e8267300cb074eb35,1024.0,0,False,2026-06-04 20:59:36.652,3.0,1752987.0,1,32.0
6a217e5e8267300cb074eb36,512.0,2,False,2026-06-04 20:59:36.652,3.0,799990.0,4,32.0
6a217e5e8267300cb074eb38,512.0,-1,True,2026-06-04 20:59:36.652,3.0,1799990.0,4,8.0
6a217e5e8267300cb074eb3a,1024.0,0,False,2026-06-04 20:59:36.652,3.0,2999900.0,1,32.0
6a217e5e8267300cb074eb3e,512.0,1,False,2026-06-04 20:59:36.652,3.0,1101990.0,4,16.0
6a217e5e8267300cb074eb40,1024.0,0,False,2026-06-04 20:59:36.652,3.0,1607345.0,1,32.0
6a217e5e8267300cb074eb43,512.0,1,False,2026-06-04 20:59:36.652,3.0,1211990.0,4,16.0
6a217e5e8267300cb074eb44,1024.0,0,False,2026-06-04 20:59:36.652,3.0,1583990.0,1,32.0
6a217e5e8267300cb074eb45,512.0,1,False,2026-06-04 20:59:36.652,3.0,1165990.0,4,16.0
6a217e5e8267300cb074eb47,256.0,1,False,2026-06-04 20:59:36.652,3.0,800990.0,0,8.0
6a217e5e8267300cb074eb8d,2048.0,8,False,2026-06-04 20:59:36.652,3.0,1599990.0,3,64.0
6a217e5e8267300cb074eb8e,512.0,1,False,2026-06-04 20:59:36.652,3.0,649990.0,0,16.0
6a217e5e8267300cb074eb90,512.0,1,False,2026-06-04 20:59:36.652,3.0,531290.0,0,8.0
6a217e5e8267300cb074eb95,512.0,1,False,2026-06-04 20:59:36.653,3.0,645990.0,0,8.0
6a217e5e8267300cb074eb98,512.0,1,False,2026-06-04 20:59:36.653,3.0,1165990.0,4,16.0
6a217e5e8267300cb074eb9e,512.0,1,False,2026-06-04 20:59:36.653,3.0,1173990.0,4,16.0
6a217e5e8267300cb074eb9f,256.0,1,False,2026-06-04 20:59:36.653,3.0,1062050.0,0,16.0
6a217e5e8267300cb074eba1,512.0,2,False,2026-06-04 20:59:36.653,3.0,799990.0,4,32.0
6a217e5e8267300cb074eba2,512.0,1,False,2026-06-04 20:59:36.653,3.0,699990.0,0,16.0
6a217e5e8267300cb074eba4,1024.0,0,False,2026-06-04 20:59:36.653,3.0,1299990.0,1,32.0
6a217e5e8267300cb074eba6,2048.0,6,False,2026-06-04 20:59:36.653,3.0,1399990.0,1,32.0
6a217e5e8267300cb074eba7,512.0,1,False,2026-06-04 20:59:36.653,3.0,930990.0,0,8.0
6a217e5e8267300cb074ebaa,512.0,1,False,2026-06-04 20:59:36.654,3.0,1165990.0,4,16.0
6a217e5e8267300cb074ebab,512.0,1,False,2026-06-04 20:59:36.654,3.0,692990.0,0,8.0
6a217e5e8267300cb074ebac,512.0,1,False,2026-06-04 20:59:36.654,3.0,699990.0,0,16.0
6a217e5e8267300cb074ebb3,2048.0,6,False,2026-06-04 20:59:36.654,3.0,1399990.0,1,32.0
6a217e5e8267300cb074ebb7,1024.0,0,False,2026-06-04 20:59:36.654,3.0,899990.0,1,32.0
6a217e5e8267300cb074ebba,512.0,1,False,2026-06-04 20:59:36.654,3.0,499990.0,0,8.0
6a217e5e8267300cb074ebbb,1024.0,0,False,2026-06-04 20:59:36.654,3.0,1583990.0,1,32.0
6a217e5e8267300cb074ebbd,512.0,1,False,2026-06-04 20:59:36.654,3.0,549990.0,0,8.0
6a217e5e8267300cb074ebbf,2048.0,8,False,2026-06-04 20:59:36.654,3.0,1599990.0,3,64.0
6a217e5e8267300cb074ebc4,256.0,1,False,2026-06-04 20:59:36.654,3.0,339990.0,0,8.0
6a217e5e8267300cb074ebc8,512.0,1,False,2026-06-04 20:59:36.654,3.0,1129990.0,0,8.0
6a217e5e8267300cb074ebc9,1024.0,1,False,2026-06-04 20:59:36.654,3.0,2152990.0,1,16.0
6a217e5e8267300cb074ebcb,512.0,1,False,2026-06-04 20:59:36.654,3.0,1173990.0,4,16.0
6a217e5e8267300cb074ebcc,512.0,1,False,2026-06-04 20:59:36.654,3.0,835990.0,0,16.0
6a217e5e8267300cb074ebcd,512.0,1,False,2026-06-04 20:59:36.654,3.0,937990.0,4,16.0
6a217e5e8267300cb074ebd2,2048.0,8,False,2026-06-04 20:59:36.654,3.0,1599990.0,3,64.0
6a217e5e8267300cb074ebd4,512.0,2,False,2026-06-04 20:59:36.654,3.0,799990.0,4,32.0
6a217e5e8267300cb074ebd7,1024.0,0,False,2026-06-04 20:59:36.654,3.0,1583990.0,1,32.0
6a217e5e8267300cb074ebde,512.0,1,False,2026-06-04 20:59:36.654,3.0,1354990.0,4,16.0
6a217e5e8267300cb074ebe1,512.0,1,False,2026-06-04 20:59:36.654,3.0,1173990.0,4,16.0
6a217e5e8267300cb074ebe2,256.0,1,False,2026-06-04 20:59:36.655,3.0,861990.0,0,8.0
6a217e5e8267300cb074ebe5,1024.0,0,False,2026-06-04 20:59:36.655,3.0,1583990.0,1,32.0
6a217e5e8267300cb074ebe7,256.0,1,False,2026-06-04 20:59:36.655,3.0,399000.0,0,16.0
6a217e5e8267300cb074ebf7,512.0,2,False,2026-06-04 20:59:36.655,3.0,769990.0,4,32.0
6a217e5e8267300cb074ec09,512.0,2,False,2026-06-04 20:59:36.655,3.0,799990.0,4,32.0
6a217e5e8267300cb074ec0c,512.0,1,False,2026-06-04 20:59:36.655,3.0,885990.0,0,16.0
6a217e5e8267300cb074ec0f,512.0,2,False,2026-06-04 20:59:36.655,3.0,1489990.0,4,32.0
6a217e5e8267300cb074ec17,512.0,1,False,2026-06-04 20:59:36.655,3.0,699990.0,0,16.0
6a217e5e8267300cb074ec20,1024.0,1,False,2026-06-04 20:59:36.655,3.0,829990.0,4,16.0
6a217e5e8267300cb074ec26,512.0,2,False,2026-06-04 20:59:36.655,3.0,1189990.0,4,32.0
6a217e5e8267300cb074ec30,512.0,1,False,2026-06-04 20:59:36.655,3.0,725990.0,0,8.0
6a217e5e8267300cb074ec36,2048.0,6,False,2026-06-04 20:59:36.655,3.0,1399990.0,1,32.0
6a217e5e8267300cb074ec39,1024.0,0,False,2026-06-04 20:59:36.655,3.0,1848833.0,1,32.0
6a217e5e8267300cb074ec40,1024.0,7,False,2026-06-04 20:59:36.655,3.0,1499990.0,3,64.0
6a217e5e8267300cb074ec41,256.0,1,False,2026-06-04 20:59:36.655,3.0,319990.0,0,8.0
6a217e5e8267300cb074ec46,512.0,1,False,2026-06-04 20:59:36.655,3.0,1173990.0,4,16.0
6a217e5e8267300cb074ec47,512.0,1,False,2026-06-04 20:59:36.655,3.0,653990.0,0,8.0
6a217e5e8267300cb074ec4c,2048.0,8,False,2026-06-04 20:59:36.655,3.0,1599990.0,3,64.0
6a217e5e8267300cb074ec4d,1024.0,0,False,2026-06-04 20:59:36.655,3.0,1110890.0,1,32.0
6a217e5e8267300cb074ec50,1024.0,0,False,2026-06-04 20:59:36.655,3.0,959990.0,1,32.0
6a217e5e8267300cb074ec53,512.0,1,False,2026-06-04 20:59:36.655,3.0,676190.0,0,16.0
6a217e5e8267300cb074ec56,512.0,1,False,2026-06-04 20:59:36.656,3.0,499990.0,0,16.0
6a217e5e8267300cb074ec58,512.0,1,False,2026-06-04 20:59:36.656,3.0,2330990.0,4,16.0
6a217e5e8267300cb074ec60,1024.0,0,False,2026-06-04 20:59:36.656,3.0,1549990.0,1,32.0
6a217e5e8267300cb074ec62,256.0,1,False,2026-06-04 20:59:36.656,3.0,594990.0,0,8.0
6a217e5e8267300cb074eb4d,256.0,1,False,2026-06-04 20:59:36.656,3.0,883990.0,0,8.0
6a217e5e8267300cb074eb55,512.0,1,False,2026-06-04 20:59:36.656,3.0,875990.0,0,16.0
6a217e5e8267300cb074eb58,1024.0,7,False,2026-06-04 20:59:36.656,3.0,1499990.0,3,64.0
6a217e5e8267300cb074eb59,1024.0,0,False,2026-06-04 20:59:36.656,3.0,1299990.0,1,32.0
6a217e5e8267300cb074eb5a,2048.0,8,False,2026-06-04 20:59:36.656,3.0,1599990.0,3,64.0
6a217e5e8267300cb074eb5e,512.0,1,False,2026-06-04 20:59:36.656,3.0,349990.0,0,16.0
6a217e5e8267300cb074eb63,1024.0,0,False,2026-06-04 20:59:36.656,3.0,1299990.0,1,32.0
6a217e5e8267300cb074eb64,512.0,1,False,2026-06-04 20:59:36.656,3.0,930990.0,0,8.0
6a217e5e8267300cb074eb66,512.0,1,False,2026-06-04 20:59:36.656,3.0,1173990.0,4,16.0
6a217e5e8267300cb074eb6e,512.0,1,False,2026-06-04 20:59:36.656,3.0,1093990.0,4,16.0
6a217e5e8267300cb074eb71,2048.0,6,False,2026-06-04 20:59:36.656,3.0,1399990.0,1,32.0
6a217e5e8267300cb074eb74,1024.0,0,False,2026-06-04 20:59:36.656,3.0,1583990.0,1,32.0
6a217e5e8267300cb074eb78,1024.0,7,False,2026-06-04 20:59:36.656,3.0,1499990.0,3,64.0
6a217e5e8267300cb074eb79,512.0,1,False,2026-06-04 20:59:36.656,3.0,1173990.0,4,16.0
6a217e5e8267300cb074eb7d,256.0,1,False,2026-06-04 20:59:36.656,3.0,399990.0,0,16.0
6a217e5e8267300cb074eb7f,512.0,1,False,2026-06-04 20:59:36.656,3.0,1165990.0,4,16.0
6a217e5e8267300cb074eb82,512.0,1,False,2026-06-04 20:59:36.656,3.0,1088990.0,4,16.0
6a217e5e8267300cb074eb88,256.0,1,False,2026-06-04 20:59:36.657,3.0,985990.0,0,8.0
6a217e5e8267300cb074eb8b,1024.0,1,False,2026-06-04 20:59:36.657,3.0,899990.0,4,16.0
6a217e5e8267300cb074eb8c,2048.0,6,False,2026-06-04 20:59:36.657,3.0,1399990.0,1,32.0
6a217e5e8267300cb074eb92,512.0,1,False,2026-06-04 20:59:36.657,3.0,499990.0,0,8.0
6a217e5e8267300cb074eb94,1024.0,7,False,2026-06-04 20:59:36.657,3.0,1448990.0,3,64.0
6a217e5e8267300cb074eb99,512.0,1,False,2026-06-04 20:59:36.657,3.0,1173990.0,4,16.0
6a217e5e8267300cb074eb9b,1024.0,1,False,2026-06-04 20:59:36.657,3.0,529990.0,4,16.0
6a217e5e8267300cb074eb9c,512.0,2,False,2026-06-04 20:59:36.657,3.0,799990.0,4,32.0
6a217e5e8267300cb074ebb0,1024.0,1,False,2026-06-04 20:59:36.657,3.0,829990.0,4,16.0
6a217e5e8267300cb074ebb5,512.0,1,False,2026-06-04 20:59:36.657,3.0,1306990.0,4,16.0
6a217e5e8267300cb074ebb8,512.0,1,False,2026-06-04 20:59:36.657,3.0,699990.0,0,16.0
6a217e5e8267300cb074ebb9,1024.0,0,False,2026-06-04 20:59:36.657,3.0,1549990.0,1,32.0
6a217e5e8267300cb074ebc0,1024.0,1,False,2026-06-04 20:59:36.657,3.0,829990.0,4,16.0
6a217e5e8267300cb074ebc1,2048.0,0,False,2026-06-04 20:59:36.657,3.0,1149990.0,1,16.0
6a217e5e8267300cb074ebc5,256.0,1,False,2026-06-04 20:59:36.657,3.0,274990.0,0,8.0
6a217e5e8267300cb074ebca,2048.0,0,False,2026-06-04 20:59:36.658,3.0,1149990.0,1,16.0
6a217e5e8267300cb074ebd3,1024.0,7,False,2026-06-04 20:59:36.658,3.0,1499990.0,3,64.0
6a217e5e8267300cb074ebd8,512.0,1,False,2026-06-04 20:59:36.658,3.0,1173990.0,4,16.0
6a217e5e8267300cb074ebda,512.0,1,False,2026-06-04 20:59:36.658,3.0,1161990.0,4,16.0
6a217e5e8267300cb074ebdb,1024.0,0,False,2026-06-04 20:59:36.658,3.0,1299990.0,1,32.0
6a217e5e8267300cb074ebdc,256.0,1,False,2026-06-04 20:59:36.658,3.0,299990.0,0,16.0
6a217e5e8267300cb074ebdd,512.0,1,False,2026-06-04 20:59:36.658,3.0,1129990.0,4,16.0
6a217e5e8267300cb074ebe4,512.0,1,False,2026-06-04 20:59:36.658,3.0,1015990.0,4,16.0
6a217e5e8267300cb074ebe8,1024.0,0,False,2026-06-04 20:59:36.658,3.0,1299990.0,1,32.0
6a217e5e8267300cb074ebea,2048.0,8,False,2026-06-04 20:59:36.658,3.0,1599990.0,3,64.0
6a217e5e8267300cb074ebed,512.0,1,False,2026-06-04 20:59:36.658,3.0,868990.0,0,8.0
6a217e5e8267300cb074ebee,1024.0,0,False,2026-06-04 20:59:36.658,3.0,899990.0,1,32.0
6a217e5e8267300cb074ebf1,512.0,1,False,2026-06-04 20:59:36.658,3.0,1444990.0,4,16.0
6a217e5e8267300cb074ebf5,512.0,2,False,2026-06-04 20:59:36.658,3.0,799990.0,4,32.0
6a217e5e8267300cb074ebf8,2048.0,6,False,2026-06-04 20:59:36.658,3.0,1399990.0,1,32.0
6a217e5e8267300cb074ebf9,2048.0,8,False,2026-06-04 20:59:36.658,3.0,1599990.0,3,64.0
6a217e5e8267300cb074ebfc,512.0,1,False,2026-06-04 20:59:36.658,3.0,1165990.0,4,16.0
6a217e5e8267300cb074ec00,2048.0,0,False,2026-06-04 20:59:36.658,3.0,1149990.0,1,16.0
6a217e5e8267300cb074ec02,512.0,2,False,2026-06-04 20:59:36.658,3.0,1079990.0,4,32.0
6a217e5e8267300cb074ec03,512.0,1,False,2026-06-04 20:59:36.658,3.0,1165990.0,4,16.0
6a217e5e8267300cb074ec12,512.0,2,False,2026-06-04 20:59:36.659,3.0,799990.0,4,32.0
6a217e5e8267300cb074ec1a,2048.0,0,False,2026-06-04 20:59:36.659,3.0,1149990.0,1,16.0
6a217e5e8267300cb074ec1b,512.0,1,False,2026-06-04 20:59:36.659,3.0,699990.0,0,16.0
6a217e5e8267300cb074ec1e,2048.0,0,False,2026-06-04 20:59:36.659,3.0,1149990.0,1,16.0
6a217e5e8267300cb074ec1f,2048.0,8,False,2026-06-04 20:59:36.659,3.0,1599990.0,3,64.0
6a217e5e8267300cb074ec27,512.0,1,False,2026-06-04 20:59:36.659,3.0,935675.0,4,16.0
6a217e5e8267300cb074ec28,512.0,1,False,2026-06-04 20:59:36.659,3.0,659990.0,0,8.0
6a217e5e8267300cb074ec2a,2048.0,8,False,2026-06-04 20:59:36.659,3.0,1599990.0,3,64.0
6a217e5e8267300cb074ec2d,1024.0,0,False,2026-06-04 20:59:36.659,3.0,999990.0,1,32.0
6a217e5e8267300cb074ec2f,1024.0,0,False,2026-06-04 20:59:36.659,3.0,1299990.0,1,32.0
6a217e5e8267300cb074ec34,256.0,1,False,2026-06-04 20:59:36.659,3.0,399990.0,0,8.0
6a217e5e8267300cb074ec3a,1024.0,0,False,2026-06-04 20:59:36.660,3.0,1583990.0,1,32.0
6a217e5e8267300cb074ec3b,512.0,1,False,2026-06-04 20:59:36.660,3.0,1224990.0,4,16.0
6a217e5e8267300cb074ec3c,512.0,1,False,2026-06-04 20:59:36.660,3.0,943990.0,0,8.0
6a217e5e8267300cb074ec42,512.0,1,False,2026-06-04 20:59:36.660,3.0,329990.0,0,8.0
6a217e5e8267300cb074ec45,512.0,1,False,2026-06-04 20:59:36.660,3.0,1165990.0,4,16.0
6a217e5e8267300cb074ec4a,1024.0,0,False,2026-06-04 20:59:36.660,3.0,899990.0,1,32.0
6a217e5e8267300cb074ec4b,2048.0,8,False,2026-06-04 20:59:36.660,3.0,1599990.0,3,64.0
6a217e5e8267300cb074ec52,256.0,1,False,2026-06-04 20:59:36.660,3.0,1258990.0,0,8.0
6a217e5e8267300cb074ec55,1024.0,0,False,2026-06-04 20:59:36.660,3.0,1583990.0,1,32.0
6a217e5e8267300cb074ec5a,2048.0,6,False,2026-06-04 20:59:36.660,3.0,1399990.0,1,32.0
6a217e5e8267300cb074ec5b,512.0,1,False,2026-06-04 20:59:36.660,3.0,1799990.0,4,16.0
6a217e5e8267300cb074ec5f,1024.0,0,False,2026-06-04 20:59:36.660,3.0,899990.0,1,32.0
6a217e5e8267300cb074ec63,1024.0,0,False,2026-06-04 20:59:36.660,3.0,2618990.0,1,32.0
6a217e5e8267300cb074ec68,256.0,1,False,2026-06-04 20:59:36.660,3.0,449990.0,0,16.0
6a217e5e8267300cb074ec6c,512.0,1,False,2026-06-04 20:59:36.660,3.0,1165990.0,4,16.0
6a217e5e8267300cb074ec6d,1024.0,7,False,2026-06-04 20:59:36.660,3.0,1499990.0,3,64.0
6a217e5e8267300cb074ec66,512.0,1,False,2026-06-04 20:59:36.660,3.0,729990.0,0,16.0
6a217e5e8267300cb074ec6b,2048.0,8,False,2026-06-04 20:59:36.660,3.0,1599990.0,3,64.0
6a217e5e8267300cb074ec6f,1024.0,0,False,2026-06-04 20:59:36.661,3.0,1549990.0,1,32.0
6a217e5e8267300cb074ec70,512.0,1,False,2026-06-04 20:59:36.661,3.0,1124990.0,4,16.0
6a217e5e8267300cb074ec65,512.0,1,False,2026-06-04 20:59:36.661,3.0,1199990.0,4,16.0
6a217e5e8267300cb074ec67,2048.0,6,False,2026-06-04 20:59:36.661,3.0,1399990.0,1,32.0
6a217e5e8267300cb074ec69,2048.0,0,False,2026-06-04 20:59:36.661,3.0,1149990.0,1,16.0
6a217e5e8267300cb074ec6a,1024.0,1,False,2026-06-04 20:59:36.661,3.0,1049990.0,4,16.0
6a217e5e8267300cb074ec6e,1024.0,1,False,2026-06-04 20:59:36.661,3.0,829990.0,4,16.0
6a217e608267300cb074ec73,512.0,1,False,2026-06-04 20:59:36.661,3.0,1165990.0,4,16.0
6a217e608267300cb074ec74,1024.0,0,False,2026-06-04 20:59:36.661,3.0,1299990.0,1,32.0
6a217e608267300cb074ec78,512.0,1,False,2026-06-04 20:59:36.661,3.0,1009990.0,0,8.0
6a217e608267300cb074ec79,256.0,1,False,2026-06-04 20:59:36.661,3.0,873990.0,0,8.0
6a217e608267300cb074ec7c,1024.0,1,False,2026-06-04 20:59:36.661,3.0,829990.0,4,16.0
6a217e608267300cb074ec81,512.0,1,False,2026-06-04 20:59:36.661,3.0,699990.0,0,16.0
6a217e608267300cb074ec85,2048.0,0,False,2026-06-04 20:59:36.661,3.0,1149990.0,1,16.0
6a217e608267300cb074ec86,1024.0,1,False,2026-06-04 20:59:36.661,3.0,829990.0,4,16.0
6a217e608267300cb074ec8a,1024.0,0,False,2026-06-04 20:59:36.661,3.0,1299990.0,1,32.0
6a217e608267300cb074ec92,256.0,1,False,2026-06-04 20:59:36.661,3.0,404990.0,0,8.0
6a217e608267300cb074ec9b,512.0,1,False,2026-06-04 20:59:36.661,3.0,1095386.0,4,16.0
6a217e608267300cb074ec9e,256.0,1,False,2026-06-04 20:59:36.661,16.0,289990.0,0,8.0
6a217e608267300cb074eca2,512.0,1,False,2026-06-04 20:59:36.661,5.0,749990.0,0,20.0
6a217e608267300cb074eca3,512.0,1,False,2026-06-04 20:59:36.661,5.0,999990.0,4,24.0
6a217e608267300cb074ecad,512.0,1,False,2026-06-04 20:59:36.661,5.0,604352.0,0,16.0
6a217e608267300cb074ecb3,512.0,1,False,2026-06-04 20:59:36.661,5.0,849990.0,0,16.0
6a217e608267300cb074ecb6,512.0,2,False,2026-06-04 20:59:36.662,5.0,549874.0,4,32.0
6a217e608267300cb074ecbc,512.0,1,False,2026-06-04 20:59:36.662,5.0,509990.0,0,16.0
6a217e608267300cb074ecbd,512.0,1,False,2026-06-04 20:59:36.662,5.0,749990.0,0,16.0
6a217e608267300cb074ecbf,128.0,1,False,2026-06-04 20:59:36.662,5.0,569990.0,0,8.0
6a217e608267300cb074ecc6,512.0,1,False,2026-06-04 20:59:36.662,5.0,489990.0,0,12.0
6a217e608267300cb074ecc7,512.0,1,False,2026-06-04 20:59:36.662,5.0,1499990.0,4,16.0
6a217e608267300cb074ecd2,512.0,1,False,2026-06-04 20:59:36.662,5.0,1499990.0,4,24.0
6a217e608267300cb074ecd8,512.0,1,False,2026-06-04 20:59:36.662,5.0,359990.0,0,16.0
6a217e608267300cb074ecda,512.0,1,False,2026-06-04 20:59:36.662,5.0,439990.0,0,8.0
6a217e608267300cb074ecdd,512.0,1,False,2026-06-04 20:59:36.662,5.0,629990.0,0,20.0
6a217e608267300cb074ecde,240.0,1,False,2026-06-04 20:59:36.662,5.0,259990.0,0,8.0
6a217e608267300cb074ecdf,512.0,1,False,2026-06-04 20:59:36.662,1.0,1554990.0,4,16.0
6a217e608267300cb074ece5,1024.0,1,False,2026-06-04 20:59:36.662,1.0,1639990.0,1,16.0
6a217e608267300cb074eceb,512.0,1,False,2026-06-04 20:59:36.662,1.0,765990.0,0,8.0
6a217e608267300cb074ecec,1024.0,0,False,2026-06-04 20:59:36.662,1.0,1869990.0,1,32.0
6a217e608267300cb074ecf4,1024.0,1,False,2026-06-04 20:59:36.662,1.0,979990.0,4,16.0
6a217e608267300cb074ecf8,1024.0,0,False,2026-06-04 20:59:36.662,1.0,1069990.0,1,32.0
6a217e608267300cb074ecf9,1024.0,1,False,2026-06-04 20:59:36.662,1.0,799990.0,4,16.0
6a217e608267300cb074ecfb,512.0,1,False,2026-06-04 20:59:36.662,1.0,859990.0,0,16.0
6a217e608267300cb074ed02,512.0,1,False,2026-06-04 20:59:36.662,1.0,2189990.0,4,16.0
6a217e608267300cb074ed06,1024.0,0,False,2026-06-04 20:59:36.662,1.0,999990.0,1,32.0
6a217e608267300cb074ed0c,1024.0,1,False,2026-06-04 20:59:36.662,1.0,849990.0,4,16.0
6a217e608267300cb074ed0f,256.0,1,False,2026-06-04 20:59:36.662,1.0,569990.0,0,8.0
6a217e608267300cb074ed13,1024.0,1,False,2026-06-04 20:59:36.662,1.0,979990.0,4,16.0
6a217e608267300cb074ed14,512.0,1,False,2026-06-04 20:59:36.662,1.0,679990.0,0,16.0
6a217e608267300cb074ed16,512.0,1,False,2026-06-04 20:59:36.662,1.0,614495.0,0,8.0
6a217e608267300cb074ed19,512.0,1,False,2026-06-04 20:59:36.662,1.0,799990.0,0,16.0
6a217e608267300cb074ed1e,1024.0,1,False,2026-06-04 20:59:36.663,1.0,699990.0,4,16.0
6a217e608267300cb074ed22,512.0,9,False,2026-06-04 20:59:36.663,1.0,989990.0,3,64.0
6a217e608267300cb074ed25,512.0,1,False,2026-06-04 20:59:36.663,1.0,609990.0,0,8.0
6a217e608267300cb074ed26,512.0,1,False,2026-06-04 20:59:36.663,1.0,859990.0,0,16.0
6a217e608267300cb074ed2c,512.0,1,False,2026-06-04 20:59:36.663,1.0,859990.0,0,16.0
6a217e608267300cb074ed2e,512.0,1,False,2026-06-04 20:59:36.663,1.0,712990.0,0,16.0
6a217e608267300cb074ed32,1024.0,0,False,2026-06-04 20:59:36.663,1.0,999990.0,1,32.0
6a217e608267300cb074ed34,256.0,1,False,2026-06-04 20:59:36.663,1.0,717990.0,0,8.0
6a217e608267300cb074ed38,1024.0,7,False,2026-06-04 20:59:36.663,1.0,1259990.0,3,64.0
6a217e608267300cb074ed3c,1024.0,1,False,2026-06-04 20:59:36.663,1.0,1669990.0,1,16.0
6a217e608267300cb074ed42,1024.0,1,False,2026-06-04 20:59:36.663,1.0,849990.0,4,16.0
6a217e608267300cb074ed49,512.0,1,False,2026-06-04 20:59:36.663,1.0,1129990.0,4,16.0
6a217e608267300cb074ed4e,256.0,1,False,2026-06-04 20:59:36.663,1.0,579990.0,0,8.0
6a217e608267300cb074ed4f,512.0,1,False,2026-06-04 20:59:36.663,1.0,566656.0,0,8.0
6a217e608267300cb074ed52,512.0,1,False,2026-06-04 20:59:36.663,1.0,1005683.0,4,16.0
6a217e608267300cb074ed56,256.0,1,False,2026-06-04 20:59:36.663,1.0,369990.0,0,8.0
6a217e608267300cb074ed5b,1024.0,0,False,2026-06-04 20:59:36.663,1.0,999990.0,1,32.0
6a217e608267300cb074ed5d,1024.0,1,False,2026-06-04 20:59:36.663,1.0,1149990.0,4,16.0
6a217e608267300cb074ed60,1024.0,0,False,2026-06-04 20:59:36.663,1.0,1393990.0,1,32.0
6a217e608267300cb074ed64,512.0,1,False,2026-06-04 20:59:36.663,1.0,859990.0,0,16.0
6a217e608267300cb074ed65,512.0,1,False,2026-06-04 20:59:36.663,1.0,1039990.0,4,16.0
6a217e608267300cb074ec71,512.0,1,False,2026-06-04 20:59:36.663,3.0,304990.0,0,16.0
6a217e608267300cb074ec72,512.0,1,False,2026-06-04 20:59:36.663,3.0,1289990.0,4,16.0
6a217e608267300cb074ec7b,1024.0,1,False,2026-06-04 20:59:36.663,3.0,829990.0,4,16.0
6a217e608267300cb074ec84,2048.0,0,False,2026-06-04 20:59:36.663,3.0,1149990.0,1,16.0
6a217e608267300cb074ec93,512.0,2,False,2026-06-04 20:59:36.663,3.0,799990.0,4,32.0
6a217e608267300cb074eca0,1024.0,0,False,2026-06-04 20:59:36.664,5.0,2299990.0,1,32.0
6a217e608267300cb074eca1,128.0,1,False,2026-06-04 20:59:36.664,5.0,359990.0,0,8.0
6a217e608267300cb074eca4,1024.0,0,False,2026-06-04 20:59:36.664,5.0,1499990.0,1,32.0
6a217e608267300cb074eca9,1024.0,1,False,2026-06-04 20:59:36.664,5.0,649000.0,4,16.0
6a217e608267300cb074ecac,512.0,1,False,2026-06-04 20:59:36.664,5.0,819990.0,4,24.0
6a217e608267300cb074ecb1,512.0,1,False,2026-06-04 20:59:36.664,5.0,699990.0,0,8.0
6a217e608267300cb074ecb8,512.0,1,False,2026-06-04 20:59:36.664,5.0,979990.0,4,24.0
6a217e608267300cb074ecbb,512.0,1,False,2026-06-04 20:59:36.664,5.0,899990.0,0,16.0
6a217e608267300cb074ecbe,2048.0,5,False,2026-06-04 20:59:36.664,5.0,2699990.0,2,32.0
6a217e608267300cb074ecc8,256.0,1,False,2026-06-04 20:59:36.664,5.0,499990.0,0,8.0
6a217e608267300cb074ecca,512.0,1,False,2026-06-04 20:59:36.664,5.0,709990.0,0,16.0
6a217e608267300cb074eccf,512.0,1,False,2026-06-04 20:59:36.664,5.0,699990.0,0,8.0
6a217e608267300cb074ece0,512.0,1,False,2026-06-04 20:59:36.664,1.0,679990.0,0,16.0
6a217e608267300cb074ece3,512.0,1,False,2026-06-04 20:59:36.664,1.0,903399.0,0,16.0
6a217e608267300cb074ece9,1024.0,0,False,2026-06-04 20:59:36.664,1.0,999990.0,1,32.0
6a217e608267300cb074ecea,512.0,1,False,2026-06-04 20:59:36.664,1.0,609990.0,0,8.0
6a217e608267300cb074ecf2,512.0,1,False,2026-06-04 20:59:36.664,1.0,799990.0,0,8.0
6a217e608267300cb074ecf6,512.0,1,False,2026-06-04 20:59:36.664,1.0,499990.0,0,8.0
6a217e608267300cb074ecff,1024.0,7,False,2026-06-04 20:59:36.664,1.0,1499990.0,3,64.0
6a217e608267300cb074ed03,1024.0,7,False,2026-06-04 20:59:36.664,1.0,1099990.0,3,64.0
6a217e608267300cb074ed07,512.0,1,False,2026-06-04 20:59:36.664,1.0,1210990.0,4,16.0
6a217e608267300cb074ed11,1024.0,0,False,2026-06-04 20:59:36.665,1.0,1999990.0,1,32.0
6a217e608267300cb074ed12,512.0,1,False,2026-06-04 20:59:36.689,1.0,1399990.0,4,16.0
6a217e608267300cb074ed1c,1024.0,1,False,2026-06-04 20:59:36.689,1.0,849990.0,4,16.0
6a217e608267300cb074ed1d,512.0,1,False,2026-06-04 20:59:36.689,1.0,857449.0,0,16.0
6a217e608267300cb074ed20,1024.0,1,False,2026-06-04 20:59:36.689,1.0,699500.0,4,16.0
6a217e608267300cb074ed21,512.0,1,False,2026-06-04 20:59:36.689,1.0,549990.0,0,12.0
6a217e608267300cb074ed24,1024.0,0,False,2026-06-04 20:59:36.690,1.0,1549990.0,1,32.0
6a217e608267300cb074ed31,2048.0,-1,True,2026-06-04 20:59:36.690,1.0,4781990.0,2,32.0
6a217e608267300cb074ed3a,1024.0,0,False,2026-06-04 20:59:36.690,1.0,2499990.0,1,32.0
6a217e608267300cb074ed3b,512.0,2,False,2026-06-04 20:59:36.690,1.0,1339990.0,4,32.0
6a217e608267300cb074ed41,1024.0,1,False,2026-06-04 20:59:36.690,1.0,849990.0,4,16.0
6a217e608267300cb074ed46,512.0,1,False,2026-06-04 20:59:36.690,1.0,739990.0,0,16.0
6a217e608267300cb074ed47,512.0,1,False,2026-06-04 20:59:36.690,1.0,1397673.0,4,16.0
6a217e608267300cb074ed4a,512.0,1,False,2026-06-04 20:59:36.690,1.0,679990.0,0,16.0
6a217e608267300cb074ed58,512.0,1,False,2026-06-04 20:59:36.690,1.0,859990.0,0,16.0
6a217e608267300cb074ed59,512.0,1,False,2026-06-04 20:59:36.690,1.0,733490.0,0,16.0
6a217e608267300cb074ed5c,1024.0,1,False,2026-06-04 20:59:36.690,1.0,849990.0,4,16.0
6a217e608267300cb074ed5f,512.0,1,False,2026-06-04 20:59:36.690,1.0,1109990.0,4,16.0
6a217e608267300cb074ed68,512.0,9,False,2026-06-04 20:59:36.690,1.0,989990.0,3,64.0
6a217e608267300cb074ed69,1024.0,0,False,2026-06-04 20:59:36.690,1.0,2199990.0,1,32.0
6a217e608267300cb074ed6c,1024.0,1,False,2026-06-04 20:59:36.690,1.0,900990.0,4,16.0
6a217e608267300cb074ed6d,512.0,1,False,2026-06-04 20:59:36.690,1.0,488832.0,0,8.0
6a217e608267300cb074ed70,512.0,1,False,2026-06-04 20:59:36.690,1.0,712990.0,0,16.0
6a217e608267300cb074ed71,512.0,1,False,2026-06-04 20:59:36.690,1.0,897990.0,0,16.0
6a217e608267300cb074ed73,1024.0,1,False,2026-06-04 20:59:36.690,1.0,1399990.0,4,16.0
6a217e608267300cb074ed74,1024.0,1,False,2026-06-04 20:59:36.690,1.0,900990.0,4,16.0
6a217e608267300cb074ed75,1024.0,1,False,2026-06-04 20:59:36.690,1.0,1323990.0,4,16.0
6a217e608267300cb074ed80,512.0,1,False,2026-06-04 20:59:36.690,1.0,1039990.0,4,16.0
6a217e608267300cb074ed83,512.0,1,False,2026-06-04 20:59:36.690,1.0,959990.0,4,16.0
6a217e608267300cb074ed8a,512.0,1,False,2026-06-04 20:59:36.690,1.0,712990.0,0,16.0
6a217e608267300cb074ed8d,512.0,1,False,2026-06-04 20:59:36.690,1.0,799990.0,0,8.0
6a217e608267300cb074ed93,512.0,1,False,2026-06-04 20:59:36.690,1.0,1289990.0,4,16.0
6a217e608267300cb074ed96,512.0,9,False,2026-06-04 20:59:36.693,1.0,956330.0,3,64.0
6a217e608267300cb074ed97,512.0,1,False,2026-06-04 20:59:36.693,1.0,519990.0,0,8.0
6a217e608267300cb074ed9a,512.0,1,False,2026-06-04 20:59:36.693,1.0,684849.0,0,16.0
6a217e608267300cb074ed9e,1024.0,1,False,2026-06-04 20:59:36.693,1.0,979990.0,4,16.0
6a217e608267300cb074ed9f,1024.0,1,False,2026-06-04 20:59:36.693,1.0,849990.0,4,16.0
6a217e608267300cb074eda0,512.0,1,False,2026-06-04 20:59:36.694,1.0,766990.0,0,16.0
6a217e608267300cb074ed72,1024.0,1,False,2026-06-04 20:59:36.694,1.0,900990.0,4,16.0
6a217e608267300cb074ed79,512.0,1,False,2026-06-04 20:59:36.694,1.0,843990.0,0,16.0
6a217e608267300cb074ed7b,1024.0,7,False,2026-06-04 20:59:36.694,1.0,1259990.0,3,64.0
6a217e608267300cb074ed7c,512.0,2,False,2026-06-04 20:59:36.694,1.0,999990.0,4,32.0
6a217e608267300cb074ed7f,1024.0,7,False,2026-06-04 20:59:36.694,1.0,1499990.0,3,64.0
6a217e608267300cb074ed85,512.0,1,False,2026-06-04 20:59:36.694,1.0,1129990.0,4,16.0
6a217e608267300cb074ed88,512.0,1,False,2026-06-04 20:59:36.694,1.0,547990.0,0,8.0
6a217e608267300cb074ed89,512.0,2,False,2026-06-04 20:59:36.694,1.0,929990.0,4,32.0
6a217e608267300cb074ed8e,1024.0,7,False,2026-06-04 20:59:36.694,1.0,1217150.0,3,64.0
6a217e608267300cb074ed90,512.0,1,False,2026-06-04 20:59:36.694,1.0,712990.0,0,16.0
6a217e608267300cb074ed9b,1024.0,1,False,2026-06-04 20:59:36.694,1.0,1299990.0,4,16.0
6a217e608267300cb074eda6,512.0,1,False,2026-06-04 20:59:36.694,1.0,679990.0,0,16.0
6a217e608267300cb074edb8,512.0,1,False,2026-06-04 20:59:36.694,1.0,919990.0,0,16.0
6a217e608267300cb074edba,1024.0,1,False,2026-06-04 20:59:36.694,1.0,1975990.0,1,16.0
6a217e608267300cb074edc9,1024.0,1,False,2026-06-04 20:59:36.694,1.0,825990.0,4,16.0
6a217e608267300cb074edca,512.0,1,False,2026-06-04 20:59:36.694,1.0,679990.0,0,16.0
6a217e608267300cb074edcd,512.0,1,False,2026-06-04 20:59:36.694,1.0,712990.0,0,16.0
6a217e608267300cb074edce,2048.0,-1,True,2026-06-04 20:59:36.694,1.0,5049990.0,2,64.0
6a217e608267300cb074edd2,512.0,1,False,2026-06-04 20:59:36.694,1.0,806990.0,0,8.0
6a217e608267300cb074edd3,512.0,1,False,2026-06-04 20:59:36.694,1.0,978990.0,4,16.0
6a217e608267300cb074edd4,1024.0,1,False,2026-06-04 20:59:36.694,1.0,979990.0,4,16.0
6a217e608267300cb074eddb,1024.0,1,False,2026-06-04 20:59:36.694,1.0,1729990.0,1,16.0
6a217e608267300cb074ede6,1024.0,2,False,2026-06-04 20:59:36.694,1.0,1599990.0,1,24.0
6a217e608267300cb074ede9,1024.0,0,False,2026-06-04 20:59:36.694,1.0,1327990.0,1,32.0
6a217e608267300cb074edea,1024.0,7,False,2026-06-04 20:59:36.695,1.0,1099990.0,3,64.0
6a217e608267300cb074edeb,1024.0,1,False,2026-06-04 20:59:36.695,1.0,1699990.0,1,16.0
6a217e608267300cb074edee,1024.0,0,False,2026-06-04 20:59:36.695,1.0,1069990.0,1,32.0
6a217e608267300cb074edf1,1024.0,7,False,2026-06-04 20:59:36.695,1.0,1259990.0,3,64.0
6a217e608267300cb074edf3,512.0,1,False,2026-06-04 20:59:36.695,1.0,679990.0,0,16.0
6a217e608267300cb074edf4,128.0,1,False,2026-06-04 20:59:36.695,1.0,499990.0,0,8.0
6a217e608267300cb074edf5,1024.0,1,False,2026-06-04 20:59:36.695,1.0,979990.0,4,16.0
6a217e608267300cb074edfa,512.0,1,False,2026-06-04 20:59:36.695,1.0,733990.0,0,8.0
6a217e608267300cb074edfb,1024.0,1,False,2026-06-04 20:59:36.695,1.0,900990.0,4,16.0
6a217e608267300cb074ee02,1024.0,1,False,2026-06-04 20:59:36.695,1.0,900990.0,4,16.0
6a217e608267300cb074ee08,1024.0,0,False,2026-06-04 20:59:36.695,1.0,2949990.0,1,32.0
6a217e608267300cb074ee0e,512.0,1,False,2026-06-04 20:59:36.695,1.0,779990.0,0,12.0
6a217e608267300cb074ee17,1024.0,7,False,2026-06-04 20:59:36.695,1.0,1499990.0,3,64.0
6a217e608267300cb074ee1f,1024.0,7,False,2026-06-04 20:59:36.695,1.0,1499990.0,3,64.0
6a217e608267300cb074ee25,1024.0,0,False,2026-06-04 20:59:36.695,1.0,999990.0,1,32.0
6a217e608267300cb074ee29,1024.0,0,False,2026-06-04 20:59:36.695,1.0,1799000.0,1,32.0
6a217e608267300cb074ee31,512.0,1,False,2026-06-04 20:59:36.695,1.0,715990.0,0,8.0
6a217e608267300cb074ee33,512.0,1,False,2026-06-04 20:59:36.695,1.0,712990.0,0,16.0
6a217e608267300cb074ee36,512.0,1,False,2026-06-04 20:59:36.695,1.0,549990.0,0,8.0
6a217e608267300cb074ee37,512.0,1,False,2026-06-04 20:59:36.695,1.0,679990.0,0,16.0
6a217e608267300cb074ee38,512.0,1,False,2026-06-04 20:59:36.695,1.0,419990.0,0,8.0
6a217e608267300cb074ee3f,1024.0,1,False,2026-06-04 20:59:36.695,1.0,979990.0,4,16.0
6a217e608267300cb074ee42,512.0,1,False,2026-06-04 20:59:36.695,1.0,1649990.0,4,16.0
6a217e608267300cb074ee4e,1024.0,0,False,2026-06-04 20:59:36.695,1.0,999990.0,1,32.0
6a217e608267300cb074ee53,512.0,9,False,2026-06-04 20:59:36.695,1.0,989990.0,3,64.0
6a217e608267300cb074ee56,512.0,1,False,2026-06-04 20:59:36.696,1.0,446990.0,0,8.0
6a217e608267300cb074ee61,1024.0,0,False,2026-06-04 20:59:36.696,1.0,2639990.0,1,32.0
6a217e608267300cb074ee65,1024.0,0,False,2026-06-04 20:59:36.696,1.0,3599990.0,2,32.0
6a217e608267300cb074ee69,1024.0,7,False,2026-06-04 20:59:36.696,1.0,1099990.0,3,64.0
6a217e608267300cb074ee6a,1024.0,1,False,2026-06-04 20:59:36.696,1.0,1029990.0,4,16.0
6a217e608267300cb074ee6b,1024.0,0,False,2026-06-04 20:59:36.696,1.0,1289990.0,1,32.0
6a217e608267300cb074ee6d,512.0,1,False,2026-06-04 20:59:36.696,1.0,859990.0,0,16.0
6a217e608267300cb074eda3,512.0,1,False,2026-06-04 20:59:36.696,1.0,1307990.0,4,16.0
6a217e608267300cb074eda7,256.0,1,False,2026-06-04 20:59:36.696,1.0,579990.0,0,8.0
6a217e608267300cb074edaa,1024.0,0,False,2026-06-04 20:59:36.696,1.0,1199990.0,1,32.0
6a217e608267300cb074edab,1024.0,7,False,2026-06-04 20:59:36.696,1.0,1259990.0,3,64.0
6a217e608267300cb074edad,512.0,1,False,2026-06-04 20:59:36.696,1.0,766990.0,0,16.0
6a217e608267300cb074edb7,1024.0,7,False,2026-06-04 20:59:36.696,1.0,1499990.0,3,64.0
6a217e608267300cb074edc0,512.0,1,False,2026-06-04 20:59:36.696,1.0,766990.0,0,16.0
6a217e608267300cb074edcb,1024.0,-1,True,2026-06-04 20:59:36.696,1.0,2182990.0,3,64.0
6a217e608267300cb074edd0,512.0,1,False,2026-06-04 20:59:36.696,1.0,619990.0,0,16.0
6a217e608267300cb074edd1,512.0,1,False,2026-06-04 20:59:36.696,1.0,859990.0,0,16.0
6a217e608267300cb074edd5,512.0,1,False,2026-06-04 20:59:36.696,1.0,1111990.0,0,8.0
6a217e608267300cb074edd6,512.0,1,False,2026-06-04 20:59:36.696,1.0,669990.0,0,16.0
6a217e608267300cb074edd8,1024.0,7,False,2026-06-04 20:59:36.696,1.0,1499990.0,3,64.0
6a217e608267300cb074edd9,512.0,1,False,2026-06-04 20:59:36.696,1.0,679990.0,0,16.0
6a217e608267300cb074eddd,1024.0,0,False,2026-06-04 20:59:36.696,1.0,1349990.0,1,32.0
6a217e608267300cb074edde,512.0,1,False,2026-06-04 20:59:36.696,1.0,1339990.0,4,16.0
6a217e608267300cb074ede0,1024.0,0,False,2026-06-04 20:59:36.696,1.0,1033610.0,1,32.0
6a217e608267300cb074ede1,1024.0,0,False,2026-06-04 20:59:36.697,1.0,1069990.0,1,32.0
6a217e608267300cb074ede8,512.0,2,False,2026-06-04 20:59:36.697,1.0,1269990.0,4,32.0
6a217e608267300cb074eded,1024.0,7,False,2026-06-04 20:59:36.697,1.0,1259990.0,3,64.0
6a217e608267300cb074edf6,512.0,1,False,2026-06-04 20:59:36.697,1.0,679990.0,0,16.0
6a217e608267300cb074edfc,512.0,1,False,2026-06-04 20:59:36.697,1.0,839990.0,0,16.0
6a217e608267300cb074ee00,512.0,1,False,2026-06-04 20:59:36.697,1.0,1937990.0,4,16.0
6a217e608267300cb074ee01,1024.0,7,False,2026-06-04 20:59:36.697,1.0,1099990.0,3,64.0
6a217e608267300cb074ee03,1024.0,0,False,2026-06-04 20:59:36.697,1.0,1899990.0,1,32.0
6a217e608267300cb074ee04,1024.0,7,False,2026-06-04 20:59:36.697,1.0,1499990.0,3,64.0
6a217e608267300cb074ee07,512.0,1,False,2026-06-04 20:59:36.697,1.0,766990.0,0,16.0
6a217e608267300cb074ee0b,1024.0,1,False,2026-06-04 20:59:36.697,1.0,979990.0,4,16.0
6a217e608267300cb074ee0c,512.0,1,False,2026-06-04 20:59:36.697,1.0,859990.0,0,16.0
6a217e608267300cb074ee0d,1024.0,7,False,2026-06-04 20:59:36.697,1.0,1099990.0,3,64.0
6a217e608267300cb074ee10,512.0,1,False,2026-06-04 20:59:36.697,1.0,829990.0,0,16.0
6a217e608267300cb074ee11,512.0,1,False,2026-06-04 20:59:36.697,1.0,611357.0,0,8.0
6a217e608267300cb074ee13,1024.0,0,False,2026-06-04 20:59:36.697,1.0,1549990.0,1,32.0
6a217e608267300cb074ee1b,512.0,1,False,2026-06-04 20:59:36.697,1.0,799990.0,0,16.0
6a217e608267300cb074ee20,1024.0,1,False,2026-06-04 20:59:36.697,1.0,900990.0,4,16.0
6a217e608267300cb074ee27,512.0,1,False,2026-06-04 20:59:36.697,1.0,892990.0,0,16.0
6a217e608267300cb074ee28,1024.0,7,False,2026-06-04 20:59:36.697,1.0,1259990.0,3,64.0
6a217e608267300cb074ee2b,512.0,1,False,2026-06-04 20:59:36.698,1.0,888362.0,0,16.0
6a217e608267300cb074ee30,1024.0,0,False,2026-06-04 20:59:36.698,1.0,1069990.0,1,32.0
6a217e608267300cb074ee3d,512.0,1,False,2026-06-04 20:59:36.698,1.0,1125370.0,4,16.0
6a217e608267300cb074ee41,512.0,1,False,2026-06-04 20:59:36.698,1.0,766990.0,0,16.0
6a217e608267300cb074ee4f,1024.0,0,False,2026-06-04 20:59:36.698,1.0,1699990.0,1,32.0
6a217e608267300cb074ee58,1024.0,0,False,2026-06-04 20:59:36.698,1.0,1845990.0,1,32.0
6a217e608267300cb074ee5b,1024.0,1,False,2026-06-04 20:59:36.698,1.0,1319990.0,4,16.0
6a217e608267300cb074ee63,512.0,1,False,2026-06-04 20:59:36.698,1.0,1129990.0,4,16.0
6a217e608267300cb074ee66,256.0,1,False,2026-06-04 20:59:36.698,1.0,549990.0,0,8.0
6a217e608267300cb074ee6e,1024.0,0,False,2026-06-04 20:59:36.698,1.0,1069990.0,1,32.0
6a217e608267300cb074ee6f,512.0,1,False,2026-06-04 20:59:36.698,1.0,560623.0,0,8.0
6a217e608267300cb074ee70,512.0,1,False,2026-06-04 20:59:36.698,1.0,719990.0,0,8.0
6a217e608267300cb074ec7a,2048.0,0,False,2026-06-04 20:59:36.698,3.0,1149990.0,1,16.0
6a217e608267300cb074ec7d,512.0,1,False,2026-06-04 20:59:36.699,3.0,814990.0,0,16.0
6a217e608267300cb074ec7e,512.0,1,False,2026-06-04 20:59:36.699,3.0,1165990.0,4,16.0
6a217e608267300cb074ec7f,2048.0,0,False,2026-06-04 20:59:36.699,3.0,1149990.0,1,16.0
6a217e608267300cb074ec80,1024.0,1,False,2026-06-04 20:59:36.699,3.0,605990.0,4,8.0
6a217e608267300cb074ec82,1024.0,0,False,2026-06-04 20:59:36.699,3.0,1549990.0,1,32.0
6a217e608267300cb074ec88,1024.0,0,False,2026-06-04 20:59:36.699,3.0,1549990.0,1,32.0
6a217e608267300cb074ec89,1024.0,0,False,2026-06-04 20:59:36.699,3.0,899990.0,1,32.0
6a217e608267300cb074ec8c,1024.0,0,False,2026-06-04 20:59:36.699,3.0,1299990.0,1,32.0
6a217e608267300cb074ec8d,512.0,1,False,2026-06-04 20:59:36.699,3.0,965990.0,4,16.0
6a217e608267300cb074ec8f,1024.0,1,False,2026-06-04 20:59:36.699,3.0,789990.0,4,8.0
6a217e608267300cb074ec90,512.0,1,False,2026-06-04 20:59:36.699,3.0,499990.0,0,8.0
6a217e608267300cb074ec91,1024.0,0,False,2026-06-04 20:59:36.699,3.0,1583990.0,1,32.0
6a217e608267300cb074ec95,1024.0,1,False,2026-06-04 20:59:36.699,3.0,799990.0,4,16.0
6a217e608267300cb074ec98,2048.0,6,False,2026-06-04 20:59:36.699,3.0,1399990.0,1,32.0
6a217e608267300cb074ec99,1024.0,1,False,2026-06-04 20:59:36.699,3.0,1049990.0,4,16.0
6a217e608267300cb074ec9c,256.0,1,False,2026-06-04 20:59:36.699,3.0,870990.0,0,8.0
6a217e608267300cb074ec9f,512.0,1,False,2026-06-04 20:59:36.699,5.0,498827.0,0,16.0
6a217e608267300cb074eca5,256.0,1,False,2026-06-04 20:59:36.699,5.0,900466.0,0,8.0
6a217e608267300cb074eca6,512.0,1,False,2026-06-04 20:59:36.699,5.0,749990.0,0,8.0
6a217e608267300cb074ecab,128.0,1,False,2026-06-04 20:59:36.699,5.0,449990.0,0,8.0
6a217e608267300cb074ecb5,512.0,1,False,2026-06-04 20:59:36.699,5.0,619990.0,0,16.0
6a217e608267300cb074ecb7,512.0,1,False,2026-06-04 20:59:36.700,5.0,1199990.0,4,16.0
6a217e608267300cb074ecb9,512.0,1,False,2026-06-04 20:59:36.700,5.0,649990.0,0,16.0
6a217e608267300cb074ecc0,512.0,2,False,2026-06-04 20:59:36.700,5.0,1849990.0,1,32.0
6a217e608267300cb074ecc3,512.0,1,False,2026-06-04 20:59:36.700,5.0,999990.0,4,16.0
6a217e608267300cb074ecc4,256.0,1,False,2026-06-04 20:59:36.700,5.0,389741.0,0,8.0
6a217e608267300cb074ecc5,512.0,1,False,2026-06-04 20:59:36.700,5.0,850000.0,0,16.0
6a217e608267300cb074ecc9,512.0,2,False,2026-06-04 20:59:36.700,5.0,1099990.0,4,32.0
6a217e608267300cb074eccb,512.0,1,False,2026-06-04 20:59:36.700,5.0,599990.0,0,8.0
6a217e608267300cb074ecd0,512.0,1,False,2026-06-04 20:59:36.700,5.0,581990.0,0,16.0
6a217e608267300cb074ecd6,512.0,1,False,2026-06-04 20:59:36.700,5.0,599990.0,0,16.0
6a217e608267300cb074ecdb,512.0,1,False,2026-06-04 20:59:36.700,5.0,1219990.0,4,24.0
6a217e608267300cb074ece2,1024.0,-1,True,2026-06-04 20:59:36.700,1.0,3249990.0,3,128.0
6a217e608267300cb074ece7,1024.0,0,False,2026-06-04 20:59:36.700,1.0,1099990.0,1,32.0
6a217e608267300cb074ecee,1024.0,1,False,2026-06-04 20:59:36.700,1.0,999990.0,4,16.0
6a217e608267300cb074ecef,512.0,1,False,2026-06-04 20:59:36.700,1.0,839990.0,0,16.0
6a217e608267300cb074ecf1,1024.0,1,False,2026-06-04 20:59:36.700,1.0,979990.0,4,16.0
6a217e608267300cb074ecfc,512.0,1,False,2026-06-04 20:59:36.700,1.0,679990.0,0,16.0
6a217e608267300cb074ecfe,512.0,1,False,2026-06-04 20:59:36.700,1.0,739990.0,0,8.0
6a217e608267300cb074ed00,1024.0,1,False,2026-06-04 20:59:36.700,1.0,849990.0,4,16.0
6a217e608267300cb074ed01,1024.0,7,False,2026-06-04 20:59:36.700,1.0,1099990.0,3,64.0
6a217e608267300cb074ed08,512.0,1,False,2026-06-04 20:59:36.700,1.0,509990.0,0,8.0
6a217e608267300cb074ed0d,1024.0,0,False,2026-06-04 20:59:36.700,1.0,1069990.0,1,32.0
6a217e608267300cb074ed0e,1024.0,1,False,2026-06-04 20:59:36.700,1.0,900990.0,4,16.0
6a217e608267300cb074ed10,512.0,2,False,2026-06-04 20:59:36.700,1.0,1129990.0,4,32.0
6a217e608267300cb074ed15,512.0,1,False,2026-06-04 20:59:36.701,1.0,599990.0,0,16.0
6a217e608267300cb074ed17,1024.0,0,False,2026-06-04 20:59:36.701,1.0,1069990.0,1,32.0
6a217e608267300cb074ed18,1024.0,1,False,2026-06-04 20:59:36.701,1.0,1379990.0,4,16.0
6a217e608267300cb074ed23,512.0,1,False,2026-06-04 20:59:36.701,1.0,499900.0,0,16.0
6a217e608267300cb074ed27,1024.0,1,False,2026-06-04 20:59:36.701,1.0,899990.0,4,8.0
6a217e608267300cb074ed29,512.0,1,False,2026-06-04 20:59:36.701,1.0,689990.0,0,16.0
6a217e608267300cb074ed2a,1024.0,7,False,2026-06-04 20:59:36.701,1.0,1499990.0,3,64.0
6a217e608267300cb074ed2d,512.0,1,False,2026-06-04 20:59:36.701,1.0,1020990.0,4,16.0
6a217e608267300cb074ed30,512.0,1,False,2026-06-04 20:59:36.701,1.0,549990.0,0,8.0
6a217e608267300cb074ed33,1024.0,7,False,2026-06-04 20:59:36.701,1.0,1259990.0,3,64.0
6a217e608267300cb074ed35,512.0,1,False,2026-06-04 20:59:36.701,1.0,979990.0,4,16.0
6a217e608267300cb074ed36,512.0,1,False,2026-06-04 20:59:36.701,1.0,539550.0,0,8.0
6a217e608267300cb074ed39,512.0,1,False,2026-06-04 20:59:36.701,1.0,897990.0,0,16.0
6a217e608267300cb074ed3d,1024.0,0,False,2026-06-04 20:59:36.701,1.0,1069990.0,1,32.0
6a217e608267300cb074ed3e,256.0,1,False,2026-06-04 20:59:36.701,1.0,364990.0,0,4.0
6a217e608267300cb074ed4b,1024.0,0,False,2026-06-04 20:59:36.701,1.0,1069990.0,1,32.0
6a217e608267300cb074ed4c,1024.0,1,False,2026-06-04 20:59:36.701,1.0,1319990.0,4,16.0
6a217e608267300cb074ed4d,512.0,1,False,2026-06-04 20:59:36.701,1.0,386311.0,0,8.0
6a217e608267300cb074ec75,1024.0,7,False,2026-06-04 20:59:36.701,3.0,1499990.0,3,64.0
6a217e608267300cb074ec76,2048.0,6,False,2026-06-04 20:59:36.701,3.0,1399990.0,1,32.0
6a217e608267300cb074ec77,1024.0,0,False,2026-06-04 20:59:36.701,3.0,1129990.0,1,32.0
6a217e608267300cb074ec83,512.0,1,False,2026-06-04 20:59:36.701,3.0,425000.0,0,16.0
6a217e608267300cb074ec87,512.0,1,False,2026-06-04 20:59:36.701,3.0,639900.0,0,16.0
6a217e608267300cb074ec8b,1024.0,0,False,2026-06-04 20:59:36.701,3.0,1299990.0,1,32.0
6a217e608267300cb074ec8e,512.0,1,False,2026-06-04 20:59:36.701,3.0,1173990.0,4,16.0
6a217e608267300cb074ec94,512.0,1,False,2026-06-04 20:59:36.702,3.0,1024990.0,4,16.0
6a217e608267300cb074ec96,1024.0,0,False,2026-06-04 20:59:36.702,3.0,1299990.0,1,32.0
6a217e608267300cb074ec97,1024.0,0,False,2026-06-04 20:59:36.702,3.0,899990.0,1,32.0
6a217e608267300cb074ec9a,1024.0,0,False,2026-06-04 20:59:36.702,3.0,1583990.0,1,32.0
6a217e608267300cb074ec9d,2048.0,6,False,2026-06-04 20:59:36.702,3.0,1399990.0,1,32.0
6a217e608267300cb074eca7,512.0,1,False,2026-06-04 20:59:36.702,5.0,819990.0,0,16.0
6a217e608267300cb074eca8,512.0,1,False,2026-06-04 20:59:36.702,5.0,899990.0,0,16.0
6a217e608267300cb074ecaa,64.0,1,False,2026-06-04 20:59:36.702,5.0,174176.0,0,4.0
6a217e608267300cb074ecae,64.0,1,False,2026-06-04 20:59:36.703,5.0,199057.0,0,4.0
6a217e608267300cb074ecaf,2048.0,5,False,2026-06-04 20:59:36.703,5.0,2699991.0,2,32.0
6a217e608267300cb074ecb0,512.0,1,False,2026-06-04 20:59:36.703,5.0,819990.0,0,16.0
6a217e608267300cb074ecb2,512.0,1,False,2026-06-04 20:59:36.703,5.0,1249990.0,4,24.0
6a217e608267300cb074ecb4,512.0,1,False,2026-06-04 20:59:36.703,5.0,679990.0,0,12.0
6a217e608267300cb074ecba,1024.0,0,False,2026-06-04 20:59:36.703,5.0,1579990.0,1,32.0
6a217e608267300cb074ecc1,1024.0,0,False,2026-06-04 20:59:36.703,5.0,2299990.0,1,32.0
6a217e608267300cb074ecc2,512.0,2,False,2026-06-04 20:59:36.703,5.0,729990.0,4,32.0
6a217e608267300cb074eccc,512.0,2,False,2026-06-04 20:59:36.703,5.0,649990.0,4,32.0
6a217e608267300cb074eccd,512.0,1,False,2026-06-04 20:59:36.703,5.0,999990.0,4,24.0
6a217e608267300cb074ecce,512.0,1,False,2026-06-04 20:59:36.703,5.0,619990.0,0,16.0
6a217e608267300cb074ecd1,512.0,1,False,2026-06-04 20:59:36.703,5.0,869990.0,0,16.0
6a217e608267300cb074ecd3,1024.0,0,False,2026-06-04 20:59:36.703,5.0,2299000.0,1,32.0
6a217e608267300cb074ecd4,512.0,1,False,2026-06-04 20:59:36.703,5.0,879990.0,0,16.0
6a217e608267300cb074ecd5,512.0,1,False,2026-06-04 20:59:36.703,5.0,365000.0,0,8.0
6a217e608267300cb074ecd7,512.0,1,False,2026-06-04 20:59:36.704,5.0,899990.0,0,16.0
6a217e608267300cb074ecd9,1024.0,1,False,2026-06-04 20:59:36.704,5.0,1799990.0,1,16.0
6a217e608267300cb074ecdc,512.0,2,False,2026-06-04 20:59:36.704,5.0,549990.0,4,32.0
6a217e608267300cb074ece1,1024.0,0,False,2026-06-04 20:59:36.704,1.0,1629990.0,1,32.0
6a217e608267300cb074ece4,512.0,1,False,2026-06-04 20:59:36.704,1.0,727990.0,0,8.0
6a217e608267300cb074ece6,512.0,1,False,2026-06-04 20:59:36.704,1.0,889990.0,0,16.0
6a217e608267300cb074ece8,512.0,1,False,2026-06-04 20:59:36.704,1.0,679990.0,0,16.0
6a217e608267300cb074eced,1024.0,0,False,2026-06-04 20:59:36.704,1.0,2899990.0,1,32.0
6a217e608267300cb074ecf0,1024.0,0,False,2026-06-04 20:59:36.704,1.0,3530990.0,2,32.0
6a217e608267300cb074ecf3,1024.0,0,False,2026-06-04 20:59:36.704,1.0,2119990.0,1,32.0
6a217e608267300cb074ecf5,512.0,1,False,2026-06-04 20:59:36.704,1.0,712990.0,0,16.0
6a217e608267300cb074ecf7,512.0,1,False,2026-06-04 20:59:36.704,1.0,712990.0,0,16.0
6a217e608267300cb074ecfa,512.0,1,False,2026-06-04 20:59:36.704,1.0,1578990.0,4,16.0
6a217e608267300cb074ecfd,512.0,1,False,2026-06-04 20:59:36.704,1.0,841990.0,0,8.0
6a217e608267300cb074ed04,1024.0,0,False,2026-06-04 20:59:36.704,1.0,1619699.0,1,32.0
6a217e608267300cb074ed05,1024.0,0,False,2026-06-04 20:59:36.704,1.0,1452990.0,1,32.0
6a217e608267300cb074ed09,512.0,1,False,2026-06-04 20:59:36.704,1.0,999990.0,0,8.0
6a217e608267300cb074ed0a,512.0,1,False,2026-06-04 20:59:36.704,1.0,890900.0,0,16.0
6a217e608267300cb074ed0b,1024.0,0,False,2026-06-04 20:59:36.705,1.0,2499990.0,1,32.0
6a217e608267300cb074ed1a,1024.0,1,False,2026-06-04 20:59:36.705,1.0,649990.0,4,16.0
6a217e608267300cb074ed1b,1024.0,7,False,2026-06-04 20:59:36.705,1.0,1499990.0,3,64.0
6a217e608267300cb074ed1f,1024.0,1,False,2026-06-04 20:59:36.705,1.0,900990.0,4,16.0
6a217e608267300cb074ed28,512.0,2,False,2026-06-04 20:59:36.705,1.0,999990.0,4,32.0
6a217e608267300cb074ed2b,1024.0,7,False,2026-06-04 20:59:36.705,1.0,1099990.0,3,64.0
6a217e608267300cb074ed2f,512.0,1,False,2026-06-04 20:59:36.705,1.0,859990.0,0,16.0
6a217e608267300cb074ed37,512.0,9,False,2026-06-04 20:59:36.705,1.0,989990.0,3,64.0
6a217e608267300cb074ed3f,1024.0,0,False,2026-06-04 20:59:36.705,1.0,1069990.0,1,32.0
6a217e608267300cb074ed40,1024.0,1,False,2026-06-04 20:59:36.705,1.0,1303990.0,4,16.0
6a217e608267300cb074ed43,512.0,1,False,2026-06-04 20:59:36.705,1.0,1199990.0,4,16.0
6a217e608267300cb074ed44,512.0,9,False,2026-06-04 20:59:36.705,1.0,989990.0,3,64.0
6a217e608267300cb074ed45,512.0,1,False,2026-06-04 20:59:36.705,1.0,2280112.0,4,16.0
6a217e608267300cb074ed48,1024.0,1,False,2026-06-04 20:59:36.705,1.0,1049422.0,4,16.0
6a217e608267300cb074ed51,1024.0,0,False,2026-06-04 20:59:36.705,1.0,1129990.0,1,32.0
6a217e608267300cb074ed53,1024.0,1,False,2026-06-04 20:59:36.705,1.0,979990.0,4,16.0
6a217e608267300cb074ed50,512.0,1,False,2026-06-04 20:59:36.705,1.0,1169990.0,0,8.0
6a217e608267300cb074ed54,512.0,1,False,2026-06-04 20:59:36.705,1.0,755990.0,0,16.0
6a217e608267300cb074ed5a,512.0,1,False,2026-06-04 20:59:36.705,1.0,599990.0,0,16.0
6a217e608267300cb074ed61,1024.0,1,False,2026-06-04 20:59:36.706,1.0,899990.0,4,16.0
6a217e608267300cb074ed63,1024.0,1,False,2026-06-04 20:59:36.706,1.0,1333990.0,4,16.0
6a217e608267300cb074ed6a,512.0,2,False,2026-06-04 20:59:36.706,1.0,1047990.0,4,32.0
6a217e608267300cb074ed6b,256.0,1,False,2026-06-04 20:59:36.706,1.0,579990.0,0,8.0
6a217e608267300cb074ed6e,256.0,1,False,2026-06-04 20:59:36.706,1.0,491990.0,0,8.0
6a217e608267300cb074ed76,1024.0,7,False,2026-06-04 20:59:36.706,1.0,1099990.0,3,64.0
6a217e608267300cb074ed78,512.0,1,False,2026-06-04 20:59:36.706,1.0,1794195.0,4,16.0
6a217e608267300cb074ed7a,1024.0,7,False,2026-06-04 20:59:36.706,1.0,1259990.0,3,64.0
6a217e608267300cb074ed8c,1024.0,1,False,2026-06-04 20:59:36.706,1.0,870356.0,4,16.0
6a217e608267300cb074ed92,256.0,1,False,2026-06-04 20:59:36.706,1.0,669990.0,0,8.0
6a217e608267300cb074ed94,1024.0,1,False,2026-06-04 20:59:36.706,1.0,900990.0,4,16.0
6a217e608267300cb074ed99,1024.0,7,False,2026-06-04 20:59:36.706,1.0,1259990.0,3,64.0
6a217e608267300cb074ed9d,1024.0,1,False,2026-06-04 20:59:36.706,1.0,699000.0,4,16.0
6a217e608267300cb074eda2,512.0,1,False,2026-06-04 20:59:36.706,1.0,939990.0,4,16.0
6a217e608267300cb074eda4,1024.0,7,False,2026-06-04 20:59:36.706,1.0,1259990.0,3,64.0
6a217e608267300cb074eda8,512.0,1,False,2026-06-04 20:59:36.706,1.0,944999.0,4,16.0
6a217e608267300cb074edae,1024.0,1,False,2026-06-04 20:59:36.706,1.0,900990.0,4,16.0
6a217e608267300cb074edb0,1024.0,7,False,2026-06-04 20:59:36.706,1.0,1499990.0,3,64.0
6a217e608267300cb074edb1,1024.0,0,False,2026-06-04 20:59:36.706,1.0,1069990.0,1,32.0
6a217e608267300cb074edb2,1024.0,7,False,2026-06-04 20:59:36.706,1.0,1259990.0,3,64.0
6a217e608267300cb074edb4,512.0,1,False,2026-06-04 20:59:36.707,1.0,859990.0,0,16.0
6a217e608267300cb074edb5,512.0,1,False,2026-06-04 20:59:36.707,1.0,629990.0,0,16.0
6a217e608267300cb074edb6,1024.0,7,False,2026-06-04 20:59:36.707,1.0,1259990.0,3,64.0
6a217e608267300cb074edbb,512.0,1,False,2026-06-04 20:59:36.707,1.0,766990.0,0,16.0
6a217e608267300cb074edbf,1024.0,0,False,2026-06-04 20:59:36.707,1.0,1069990.0,1,32.0
6a217e608267300cb074edc4,1024.0,1,False,2026-06-04 20:59:36.707,1.0,900990.0,4,16.0
6a217e608267300cb074edcc,512.0,1,False,2026-06-04 20:59:36.707,1.0,712990.0,0,16.0
6a217e608267300cb074edda,1024.0,1,False,2026-06-04 20:59:36.707,1.0,899990.0,4,16.0
6a217e608267300cb074ede4,512.0,1,False,2026-06-04 20:59:36.707,1.0,1145990.0,0,8.0
6a217e608267300cb074edec,512.0,1,False,2026-06-04 20:59:36.707,1.0,859990.0,0,16.0
6a217e608267300cb074edef,512.0,1,False,2026-06-04 20:59:36.707,1.0,989990.0,4,16.0
6a217e608267300cb074edf7,512.0,1,False,2026-06-04 20:59:36.707,1.0,679990.0,0,16.0
6a217e608267300cb074edf8,1024.0,0,False,2026-06-04 20:59:36.707,1.0,1069990.0,1,32.0
6a217e608267300cb074edff,512.0,1,False,2026-06-04 20:59:36.707,1.0,799984.0,0,16.0
6a217e608267300cb074ee05,1024.0,0,False,2026-06-04 20:59:36.707,1.0,1069990.0,1,32.0
6a217e608267300cb074ee0a,512.0,1,False,2026-06-04 20:59:36.707,1.0,799990.0,0,8.0
6a217e608267300cb074ee12,512.0,1,False,2026-06-04 20:59:36.707,1.0,1165990.0,4,16.0
6a217e608267300cb074ee19,1024.0,0,False,2026-06-04 20:59:36.707,1.0,1779990.0,1,32.0
6a217e608267300cb074ee1a,1024.0,0,False,2026-06-04 20:59:36.707,1.0,999990.0,1,32.0
6a217e608267300cb074ee1d,512.0,1,False,2026-06-04 20:59:36.708,1.0,739990.0,0,12.0
6a217e608267300cb074ee1e,512.0,1,False,2026-06-04 20:59:36.708,1.0,549990.0,0,16.0
6a217e608267300cb074ee21,512.0,1,False,2026-06-04 20:59:36.708,1.0,1009990.0,4,16.0
6a217e608267300cb074ee22,1024.0,0,False,2026-06-04 20:59:36.708,1.0,1655980.0,1,32.0
6a217e608267300cb074ee23,1024.0,1,False,2026-06-04 20:59:36.708,1.0,849990.0,4,16.0
6a217e608267300cb074ee24,512.0,1,False,2026-06-04 20:59:36.708,1.0,849990.0,0,16.0
6a217e608267300cb074ee2a,512.0,1,False,2026-06-04 20:59:36.708,1.0,1579990.0,4,16.0
6a217e608267300cb074ee2c,512.0,1,False,2026-06-04 20:59:36.708,1.0,766990.0,0,16.0
6a217e608267300cb074ee2e,1024.0,0,False,2026-06-04 20:59:36.709,1.0,1499990.0,1,32.0
6a217e608267300cb074ee2f,256.0,1,False,2026-06-04 20:59:36.709,1.0,1161990.0,0,8.0
6a217e608267300cb074ee32,1024.0,1,False,2026-06-04 20:59:36.709,1.0,1407990.0,4,16.0
6a217e608267300cb074ee35,512.0,1,False,2026-06-04 20:59:36.709,1.0,699990.0,0,8.0
6a217e608267300cb074ee39,1024.0,0,False,2026-06-04 20:59:36.709,1.0,1769990.0,1,32.0
6a217e608267300cb074ee3a,1024.0,1,False,2026-06-04 20:59:36.710,1.0,319990.0,0,8.0
6a217e608267300cb074ee40,512.0,1,False,2026-06-04 20:59:36.710,1.0,1004743.0,4,16.0
6a217e608267300cb074ee43,1024.0,7,False,2026-06-04 20:59:36.710,1.0,1499990.0,3,64.0
6a217e608267300cb074ee45,512.0,1,False,2026-06-04 20:59:36.710,1.0,712990.0,0,16.0
6a217e608267300cb074ee46,512.0,9,False,2026-06-04 20:59:36.710,1.0,989990.0,3,64.0
6a217e608267300cb074ee48,512.0,1,False,2026-06-04 20:59:36.710,1.0,1648990.0,4,16.0
6a217e608267300cb074ee49,128.0,1,False,2026-06-04 20:59:36.710,1.0,299990.0,0,4.0
6a217e608267300cb074ee4a,1024.0,1,False,2026-06-04 20:59:36.710,1.0,900990.0,4,16.0
6a217e608267300cb074ee4c,1024.0,1,False,2026-06-04 20:59:36.710,1.0,1103858.0,4,16.0
6a217e608267300cb074ee51,512.0,1,False,2026-06-04 20:59:36.710,1.0,1490900.0,4,16.0
6a217e608267300cb074ee52,1024.0,1,False,2026-06-04 20:59:36.710,1.0,1799990.0,1,16.0
6a217e608267300cb074ee55,1024.0,1,False,2026-06-04 20:59:36.710,1.0,1713990.0,1,16.0
6a217e608267300cb074ee57,512.0,1,False,2026-06-04 20:59:36.710,1.0,620402.0,0,8.0
6a217e608267300cb074ee5a,512.0,1,False,2026-06-04 20:59:36.710,1.0,839990.0,0,16.0
6a217e608267300cb074ee5d,512.0,9,False,2026-06-04 20:59:36.710,1.0,1399990.0,3,64.0
6a217e608267300cb074ee5e,1024.0,1,False,2026-06-04 20:59:36.710,1.0,979990.0,4,16.0
6a217e608267300cb074ee5f,512.0,1,False,2026-06-04 20:59:36.710,1.0,712990.0,0,16.0
6a217e608267300cb074ee67,512.0,1,False,2026-06-04 20:59:36.710,1.0,774990.0,0,16.0
6a217e608267300cb074ed55,1024.0,1,False,2026-06-04 20:59:36.710,1.0,979990.0,4,16.0
6a217e608267300cb074ed57,512.0,1,False,2026-06-04 20:59:36.711,1.0,569990.0,0,8.0
6a217e608267300cb074ed5e,512.0,1,False,2026-06-04 20:59:36.711,1.0,1039990.0,4,16.0
6a217e608267300cb074ed62,512.0,1,False,2026-06-04 20:59:36.711,1.0,510000.0,0,8.0
6a217e608267300cb074ed66,512.0,1,False,2026-06-04 20:59:36.711,1.0,969990.0,4,16.0
6a217e608267300cb074ed67,512.0,1,False,2026-06-04 20:59:36.711,1.0,712990.0,0,16.0
6a217e608267300cb074ed6f,1024.0,1,False,2026-06-04 20:59:36.711,1.0,979990.0,4,16.0
6a217e608267300cb074ed77,512.0,1,False,2026-06-04 20:59:36.711,1.0,1699990.0,4,16.0
6a217e608267300cb074ed7d,512.0,1,False,2026-06-04 20:59:36.711,1.0,1048093.0,0,8.0
6a217e608267300cb074ed7e,1024.0,1,False,2026-06-04 20:59:36.711,1.0,900990.0,4,16.0
6a217e608267300cb074ed81,1024.0,1,False,2026-06-04 20:59:36.711,1.0,699500.0,4,16.0
6a217e608267300cb074ed82,512.0,9,False,2026-06-04 20:59:36.711,1.0,989990.0,3,64.0
6a217e608267300cb074ed84,1024.0,0,False,2026-06-04 20:59:36.711,1.0,999990.0,1,32.0
6a217e608267300cb074ed86,1024.0,7,False,2026-06-04 20:59:36.711,1.0,1099990.0,3,64.0
6a217e608267300cb074ed87,512.0,1,False,2026-06-04 20:59:36.711,1.0,699000.0,0,16.0
6a217e608267300cb074ed8b,1024.0,1,False,2026-06-04 20:59:36.711,1.0,1299990.0,4,16.0
6a217e608267300cb074ed8f,512.0,9,False,2026-06-04 20:59:36.711,1.0,989990.0,3,64.0
6a217e608267300cb074ed91,512.0,1,False,2026-06-04 20:59:36.711,1.0,766990.0,0,16.0
6a217e608267300cb074ed95,512.0,1,False,2026-06-04 20:59:36.711,1.0,859990.0,0,16.0
6a217e608267300cb074ed98,1024.0,1,False,2026-06-04 20:59:36.711,1.0,899181.0,4,16.0
6a217e608267300cb074ed9c,1024.0,0,False,2026-06-04 20:59:36.712,1.0,999990.0,1,32.0
6a217e608267300cb074eda1,512.0,1,False,2026-06-04 20:59:36.712,1.0,766990.0,0,16.0
6a217e608267300cb074eda5,1024.0,7,False,2026-06-04 20:59:36.712,1.0,1499990.0,3,64.0
6a217e608267300cb074eda9,1024.0,1,False,2026-06-04 20:59:36.712,1.0,1379989.0,4,16.0
6a217e608267300cb074edac,512.0,1,False,2026-06-04 20:59:36.712,1.0,1347560.0,4,16.0
6a217e608267300cb074edaf,512.0,1,False,2026-06-04 20:59:36.712,1.0,859990.0,0,16.0
6a217e608267300cb074edb3,256.0,1,False,2026-06-04 20:59:36.712,1.0,494990.0,0,8.0
6a217e608267300cb074edb9,512.0,1,False,2026-06-04 20:59:36.712,1.0,759990.0,4,24.0
6a217e608267300cb074edbc,512.0,1,False,2026-06-04 20:59:36.712,1.0,899990.0,0,16.0
6a217e608267300cb074edbd,1024.0,0,False,2026-06-04 20:59:36.712,1.0,2869990.0,1,32.0
6a217e608267300cb074edbe,512.0,1,False,2026-06-04 20:59:36.712,1.0,429990.0,0,8.0
6a217e608267300cb074edc1,512.0,1,False,2026-06-04 20:59:36.712,1.0,1129990.0,4,16.0
6a217e608267300cb074edc2,512.0,1,False,2026-06-04 20:59:36.712,1.0,979258.0,4,16.0
6a217e608267300cb074edc3,512.0,1,False,2026-06-04 20:59:36.712,1.0,871990.0,0,16.0
6a217e608267300cb074edc5,512.0,1,False,2026-06-04 20:59:36.712,1.0,1367990.0,4,16.0
6a217e608267300cb074edc6,1024.0,0,False,2026-06-04 20:59:36.712,1.0,1199990.0,1,32.0
6a217e608267300cb074edc7,1024.0,1,False,2026-06-04 20:59:36.712,1.0,1333990.0,4,16.0
6a217e608267300cb074edc8,1024.0,1,False,2026-06-04 20:59:36.712,1.0,799990.0,4,16.0
6a217e608267300cb074edcf,1024.0,7,False,2026-06-04 20:59:36.712,1.0,1499990.0,3,64.0
6a217e608267300cb074edd7,512.0,1,False,2026-06-04 20:59:36.712,1.0,766990.0,0,16.0
6a217e608267300cb074eddc,512.0,1,False,2026-06-04 20:59:36.712,1.0,799990.0,0,16.0
6a217e608267300cb074eddf,1024.0,1,False,2026-06-04 20:59:36.712,1.0,849990.0,4,16.0
6a217e608267300cb074ede2,512.0,1,False,2026-06-04 20:59:36.712,1.0,679990.0,0,16.0
6a217e608267300cb074ede3,512.0,1,False,2026-06-04 20:59:36.712,1.0,752990.0,0,8.0
6a217e608267300cb074ede5,512.0,9,False,2026-06-04 20:59:36.712,1.0,989990.0,3,64.0
6a217e608267300cb074ede7,1024.0,1,False,2026-06-04 20:59:36.712,1.0,1669990.0,1,16.0
6a217e608267300cb074edf0,512.0,1,False,2026-06-04 20:59:36.713,1.0,864990.0,0,16.0
6a217e608267300cb074edf2,1024.0,0,False,2026-06-04 20:59:36.713,1.0,999990.0,1,32.0
6a217e608267300cb074edf9,512.0,1,False,2026-06-04 20:59:36.713,1.0,579990.0,0,8.0
6a217e608267300cb074edfd,512.0,1,False,2026-06-04 20:59:36.713,1.0,751990.0,0,16.0
6a217e608267300cb074edfe,512.0,1,False,2026-06-04 20:59:36.713,1.0,579990.0,0,8.0
6a217e608267300cb074ee06,512.0,1,False,2026-06-04 20:59:36.713,1.0,712990.0,0,16.0
6a217e608267300cb074ee09,256.0,1,False,2026-06-04 20:59:36.713,1.0,393990.0,0,8.0
6a217e608267300cb074ee0f,512.0,1,False,2026-06-04 20:59:36.713,1.0,509088.0,0,8.0
6a217e608267300cb074ee14,512.0,1,False,2026-06-04 20:59:36.713,1.0,579990.0,0,8.0
6a217e608267300cb074ee15,1024.0,7,False,2026-06-04 20:59:36.713,1.0,1259990.0,3,64.0
6a217e608267300cb074ee16,1024.0,0,False,2026-06-04 20:59:36.713,1.0,3359990.0,1,32.0
6a217e608267300cb074ee18,1024.0,1,False,2026-06-04 20:59:36.713,1.0,979990.0,4,16.0
6a217e608267300cb074ee1c,512.0,1,False,2026-06-04 20:59:36.713,1.0,649990.0,0,16.0
6a217e608267300cb074ee26,512.0,1,False,2026-06-04 20:59:36.713,1.0,859990.0,0,16.0
6a217e608267300cb074ee2d,512.0,1,False,2026-06-04 20:59:36.713,1.0,766990.0,0,16.0
6a217e608267300cb074ee34,512.0,1,False,2026-06-04 20:59:36.713,1.0,699900.0,0,8.0
6a217e608267300cb074ee3b,1024.0,0,False,2026-06-04 20:59:36.713,1.0,3189990.0,1,32.0
6a217e608267300cb074ee3c,1024.0,0,False,2026-06-04 20:59:36.713,1.0,1550000.0,1,32.0
6a217e608267300cb074ee3e,512.0,1,False,2026-06-04 20:59:36.713,1.0,656870.0,0,16.0
6a217e608267300cb074ee44,1024.0,1,False,2026-06-04 20:59:36.713,1.0,1099990.0,4,16.0
6a217e608267300cb074ee47,512.0,9,False,2026-06-04 20:59:36.714,1.0,989990.0,3,64.0
6a217e608267300cb074ee4b,512.0,9,False,2026-06-04 20:59:36.714,1.0,989990.0,3,64.0
6a217e608267300cb074ee4d,1024.0,1,False,2026-06-04 20:59:36.714,1.0,1549990.0,1,16.0
6a217e608267300cb074ee50,512.0,1,False,2026-06-04 20:59:36.714,1.0,1404990.0,4,16.0
6a217e608267300cb074ee54,1024.0,0,False,2026-06-04 20:59:36.714,1.0,1062590.0,1,32.0
6a217e608267300cb074ee59,1024.0,0,False,2026-06-04 20:59:36.714,1.0,1599990.0,1,32.0
6a217e608267300cb074ee5c,1024.0,0,False,2026-06-04 20:59:36.714,1.0,899990.0,1,32.0
6a217e608267300cb074ee60,512.0,1,False,2026-06-04 20:59:36.714,1.0,766990.0,0,16.0
6a217e608267300cb074ee62,512.0,1,False,2026-06-04 20:59:36.714,1.0,649990.0,0,12.0
6a217e608267300cb074ee64,1024.0,0,False,2026-06-04 20:59:36.714,1.0,2918990.0,1,32.0
6a217e608267300cb074ee68,1024.0,1,False,2026-06-04 20:59:36.714,1.0,849990.0,4,16.0
6a217e608267300cb074ee6c,1024.0,1,False,2026-06-04 20:59:36.714,1.0,926990.0,4,16.0
6a217e628267300cb074ee74,512.0,1,False,2026-06-04 20:59:36.714,1.0,1119990.0,0,8.0
6a217e628267300cb074ee76,512.0,1,False,2026-06-04 20:59:36.714,1.0,766990.0,0,16.0
6a217e628267300cb074ee84,1024.0,1,False,2026-06-04 20:59:36.714,1.0,849990.0,4,16.0
6a217e628267300cb074ee93,1024.0,0,False,2026-06-04 20:59:36.714,1.0,999990.0,1,32.0
6a217e628267300cb074ee95,512.0,1,False,2026-06-04 20:59:36.714,1.0,1269990.0,4,16.0
6a217e628267300cb074ee9a,1024.0,1,False,2026-06-04 20:59:36.714,1.0,849990.0,4,16.0
6a217e628267300cb074ee9b,1024.0,0,False,2026-06-04 20:59:36.714,1.0,1069990.0,1,32.0
6a217e628267300cb074eea3,1024.0,1,False,2026-06-04 20:59:36.714,1.0,1999990.0,1,16.0
6a217e628267300cb074eea5,512.0,1,False,2026-06-04 20:59:36.714,1.0,384900.0,0,8.0
6a217e628267300cb074eeac,1024.0,0,False,2026-06-04 20:59:36.715,1.0,1462990.0,1,32.0
6a217e628267300cb074eeb6,512.0,1,False,2026-06-04 20:59:36.715,1.0,999990.0,4,24.0
6a217e628267300cb074eeb8,1024.0,7,False,2026-06-04 20:59:36.715,1.0,1099990.0,3,64.0
6a217e628267300cb074eeba,512.0,1,False,2026-06-04 20:59:36.715,1.0,1564990.0,4,16.0
6a217e628267300cb074eebb,512.0,1,False,2026-06-04 20:59:36.715,1.0,919990.0,0,16.0
6a217e628267300cb074eebc,512.0,1,False,2026-06-04 20:59:36.715,1.0,859990.0,0,16.0
6a217e628267300cb074eec2,1024.0,1,False,2026-06-04 20:59:36.715,1.0,900990.0,4,16.0
6a217e628267300cb074eec6,512.0,9,False,2026-06-04 20:59:36.715,1.0,1159990.0,3,64.0
6a217e628267300cb074eec9,1024.0,0,False,2026-06-04 20:59:36.715,1.0,999990.0,1,32.0
6a217e628267300cb074eeca,1024.0,0,False,2026-06-04 20:59:36.715,1.0,1259990.0,1,32.0
6a217e628267300cb074eecd,512.0,1,False,2026-06-04 20:59:36.715,2.0,1299990.0,4,16.0
6a217e628267300cb074eed3,240.0,1,False,2026-06-04 20:59:36.715,2.0,169990.0,0,8.0
6a217e628267300cb074eed5,512.0,1,False,2026-06-04 20:59:36.715,2.0,1299990.0,4,8.0
6a217e628267300cb074eed9,512.0,1,False,2026-06-04 20:59:36.715,2.0,1107990.0,4,16.0
6a217e628267300cb074eedb,512.0,1,False,2026-06-04 20:59:36.715,2.0,1699990.0,4,16.0
6a217e628267300cb074eedd,512.0,1,False,2026-06-04 20:59:36.715,2.0,762390.0,0,16.0
6a217e628267300cb074eede,512.0,1,False,2026-06-04 20:59:36.715,2.0,1104990.0,0,8.0
6a217e628267300cb074eee6,512.0,1,False,2026-06-04 20:59:36.715,2.0,1129990.0,0,8.0
6a217e628267300cb074eee7,512.0,1,False,2026-06-04 20:59:36.715,2.0,599990.0,0,8.0
6a217e628267300cb074eeeb,1024.0,1,False,2026-06-04 20:59:36.715,2.0,1394990.0,4,16.0
6a217e628267300cb074eef0,512.0,1,False,2026-06-04 20:59:36.715,2.0,663990.0,0,8.0
6a217e628267300cb074eef5,512.0,1,False,2026-06-04 20:59:36.715,2.0,349990.0,0,16.0
6a217e628267300cb074eef9,1024.0,1,False,2026-06-04 20:59:36.715,2.0,883990.0,4,16.0
6a217e628267300cb074eefd,256.0,1,False,2026-06-04 20:59:36.715,2.0,349990.0,0,8.0
6a217e628267300cb074eeff,512.0,1,False,2026-06-04 20:59:36.715,2.0,776990.0,0,16.0
6a217e628267300cb074ef05,256.0,1,False,2026-06-04 20:59:36.715,2.0,399990.0,0,4.0
6a217e628267300cb074ef08,512.0,1,False,2026-06-04 20:59:36.716,2.0,1051990.0,4,16.0
6a217e628267300cb074ef12,512.0,1,False,2026-06-04 20:59:36.716,2.0,1489990.0,4,16.0
6a217e628267300cb074ef13,512.0,1,False,2026-06-04 20:59:36.716,2.0,980990.0,4,16.0
6a217e628267300cb074ef14,1024.0,1,False,2026-06-04 20:59:36.716,2.0,1849990.0,1,16.0
6a217e628267300cb074ef1c,500.0,1,False,2026-06-04 20:59:36.716,2.0,329990.0,0,8.0
6a217e628267300cb074ef23,1024.0,0,False,2026-06-04 20:59:36.716,2.0,1499990.0,1,32.0
6a217e628267300cb074ef33,512.0,1,False,2026-06-04 20:59:36.716,2.0,859990.0,0,16.0
6a217e628267300cb074ef35,512.0,1,False,2026-06-04 20:59:36.716,2.0,979990.0,4,16.0
6a217e628267300cb074ef37,1024.0,1,False,2026-06-04 20:59:36.716,2.0,1299990.0,4,16.0
6a217e628267300cb074ef3e,512.0,1,False,2026-06-04 20:59:36.716,2.0,545000.0,0,16.0
6a217e628267300cb074ef45,512.0,1,False,2026-06-04 20:59:36.716,2.0,999991.0,4,16.0
6a217e628267300cb074ef47,1024.0,1,False,2026-06-04 20:59:36.716,2.0,1540990.0,1,16.0
6a217e628267300cb074ef48,1024.0,1,False,2026-06-04 20:59:36.716,2.0,1799990.0,1,16.0
6a217e628267300cb074ef4b,512.0,1,False,2026-06-04 20:59:36.716,2.0,859990.0,0,16.0
6a217e628267300cb074ef4d,1024.0,1,False,2026-06-04 20:59:36.716,2.0,1540990.0,1,16.0
6a217e628267300cb074ef4e,512.0,1,False,2026-06-04 20:59:36.716,2.0,2492990.0,1,16.0
6a217e628267300cb074ef50,512.0,1,False,2026-06-04 20:59:36.716,2.0,999990.0,4,16.0
6a217e628267300cb074ef52,256.0,1,False,2026-06-04 20:59:36.716,2.0,543990.0,0,4.0
6a217e628267300cb074ef54,128.0,1,False,2026-06-04 20:59:36.716,2.0,179990.0,0,4.0
6a217e628267300cb074ef5e,256.0,1,False,2026-06-04 20:59:36.716,2.0,1159990.0,0,16.0
6a217e628267300cb074ef61,512.0,1,False,2026-06-04 20:59:36.716,2.0,799990.0,0,16.0
6a217e628267300cb074ef63,512.0,1,False,2026-06-04 20:59:36.716,2.0,1219990.0,4,16.0
6a217e628267300cb074ef73,512.0,1,False,2026-06-04 20:59:36.717,2.0,1158990.0,0,8.0
6a217e628267300cb074ef82,512.0,1,False,2026-06-04 20:59:36.717,2.0,2629990.0,1,16.0
6a217e628267300cb074ef89,512.0,2,False,2026-06-04 20:59:36.717,2.0,1380990.0,4,32.0
6a217e628267300cb074ef90,512.0,1,False,2026-06-04 20:59:36.717,2.0,1163990.0,4,16.0
6a217e628267300cb074ef92,256.0,1,False,2026-06-04 20:59:36.717,2.0,429990.0,0,8.0
6a217e628267300cb074ef94,512.0,1,False,2026-06-04 20:59:36.717,2.0,299990.0,0,8.0
6a217e628267300cb074ef96,1024.0,0,False,2026-06-04 20:59:36.717,2.0,1019990.0,1,32.0
6a217e628267300cb074ee73,512.0,1,False,2026-06-04 20:59:36.717,1.0,1159990.0,4,16.0
6a217e628267300cb074ee78,1024.0,1,False,2026-06-04 20:59:36.717,1.0,899990.0,4,16.0
6a217e628267300cb074ee7a,512.0,1,False,2026-06-04 20:59:36.717,1.0,1129990.0,4,16.0
6a217e628267300cb074ee85,1024.0,1,False,2026-06-04 20:59:36.717,1.0,979990.0,4,16.0
6a217e628267300cb074ee86,512.0,1,False,2026-06-04 20:59:36.717,1.0,859990.0,0,16.0
6a217e628267300cb074ee88,512.0,1,False,2026-06-04 20:59:36.717,1.0,712990.0,0,16.0
6a217e628267300cb074ee8f,512.0,1,False,2026-06-04 20:59:36.717,1.0,679990.0,0,16.0
6a217e628267300cb074ee92,1024.0,1,False,2026-06-04 20:59:36.717,1.0,849990.0,4,16.0
6a217e628267300cb074ee97,1024.0,7,False,2026-06-04 20:59:36.717,1.0,1259990.0,3,64.0
6a217e628267300cb074ee99,1024.0,7,False,2026-06-04 20:59:36.717,1.0,1499990.0,3,64.0
6a217e628267300cb074ee9c,512.0,1,False,2026-06-04 20:59:36.717,1.0,1077990.0,4,16.0
6a217e628267300cb074eea1,512.0,1,False,2026-06-04 20:59:36.717,1.0,709990.0,0,16.0
6a217e628267300cb074eea2,512.0,1,False,2026-06-04 20:59:36.717,1.0,679900.0,0,16.0
6a217e628267300cb074eea4,512.0,9,False,2026-06-04 20:59:36.717,1.0,989990.0,3,64.0
6a217e628267300cb074eea6,512.0,1,False,2026-06-04 20:59:36.717,1.0,1809990.0,4,16.0
6a217e628267300cb074eea8,1024.0,0,False,2026-06-04 20:59:36.718,1.0,999990.0,1,32.0
6a217e628267300cb074eead,512.0,1,False,2026-06-04 20:59:36.718,1.0,859990.0,0,16.0
6a217e628267300cb074eeb0,1024.0,1,False,2026-06-04 20:59:36.718,1.0,769990.0,4,16.0
6a217e628267300cb074eeb2,512.0,1,False,2026-06-04 20:59:36.718,1.0,849990.0,0,16.0
6a217e628267300cb074eeb5,512.0,9,False,2026-06-04 20:59:36.718,1.0,989990.0,3,64.0
6a217e628267300cb074eeb7,512.0,1,False,2026-06-04 20:59:36.718,1.0,1752990.0,4,16.0
6a217e628267300cb074eebe,1024.0,7,False,2026-06-04 20:59:36.718,1.0,1259990.0,3,64.0
6a217e628267300cb074eec0,1024.0,1,False,2026-06-04 20:59:36.718,1.0,849990.0,4,16.0
6a217e628267300cb074eec5,512.0,1,False,2026-06-04 20:59:36.718,1.0,604990.0,0,16.0
6a217e628267300cb074eed6,512.0,1,False,2026-06-04 20:59:36.718,2.0,599990.0,0,16.0
6a217e628267300cb074eed8,1024.0,1,False,2026-06-04 20:59:36.718,2.0,2551990.0,1,16.0
6a217e628267300cb074eeda,256.0,1,False,2026-06-04 20:59:36.718,2.0,1158990.0,0,8.0
6a217e628267300cb074eeed,2048.0,-1,True,2026-06-04 20:59:36.718,2.0,3299990.0,2,32.0
6a217e628267300cb074eeee,512.0,-1,True,2026-06-04 20:59:36.718,2.0,1632210.0,4,8.0
6a217e628267300cb074eef1,1024.0,0,False,2026-06-04 20:59:36.718,2.0,2273990.0,1,32.0
6a217e628267300cb074eef7,1024.0,0,False,2026-06-04 20:59:36.718,2.0,2499990.0,1,32.0
6a217e628267300cb074eefa,512.0,1,False,2026-06-04 20:59:36.718,2.0,999990.0,4,24.0
6a217e628267300cb074eefb,512.0,1,False,2026-06-04 20:59:36.718,2.0,379990.0,0,8.0
6a217e628267300cb074eefe,256.0,1,False,2026-06-04 20:59:36.718,2.0,1349990.0,0,8.0
6a217e628267300cb074ef00,256.0,1,False,2026-06-04 20:59:36.718,2.0,329990.0,0,8.0
6a217e628267300cb074ef01,512.0,1,False,2026-06-04 20:59:36.718,2.0,1649990.0,4,24.0
6a217e628267300cb074ef02,512.0,1,False,2026-06-04 20:59:36.718,2.0,1100000.0,4,16.0
6a217e628267300cb074ef09,500.0,1,False,2026-06-04 20:59:36.718,2.0,199990.0,0,4.0
6a217e628267300cb074ef0e,512.0,1,False,2026-06-04 20:59:36.718,2.0,1159990.0,4,16.0
6a217e628267300cb074ef10,512.0,1,False,2026-06-04 20:59:36.718,2.0,479900.0,0,16.0
6a217e628267300cb074ef17,512.0,1,False,2026-06-04 20:59:36.718,2.0,1348990.0,4,16.0
6a217e628267300cb074ef19,512.0,1,False,2026-06-04 20:59:36.719,2.0,699990.0,0,16.0
6a217e628267300cb074ef21,512.0,2,False,2026-06-04 20:59:36.719,2.0,1899990.0,1,32.0
6a217e628267300cb074ef30,256.0,1,False,2026-06-04 20:59:36.719,2.0,316990.0,0,8.0
6a217e628267300cb074ef31,512.0,2,False,2026-06-04 20:59:36.719,2.0,1711990.0,4,32.0
6a217e628267300cb074ef36,512.0,1,False,2026-06-04 20:59:36.719,2.0,531990.0,0,8.0
6a217e628267300cb074ef3a,500.0,1,False,2026-06-04 20:59:36.719,2.0,229990.0,0,4.0
6a217e628267300cb074ef3b,1024.0,1,False,2026-06-04 20:59:36.719,2.0,1639990.0,1,16.0
6a217e628267300cb074ef3d,512.0,1,False,2026-06-04 20:59:36.719,2.0,1558990.0,4,24.0
6a217e628267300cb074ef4a,512.0,1,False,2026-06-04 20:59:36.719,2.0,1116990.0,4,16.0
6a217e628267300cb074ef4c,512.0,1,False,2026-06-04 20:59:36.719,2.0,899490.0,0,16.0
6a217e628267300cb074ef53,1024.0,1,False,2026-06-04 20:59:36.719,2.0,1651990.0,1,16.0
6a217e628267300cb074ef59,1024.0,0,False,2026-06-04 20:59:36.719,2.0,2136990.0,1,32.0
6a217e628267300cb074ef5b,512.0,1,False,2026-06-04 20:59:36.719,2.0,379900.0,0,16.0
6a217e628267300cb074ef5f,512.0,1,False,2026-06-04 20:59:36.719,2.0,863990.0,0,16.0
6a217e628267300cb074ef64,1024.0,0,False,2026-06-04 20:59:36.719,2.0,1799990.0,1,32.0
6a217e628267300cb074ef65,512.0,1,False,2026-06-04 20:59:36.719,2.0,737990.0,0,16.0
6a217e628267300cb074ef6a,512.0,1,False,2026-06-04 20:59:36.719,2.0,529990.0,0,8.0
6a217e628267300cb074ef6e,512.0,1,False,2026-06-04 20:59:36.719,2.0,1190000.0,4,16.0
6a217e628267300cb074ef75,128.0,1,False,2026-06-04 20:59:36.719,2.0,279130.0,0,4.0
6a217e628267300cb074ef78,256.0,1,False,2026-06-04 20:59:36.720,2.0,299990.0,0,8.0
6a217e628267300cb074ef7c,256.0,1,False,2026-06-04 20:59:36.720,2.0,1259990.0,0,8.0
6a217e628267300cb074ef7d,512.0,1,False,2026-06-04 20:59:36.720,2.0,629990.0,0,16.0
6a217e628267300cb074ef7e,512.0,1,False,2026-06-04 20:59:36.720,2.0,1815990.0,4,16.0
6a217e628267300cb074ef7f,512.0,1,False,2026-06-04 20:59:36.720,2.0,569990.0,0,8.0
6a217e628267300cb074ef80,1024.0,1,False,2026-06-04 20:59:36.720,2.0,2629990.0,1,16.0
6a217e628267300cb074ef86,512.0,1,False,2026-06-04 20:59:36.720,2.0,559990.0,0,16.0
6a217e628267300cb074ef8a,1024.0,1,False,2026-06-04 20:59:36.720,2.0,769990.0,4,16.0
6a217e628267300cb074ef8b,512.0,1,False,2026-06-04 20:59:36.720,2.0,959990.0,4,16.0
6a217e628267300cb074ef8f,1024.0,0,False,2026-06-04 20:59:36.720,2.0,3634990.0,2,32.0
6a217e628267300cb074ef9b,512.0,1,False,2026-06-04 20:59:36.720,2.0,1330990.0,4,16.0
6a217e628267300cb074efa3,256.0,1,False,2026-06-04 20:59:36.720,2.0,854990.0,0,8.0
6a217e628267300cb074efa9,1024.0,1,False,2026-06-04 20:59:36.720,2.0,1369990.0,4,16.0
6a217e628267300cb074efac,1024.0,1,False,2026-06-04 20:59:36.720,2.0,454990.0,4,16.0
6a217e628267300cb074efb2,1024.0,1,False,2026-06-04 20:59:36.720,2.0,219990.0,4,16.0
6a217e628267300cb074efb7,512.0,1,False,2026-06-04 20:59:36.720,2.0,409990.0,0,8.0
6a217e628267300cb074efb8,512.0,1,False,2026-06-04 20:59:36.721,2.0,1399990.0,4,16.0
6a217e628267300cb074efba,1024.0,1,False,2026-06-04 20:59:36.721,2.0,849990.0,4,16.0
6a217e628267300cb074efbe,512.0,1,False,2026-06-04 20:59:36.721,2.0,540000.0,0,16.0
6a217e628267300cb074efc0,256.0,1,False,2026-06-04 20:59:36.721,2.0,875990.0,0,4.0
6a217e628267300cb074efc8,256.0,1,False,2026-06-04 20:59:36.721,2.0,599990.0,0,16.0
6a217e628267300cb074efcc,512.0,1,False,2026-06-04 20:59:36.721,2.0,505990.0,0,8.0
6a217e628267300cb074efcf,1024.0,0,False,2026-06-04 20:59:36.721,2.0,1912271.0,1,32.0
6a217e628267300cb074efd5,1024.0,1,False,2026-06-04 20:59:36.721,2.0,1798000.0,1,16.0
6a217e628267300cb074efd6,1024.0,1,False,2026-06-04 20:59:36.721,2.0,1449990.0,4,16.0
6a217e628267300cb074efdd,512.0,1,False,2026-06-04 20:59:36.721,2.0,959990.0,0,8.0
6a217e628267300cb074efe0,512.0,1,False,2026-06-04 20:59:36.721,2.0,799990.0,0,16.0
6a217e628267300cb074efe5,1024.0,1,False,2026-06-04 20:59:36.721,2.0,580000.0,4,16.0
6a217e628267300cb074efe7,256.0,1,False,2026-06-04 20:59:36.721,2.0,449990.0,0,8.0
6a217e628267300cb074efea,512.0,1,False,2026-06-04 20:59:36.722,2.0,1199990.0,4,16.0
6a217e628267300cb074efec,512.0,1,False,2026-06-04 20:59:36.722,2.0,1272990.0,4,16.0
6a217e628267300cb074efed,512.0,1,False,2026-06-04 20:59:36.722,2.0,1149990.0,4,16.0
6a217e628267300cb074efee,128.0,1,False,2026-06-04 20:59:36.722,2.0,179990.0,0,4.0
6a217e628267300cb074eff2,1024.0,1,False,2026-06-04 20:59:36.722,2.0,1339990.0,4,16.0
6a217e628267300cb074effa,512.0,1,False,2026-06-04 20:59:36.722,2.0,699990.0,0,16.0
6a217e628267300cb074efff,1024.0,0,False,2026-06-04 20:59:36.722,2.0,2474821.0,1,32.0
6a217e628267300cb074f002,512.0,1,False,2026-06-04 20:59:36.722,2.0,932990.0,0,8.0
6a217e628267300cb074f005,512.0,1,False,2026-06-04 20:59:36.722,2.0,1584990.0,4,16.0
6a217e628267300cb074f008,512.0,1,False,2026-06-04 20:59:36.722,2.0,629990.0,0,16.0
6a217e628267300cb074f010,1024.0,0,False,2026-06-04 20:59:36.722,2.0,2039216.0,1,32.0
6a217e628267300cb074f013,1024.0,0,False,2026-06-04 20:59:36.722,2.0,2107990.0,1,32.0
6a217e628267300cb074f015,512.0,1,False,2026-06-04 20:59:36.722,2.0,769990.0,0,16.0
6a217e628267300cb074f01c,256.0,1,False,2026-06-04 20:59:36.722,2.0,1479990.0,4,16.0
6a217e628267300cb074f021,256.0,1,False,2026-06-04 20:59:36.722,2.0,352683.0,0,8.0
6a217e628267300cb074f027,1024.0,0,False,2026-06-04 20:59:36.722,2.0,2599990.0,1,32.0
6a217e628267300cb074f029,512.0,1,False,2026-06-04 20:59:36.722,2.0,1401270.0,4,24.0
6a217e628267300cb074f02a,256.0,1,False,2026-06-04 20:59:36.722,2.0,289990.0,0,8.0
6a217e628267300cb074f02d,512.0,1,False,2026-06-04 20:59:36.722,2.0,699990.0,0,16.0
6a217e628267300cb074f02e,1024.0,0,False,2026-06-04 20:59:36.722,2.0,1699990.0,1,32.0
6a217e628267300cb074f033,512.0,1,False,2026-06-04 20:59:36.722,2.0,1329990.0,4,16.0
6a217e628267300cb074f037,512.0,1,False,2026-06-04 20:59:36.722,2.0,1220990.0,4,16.0
6a217e628267300cb074f038,1024.0,1,False,2026-06-04 20:59:36.723,2.0,749990.0,4,16.0
6a217e628267300cb074f03f,1024.0,-1,True,2026-06-04 20:59:36.723,2.0,2699990.0,3,64.0
6a217e628267300cb074f049,1024.0,0,False,2026-06-04 20:59:36.723,2.0,1482990.0,1,32.0
6a217e628267300cb074f04c,512.0,1,False,2026-06-04 20:59:36.723,2.0,1387990.0,4,16.0
6a217e628267300cb074f04e,1024.0,0,False,2026-06-04 20:59:36.723,2.0,2299990.0,1,32.0
6a217e628267300cb074f04f,512.0,1,False,2026-06-04 20:59:36.723,2.0,1099990.0,4,16.0
6a217e628267300cb074f057,512.0,1,False,2026-06-04 20:59:36.723,2.0,1299990.0,4,24.0
6a217e628267300cb074f059,1024.0,1,False,2026-06-04 20:59:36.723,2.0,2255990.0,1,16.0
6a217e628267300cb074f05c,1024.0,0,False,2026-06-04 20:59:36.723,2.0,1254900.0,1,32.0
6a217e628267300cb074f068,512.0,1,False,2026-06-04 20:59:36.723,2.0,529990.0,0,16.0
6a217e628267300cb074f069,1024.0,1,False,2026-06-04 20:59:36.723,2.0,2133990.0,1,16.0
6a217e628267300cb074f06d,512.0,1,False,2026-06-04 20:59:36.723,2.0,750990.0,0,16.0
6a217e628267300cb074ef97,2048.0,5,False,2026-06-04 20:59:36.723,2.0,2699990.0,2,32.0
6a217e628267300cb074ef98,512.0,1,False,2026-06-04 20:59:36.723,2.0,468990.0,0,8.0
6a217e628267300cb074ef9c,1024.0,1,False,2026-06-04 20:59:36.723,2.0,580000.0,4,16.0
6a217e628267300cb074efa4,512.0,2,False,2026-06-04 20:59:36.723,2.0,1399992.0,4,32.0
6a217e628267300cb074efa5,1024.0,1,False,2026-06-04 20:59:36.723,2.0,633990.0,4,16.0
6a217e628267300cb074efa6,512.0,1,False,2026-06-04 20:59:36.723,2.0,450000.0,0,16.0
6a217e628267300cb074efa7,512.0,1,False,2026-06-04 20:59:36.723,2.0,549990.0,0,8.0
6a217e628267300cb074efa8,1024.0,0,False,2026-06-04 20:59:36.723,2.0,1782990.0,1,32.0
6a217e628267300cb074efaa,512.0,1,False,2026-06-04 20:59:36.723,2.0,874990.0,0,12.0
6a217e628267300cb074efab,256.0,1,False,2026-06-04 20:59:36.723,2.0,1385990.0,0,8.0
6a217e628267300cb074efb1,1024.0,0,False,2026-06-04 20:59:36.723,2.0,2438350.0,1,32.0
6a217e628267300cb074efb5,512.0,1,False,2026-06-04 20:59:36.723,2.0,999990.0,4,16.0
6a217e628267300cb074efb9,512.0,1,False,2026-06-04 20:59:36.724,2.0,1267990.0,4,16.0
6a217e628267300cb074efbc,256.0,1,False,2026-06-04 20:59:36.724,2.0,801990.0,0,8.0
6a217e628267300cb074efbd,512.0,1,False,2026-06-04 20:59:36.724,2.0,779900.0,0,16.0
6a217e628267300cb074efc9,512.0,1,False,2026-06-04 20:59:36.724,2.0,1109990.0,4,16.0
6a217e628267300cb074efcb,512.0,1,False,2026-06-04 20:59:36.724,2.0,599990.0,0,16.0
6a217e628267300cb074efd0,1024.0,0,False,2026-06-04 20:59:36.724,2.0,2299992.0,1,32.0
6a217e628267300cb074efda,240.0,1,False,2026-06-04 20:59:36.724,2.0,279900.0,0,8.0
6a217e628267300cb074efde,1024.0,0,False,2026-06-04 20:59:36.724,2.0,1799992.0,1,32.0
6a217e628267300cb074efe2,512.0,1,False,2026-06-04 20:59:36.724,2.0,699990.0,0,16.0
6a217e628267300cb074efe3,512.0,1,False,2026-06-04 20:59:36.724,2.0,599990.0,0,8.0
6a217e628267300cb074efe8,512.0,1,False,2026-06-04 20:59:36.724,2.0,959990.0,4,24.0
6a217e628267300cb074efef,256.0,1,False,2026-06-04 20:59:36.724,2.0,269990.0,0,16.0
6a217e628267300cb074eff8,1024.0,0,False,2026-06-04 20:59:36.724,2.0,1999990.0,1,32.0
6a217e628267300cb074effb,512.0,1,False,2026-06-04 20:59:36.724,2.0,1099990.0,4,16.0
6a217e628267300cb074f006,512.0,1,False,2026-06-04 20:59:36.724,2.0,779990.0,4,24.0
6a217e628267300cb074f00b,1024.0,0,False,2026-06-04 20:59:36.724,2.0,2399990.0,1,32.0
6a217e628267300cb074f00d,256.0,1,False,2026-06-04 20:59:36.724,2.0,479990.0,0,8.0
6a217e628267300cb074f014,512.0,2,False,2026-06-04 20:59:36.724,2.0,1999990.0,1,32.0
6a217e628267300cb074f016,256.0,1,False,2026-06-04 20:59:36.724,2.0,459990.0,0,16.0
6a217e628267300cb074f017,256.0,1,False,2026-06-04 20:59:36.724,2.0,629990.0,0,16.0
6a217e628267300cb074f01d,512.0,1,False,2026-06-04 20:59:36.724,2.0,509990.0,0,16.0
6a217e628267300cb074f020,512.0,1,False,2026-06-04 20:59:36.724,2.0,1399993.0,4,16.0
6a217e628267300cb074f022,1024.0,0,False,2026-06-04 20:59:36.724,2.0,2247918.0,1,32.0
6a217e628267300cb074f024,512.0,1,False,2026-06-04 20:59:36.725,2.0,649990.0,0,16.0
6a217e628267300cb074f026,256.0,1,False,2026-06-04 20:59:36.725,2.0,749990.0,0,8.0
6a217e628267300cb074f02c,512.0,1,False,2026-06-04 20:59:36.725,2.0,829990.0,0,16.0
6a217e628267300cb074f031,512.0,1,False,2026-06-04 20:59:36.725,2.0,1079990.0,4,24.0
6a217e628267300cb074f034,1024.0,0,False,2026-06-04 20:59:36.725,2.0,2299999.0,1,32.0
6a217e628267300cb074f03b,512.0,1,False,2026-06-04 20:59:36.725,2.0,1211990.0,4,16.0
6a217e628267300cb074f03d,1024.0,1,False,2026-06-04 20:59:36.725,2.0,899990.0,4,16.0
6a217e628267300cb074f042,1024.0,1,False,2026-06-04 20:59:36.725,2.0,707024.0,4,16.0
6a217e628267300cb074f045,512.0,1,False,2026-06-04 20:59:36.725,2.0,1018990.0,4,16.0
6a217e628267300cb074f04a,1024.0,0,False,2026-06-04 20:59:36.725,2.0,1129990.0,1,32.0
6a217e628267300cb074f04d,250.0,1,False,2026-06-04 20:59:36.725,2.0,270000.0,0,8.0
6a217e628267300cb074f05f,512.0,1,False,2026-06-04 20:59:36.725,2.0,852925.0,0,16.0
6a217e628267300cb074f067,512.0,1,False,2026-06-04 20:59:36.725,2.0,389900.0,0,16.0
6a217e628267300cb074f06a,512.0,1,False,2026-06-04 20:59:36.725,2.0,729990.0,0,16.0
6a217e628267300cb074f06b,1024.0,0,False,2026-06-04 20:59:36.725,2.0,1698990.0,1,32.0
6a217e628267300cb074f06c,1024.0,0,False,2026-06-04 20:59:36.725,2.0,1799990.0,1,32.0
6a217e628267300cb074ee71,1024.0,0,False,2026-06-04 20:59:36.725,1.0,2499990.0,1,32.0
6a217e628267300cb074ee77,512.0,1,False,2026-06-04 20:59:36.725,1.0,1119990.0,4,16.0
6a217e628267300cb074ee79,512.0,1,False,2026-06-04 20:59:36.725,1.0,709990.0,0,16.0
6a217e628267300cb074ee7b,512.0,9,False,2026-06-04 20:59:36.725,1.0,989990.0,3,64.0
6a217e628267300cb074ee7c,512.0,1,False,2026-06-04 20:59:36.725,1.0,539904.0,0,8.0
6a217e628267300cb074ee7e,1024.0,7,False,2026-06-04 20:59:36.725,1.0,1099990.0,3,64.0
6a217e628267300cb074ee80,1024.0,0,False,2026-06-04 20:59:36.726,1.0,2900000.0,1,32.0
6a217e628267300cb074ee82,2048.0,3,False,2026-06-04 20:59:36.726,1.0,3699990.0,2,32.0
6a217e628267300cb074ee89,512.0,2,False,2026-06-04 20:59:36.726,1.0,898370.0,4,32.0
6a217e628267300cb074ee8d,512.0,1,False,2026-06-04 20:59:36.726,1.0,1249427.0,4,16.0
6a217e628267300cb074ee8e,1024.0,1,False,2026-06-04 20:59:36.726,1.0,979990.0,4,16.0
6a217e628267300cb074ee91,1024.0,1,False,2026-06-04 20:59:36.726,1.0,1130398.0,4,16.0
6a217e628267300cb074ee94,1024.0,7,False,2026-06-04 20:59:36.726,1.0,1499990.0,3,64.0
6a217e628267300cb074ee9d,1024.0,0,False,2026-06-04 20:59:36.726,1.0,3299990.0,1,32.0
6a217e628267300cb074ee9e,512.0,2,False,2026-06-04 20:59:36.726,1.0,1099990.0,4,32.0
6a217e628267300cb074ee9f,512.0,1,False,2026-06-04 20:59:36.726,1.0,1399990.0,4,16.0
6a217e628267300cb074eea7,1024.0,0,False,2026-06-04 20:59:36.726,1.0,2499990.0,1,32.0
6a217e628267300cb074eea9,1024.0,0,False,2026-06-04 20:59:36.726,1.0,999990.0,1,32.0
6a217e628267300cb074eeaa,512.0,1,False,2026-06-04 20:59:36.726,1.0,569990.0,0,12.0
6a217e628267300cb074eeb3,512.0,1,False,2026-06-04 20:59:36.726,1.0,1249990.0,4,16.0
6a217e628267300cb074eeb4,512.0,1,False,2026-06-04 20:59:36.726,1.0,1320990.0,4,16.0
6a217e628267300cb074eebd,1024.0,7,False,2026-06-04 20:59:36.726,1.0,1099990.0,3,64.0
6a217e628267300cb074eec1,512.0,1,False,2026-06-04 20:59:36.726,1.0,1619990.0,4,16.0
6a217e628267300cb074eec3,512.0,1,False,2026-06-04 20:59:36.726,1.0,549632.0,0,8.0
6a217e628267300cb074eec4,512.0,1,False,2026-06-04 20:59:36.726,1.0,999990.0,0,12.0
6a217e628267300cb074eec8,1024.0,7,False,2026-06-04 20:59:36.726,1.0,1099990.0,3,64.0
6a217e628267300cb074eecb,512.0,2,False,2026-06-04 20:59:36.726,1.0,1629990.0,4,32.0
6a217e628267300cb074eece,512.0,1,False,2026-06-04 20:59:36.727,2.0,649990.0,0,16.0
6a217e628267300cb074eed4,256.0,1,False,2026-06-04 20:59:36.727,2.0,599990.0,0,16.0
6a217e628267300cb074eedc,512.0,1,False,2026-06-04 20:59:36.727,2.0,1299992.0,4,16.0
6a217e628267300cb074eee0,1024.0,0,False,2026-06-04 20:59:36.727,2.0,1745877.0,1,32.0
6a217e628267300cb074eee5,512.0,1,False,2026-06-04 20:59:36.727,2.0,419000.0,0,16.0
6a217e628267300cb074eee9,256.0,1,False,2026-06-04 20:59:36.727,2.0,499990.0,0,16.0
6a217e628267300cb074eeea,512.0,1,False,2026-06-04 20:59:36.727,2.0,555990.0,0,8.0
6a217e628267300cb074eeec,1024.0,1,False,2026-06-04 20:59:36.727,2.0,1713990.0,1,16.0
6a217e628267300cb074eeef,256.0,1,False,2026-06-04 20:59:36.727,2.0,299900.0,0,8.0
6a217e628267300cb074eef2,512.0,1,False,2026-06-04 20:59:36.727,2.0,994990.0,4,16.0
6a217e628267300cb074eef6,512.0,1,False,2026-06-04 20:59:36.727,2.0,919990.0,4,24.0
6a217e628267300cb074eef8,512.0,1,False,2026-06-04 20:59:36.727,2.0,512952.0,0,8.0
6a217e628267300cb074ef03,256.0,1,False,2026-06-04 20:59:36.727,2.0,1632210.0,0,8.0
6a217e628267300cb074ef04,1024.0,0,False,2026-06-04 20:59:36.727,2.0,1379990.0,1,32.0
6a217e628267300cb074ef06,1024.0,1,False,2026-06-04 20:59:36.727,2.0,523990.0,4,16.0
6a217e628267300cb074ef07,512.0,1,False,2026-06-04 20:59:36.727,2.0,489990.0,0,8.0
6a217e628267300cb074ef0a,1024.0,0,False,2026-06-04 20:59:36.727,2.0,2499990.0,1,32.0
6a217e628267300cb074ef0b,1024.0,1,False,2026-06-04 20:59:36.727,2.0,890000.0,4,16.0
6a217e628267300cb074ef15,1024.0,0,False,2026-06-04 20:59:36.727,2.0,2899000.0,1,32.0
6a217e628267300cb074ef16,512.0,1,False,2026-06-04 20:59:36.727,2.0,2629990.0,1,16.0
6a217e628267300cb074ef18,1024.0,0,False,2026-06-04 20:59:36.727,2.0,1921240.0,1,32.0
6a217e628267300cb074ef1a,512.0,1,False,2026-06-04 20:59:36.727,2.0,379900.0,0,16.0
6a217e628267300cb074ef1d,512.0,1,False,2026-06-04 20:59:36.727,2.0,835990.0,0,8.0
6a217e628267300cb074ef1e,512.0,1,False,2026-06-04 20:59:36.728,2.0,1059990.0,0,8.0
6a217e628267300cb074ef20,512.0,1,False,2026-06-04 20:59:36.728,2.0,699000.0,0,16.0
6a217e628267300cb074ef22,512.0,1,False,2026-06-04 20:59:36.728,2.0,849990.0,4,24.0
6a217e628267300cb074ef25,512.0,1,False,2026-06-04 20:59:36.728,2.0,219990.0,0,16.0
6a217e628267300cb074ef26,512.0,2,False,2026-06-04 20:59:36.728,2.0,2026990.0,1,32.0
6a217e628267300cb074ef2c,512.0,1,False,2026-06-04 20:59:36.728,2.0,1129990.0,4,24.0
6a217e628267300cb074ef2d,512.0,1,False,2026-06-04 20:59:36.728,2.0,1332990.0,4,8.0
6a217e628267300cb074ef2e,1024.0,0,False,2026-06-04 20:59:36.728,2.0,2113990.0,1,32.0
6a217e628267300cb074ef32,256.0,1,False,2026-06-04 20:59:36.728,2.0,349990.0,0,16.0
6a217e628267300cb074ef42,1024.0,0,False,2026-06-04 20:59:36.728,2.0,1150468.0,1,32.0
6a217e628267300cb074ef44,512.0,1,False,2026-06-04 20:59:36.728,2.0,999992.0,4,16.0
6a217e628267300cb074ef51,512.0,1,False,2026-06-04 20:59:36.728,2.0,1369990.0,4,16.0
6a217e628267300cb074ef55,512.0,1,False,2026-06-04 20:59:36.728,2.0,699990.0,0,16.0
6a217e628267300cb074ef57,1024.0,1,False,2026-06-04 20:59:36.728,2.0,279990.0,0,4.0
6a217e628267300cb074ef58,512.0,1,False,2026-06-04 20:59:36.728,2.0,995990.0,4,16.0
6a217e628267300cb074ef67,512.0,1,False,2026-06-04 20:59:36.728,2.0,1099990.0,4,16.0
6a217e628267300cb074ef68,512.0,1,False,2026-06-04 20:59:36.728,2.0,1703990.0,4,16.0
6a217e628267300cb074ef6c,1024.0,1,False,2026-06-04 20:59:36.728,2.0,729900.0,4,16.0
6a217e628267300cb074ef6f,512.0,1,False,2026-06-04 20:59:36.728,2.0,914990.0,0,16.0
6a217e628267300cb074ef72,512.0,1,False,2026-06-04 20:59:36.728,2.0,1131990.0,4,16.0
6a217e628267300cb074ef74,1024.0,1,False,2026-06-04 20:59:36.728,2.0,1299990.0,4,16.0
6a217e628267300cb074ef7b,512.0,1,False,2026-06-04 20:59:36.728,2.0,499990.0,0,8.0
6a217e628267300cb074ef81,512.0,1,False,2026-06-04 20:59:36.728,2.0,979990.0,4,24.0
6a217e628267300cb074ef83,512.0,-1,True,2026-06-04 20:59:36.728,2.0,1659990.0,4,8.0
6a217e628267300cb074ef84,512.0,2,False,2026-06-04 20:59:36.729,2.0,2089990.0,1,32.0
6a217e628267300cb074ef85,512.0,1,False,2026-06-04 20:59:36.729,2.0,1299990.0,4,16.0
6a217e628267300cb074ef87,512.0,1,False,2026-06-04 20:59:36.729,2.0,420000.0,0,16.0
6a217e628267300cb074ef88,1024.0,0,False,2026-06-04 20:59:36.729,2.0,3070770.0,1,32.0
6a217e628267300cb074ef8c,1024.0,0,False,2026-06-04 20:59:36.729,2.0,2499990.0,1,32.0
6a217e628267300cb074ef8d,512.0,1,False,2026-06-04 20:59:36.729,2.0,1499990.0,4,16.0
6a217e628267300cb074ef8e,1024.0,1,False,2026-06-04 20:59:36.729,2.0,549000.0,4,16.0
6a217e628267300cb074ef99,512.0,1,False,2026-06-04 20:59:36.729,2.0,1517990.0,4,16.0
6a217e628267300cb074ef9a,1024.0,0,False,2026-06-04 20:59:36.729,2.0,1694900.0,1,32.0
6a217e628267300cb074ef9d,512.0,1,False,2026-06-04 20:59:36.729,2.0,739990.0,0,16.0
6a217e628267300cb074ef9f,512.0,1,False,2026-06-04 20:59:36.729,2.0,989990.0,4,16.0
6a217e628267300cb074efa0,512.0,1,False,2026-06-04 20:59:36.729,2.0,1095990.0,4,16.0
6a217e628267300cb074efa1,512.0,1,False,2026-06-04 20:59:36.729,2.0,498990.0,0,8.0
6a217e628267300cb074efad,512.0,1,False,2026-06-04 20:59:36.729,2.0,399990.0,0,8.0
6a217e628267300cb074efaf,512.0,1,False,2026-06-04 20:59:36.729,2.0,1044990.0,4,16.0
6a217e628267300cb074efb3,512.0,1,False,2026-06-04 20:59:36.729,2.0,678122.0,0,16.0
6a217e628267300cb074efb4,512.0,1,False,2026-06-04 20:59:36.729,2.0,1570643.0,4,16.0
6a217e628267300cb074efb6,1024.0,0,False,2026-06-04 20:59:36.729,2.0,1988990.0,1,32.0
6a217e628267300cb074efbb,256.0,2,False,2026-06-04 20:59:36.729,2.0,714990.0,0,32.0
6a217e628267300cb074efbf,2048.0,5,False,2026-06-04 20:59:36.729,2.0,2299990.0,2,32.0
6a217e628267300cb074efc1,512.0,1,False,2026-06-04 20:59:36.730,2.0,1014990.0,4,24.0
6a217e628267300cb074efc2,256.0,1,False,2026-06-04 20:59:36.730,2.0,269990.0,0,8.0
6a217e628267300cb074efc4,1024.0,0,False,2026-06-04 20:59:36.730,2.0,3049990.0,1,32.0
6a217e628267300cb074efc5,1024.0,0,False,2026-06-04 20:59:36.730,2.0,2629990.0,1,32.0
6a217e628267300cb074efce,1024.0,1,False,2026-06-04 20:59:36.730,2.0,1811235.0,1,16.0
6a217e628267300cb074efd2,1024.0,0,False,2026-06-04 20:59:36.730,2.0,1331107.0,1,32.0
6a217e628267300cb074efd4,512.0,1,False,2026-06-04 20:59:36.730,2.0,1020990.0,4,16.0
6a217e628267300cb074efd9,512.0,1,False,2026-06-04 20:59:36.730,2.0,1059992.0,4,16.0
6a217e628267300cb074efdb,512.0,1,False,2026-06-04 20:59:36.730,2.0,799990.0,0,16.0
6a217e628267300cb074efdc,512.0,1,False,2026-06-04 20:59:36.730,2.0,995990.0,4,16.0
6a217e628267300cb074efe4,1024.0,0,False,2026-06-04 20:59:36.730,2.0,1749990.0,1,32.0
6a217e628267300cb074efe9,512.0,1,False,2026-06-04 20:59:36.730,2.0,1199991.0,4,16.0
6a217e628267300cb074eff1,512.0,1,False,2026-06-04 20:59:36.730,2.0,749990.0,0,16.0
6a217e628267300cb074eff3,512.0,1,False,2026-06-04 20:59:36.730,2.0,799990.0,0,16.0
6a217e628267300cb074eff5,1024.0,1,False,2026-06-04 20:59:36.730,2.0,749990.0,4,16.0
6a217e628267300cb074eff6,256.0,1,False,2026-06-04 20:59:36.730,2.0,449990.0,0,8.0
6a217e628267300cb074eff7,512.0,1,False,2026-06-04 20:59:36.730,2.0,171990.0,0,8.0
6a217e628267300cb074f001,512.0,1,False,2026-06-04 20:59:36.730,2.0,1599990.0,4,16.0
6a217e628267300cb074f003,1024.0,0,False,2026-06-04 20:59:36.730,2.0,1999990.0,1,32.0
6a217e628267300cb074f007,512.0,1,False,2026-06-04 20:59:36.730,2.0,999990.0,4,16.0
6a217e628267300cb074f00a,512.0,1,False,2026-06-04 20:59:36.730,2.0,699990.0,0,16.0
6a217e628267300cb074f00c,256.0,1,False,2026-06-04 20:59:36.730,2.0,569990.0,0,8.0
6a217e628267300cb074f011,256.0,1,False,2026-06-04 20:59:36.730,2.0,139990.0,0,4.0
6a217e628267300cb074f018,512.0,1,False,2026-06-04 20:59:36.730,2.0,1022990.0,0,8.0
6a217e628267300cb074f019,512.0,1,False,2026-06-04 20:59:36.730,2.0,999990.0,4,16.0
6a217e628267300cb074f01a,256.0,1,False,2026-06-04 20:59:36.730,2.0,1369990.0,0,8.0
6a217e628267300cb074f01f,256.0,1,False,2026-06-04 20:59:36.731,2.0,700000.0,0,8.0
6a217e628267300cb074f025,512.0,1,False,2026-06-04 20:59:36.731,2.0,699990.0,0,16.0
6a217e628267300cb074f028,512.0,1,False,2026-06-04 20:59:36.731,2.0,1350990.0,4,16.0
6a217e628267300cb074f02b,1024.0,1,False,2026-06-04 20:59:36.731,2.0,1425900.0,4,16.0
6a217e628267300cb074f036,512.0,1,False,2026-06-04 20:59:36.731,2.0,639990.0,0,8.0
6a217e628267300cb074f03a,512.0,1,False,2026-06-04 20:59:36.731,2.0,1260990.0,4,16.0
6a217e628267300cb074f03e,512.0,1,False,2026-06-04 20:59:36.731,2.0,549990.0,0,16.0
6a217e628267300cb074f040,256.0,1,False,2026-06-04 20:59:36.731,2.0,394990.0,0,8.0
6a217e628267300cb074ee72,512.0,9,False,2026-06-04 20:59:36.731,1.0,989990.0,3,64.0
6a217e628267300cb074ee75,1024.0,1,False,2026-06-04 20:59:36.731,1.0,986990.0,4,16.0
6a217e628267300cb074ee7d,512.0,1,False,2026-06-04 20:59:36.731,1.0,955780.0,4,16.0
6a217e628267300cb074ee7f,1024.0,1,False,2026-06-04 20:59:36.731,1.0,979990.0,4,16.0
6a217e628267300cb074ee81,512.0,1,False,2026-06-04 20:59:36.731,1.0,1811990.0,4,16.0
6a217e628267300cb074ee83,512.0,1,False,2026-06-04 20:59:36.731,1.0,1384507.0,4,16.0
6a217e628267300cb074ee87,256.0,1,False,2026-06-04 20:59:36.731,1.0,579990.0,0,8.0
6a217e628267300cb074ee8a,1024.0,1,False,2026-06-04 20:59:36.731,1.0,589990.0,4,16.0
6a217e628267300cb074ee8b,1024.0,7,False,2026-06-04 20:59:36.731,1.0,1099990.0,3,64.0
6a217e628267300cb074ee8c,512.0,1,False,2026-06-04 20:59:36.731,1.0,766990.0,0,16.0
6a217e628267300cb074ee90,1024.0,0,False,2026-06-04 20:59:36.731,1.0,1899990.0,1,32.0
6a217e628267300cb074ee96,512.0,1,False,2026-06-04 20:59:36.731,1.0,712990.0,0,16.0
6a217e628267300cb074ee98,1024.0,1,False,2026-06-04 20:59:36.731,1.0,849990.0,4,16.0
6a217e628267300cb074eea0,1024.0,7,False,2026-06-04 20:59:36.731,1.0,1099990.0,3,64.0
6a217e628267300cb074eeab,1024.0,0,False,2026-06-04 20:59:36.731,1.0,999990.0,1,32.0
6a217e628267300cb074eeae,512.0,1,False,2026-06-04 20:59:36.731,1.0,679990.0,0,16.0
6a217e628267300cb074eeaf,512.0,1,False,2026-06-04 20:59:36.731,1.0,699990.0,0,8.0
6a217e628267300cb074eeb1,512.0,1,False,2026-06-04 20:59:36.731,1.0,659990.0,0,8.0
6a217e628267300cb074eeb9,512.0,1,False,2026-06-04 20:59:36.732,1.0,679990.0,0,16.0
6a217e628267300cb074eebf,256.0,1,False,2026-06-04 20:59:36.732,1.0,491113.0,0,8.0
6a217e628267300cb074eec7,512.0,1,False,2026-06-04 20:59:36.732,1.0,766990.0,0,16.0
6a217e628267300cb074eecc,1024.0,1,False,2026-06-04 20:59:36.732,1.0,900990.0,4,16.0
6a217e628267300cb074eecf,512.0,1,False,2026-06-04 20:59:36.732,2.0,799990.0,0,8.0
6a217e628267300cb074eed0,512.0,1,False,2026-06-04 20:59:36.732,2.0,1199992.0,4,24.0
6a217e628267300cb074eed1,1024.0,0,False,2026-06-04 20:59:36.732,2.0,2629990.0,1,32.0
6a217e628267300cb074eed2,512.0,1,False,2026-06-04 20:59:36.732,2.0,1146990.0,4,16.0
6a217e628267300cb074eed7,512.0,1,False,2026-06-04 20:59:36.732,2.0,699990.0,0,16.0
6a217e628267300cb074eedf,512.0,1,False,2026-06-04 20:59:36.732,2.0,398840.0,0,8.0
6a217e628267300cb074eee1,512.0,1,False,2026-06-04 20:59:36.732,2.0,819990.0,0,16.0
6a217e628267300cb074eee2,480.0,1,False,2026-06-04 20:59:36.732,2.0,319990.0,0,16.0
6a217e628267300cb074eee3,1024.0,0,False,2026-06-04 20:59:36.732,2.0,2899990.0,1,32.0
6a217e628267300cb074eee4,256.0,1,False,2026-06-04 20:59:36.732,2.0,389990.0,0,8.0
6a217e628267300cb074eee8,1024.0,1,False,2026-06-04 20:59:36.732,2.0,939990.0,4,16.0
6a217e628267300cb074eef3,1024.0,1,False,2026-06-04 20:59:36.732,2.0,1519990.0,4,16.0
6a217e628267300cb074eef4,512.0,1,False,2026-06-04 20:59:36.732,2.0,930248.0,4,16.0
6a217e628267300cb074eefc,512.0,1,False,2026-06-04 20:59:36.732,2.0,529990.0,0,16.0
6a217e628267300cb074ef0c,512.0,1,False,2026-06-04 20:59:36.732,2.0,699990.0,0,16.0
6a217e628267300cb074ef0d,512.0,1,False,2026-06-04 20:59:36.732,2.0,630000.0,0,16.0
6a217e628267300cb074ef0f,512.0,2,False,2026-06-04 20:59:36.732,2.0,499900.0,4,32.0
6a217e628267300cb074ef11,1024.0,1,False,2026-06-04 20:59:36.732,2.0,2058119.0,1,16.0
6a217e628267300cb074ef1b,512.0,1,False,2026-06-04 20:59:36.732,2.0,619900.0,0,8.0
6a217e628267300cb074ef1f,512.0,1,False,2026-06-04 20:59:36.732,2.0,918990.0,0,16.0
6a217e628267300cb074ef24,256.0,1,False,2026-06-04 20:59:36.732,2.0,599990.0,0,16.0
6a217e628267300cb074ef27,512.0,1,False,2026-06-04 20:59:36.732,2.0,539990.0,0,8.0
6a217e628267300cb074ef28,2048.0,3,False,2026-06-04 20:59:36.732,2.0,3599990.0,2,32.0
6a217e628267300cb074ef29,1024.0,0,False,2026-06-04 20:59:36.733,2.0,1965990.0,1,32.0
6a217e628267300cb074ef2a,512.0,1,False,2026-06-04 20:59:36.733,2.0,171990.0,0,8.0
6a217e628267300cb074ef2b,512.0,1,False,2026-06-04 20:59:36.733,2.0,1804990.0,4,16.0
6a217e628267300cb074ef2f,1024.0,0,False,2026-06-04 20:59:36.733,2.0,542990.0,4,32.0
6a217e628267300cb074ef34,512.0,1,False,2026-06-04 20:59:36.733,2.0,350000.0,0,8.0
6a217e628267300cb074ef38,512.0,1,False,2026-06-04 20:59:36.733,2.0,349000.0,0,8.0
6a217e628267300cb074ef39,512.0,1,False,2026-06-04 20:59:36.733,2.0,599990.0,0,16.0
6a217e628267300cb074ef3c,1024.0,0,False,2026-06-04 20:59:36.733,2.0,1699993.0,1,32.0
6a217e628267300cb074ef3f,256.0,1,False,2026-06-04 20:59:36.733,2.0,1219990.0,0,8.0
6a217e628267300cb074ef40,512.0,1,False,2026-06-04 20:59:36.733,2.0,2107420.0,4,16.0
6a217e628267300cb074ef41,512.0,1,False,2026-06-04 20:59:36.733,2.0,1672990.0,4,16.0
6a217e628267300cb074ef43,512.0,1,False,2026-06-04 20:59:36.733,2.0,1089990.0,4,16.0
6a217e628267300cb074ef46,1024.0,0,False,2026-06-04 20:59:36.733,2.0,1499990.0,1,32.0
6a217e628267300cb074ef49,2048.0,-1,True,2026-06-04 20:59:36.733,2.0,1699990.0,1,32.0
6a217e628267300cb074ef4f,1024.0,1,False,2026-06-04 20:59:36.733,2.0,883990.0,4,16.0
6a217e628267300cb074ef56,512.0,1,False,2026-06-04 20:59:36.733,2.0,929632.0,0,8.0
6a217e628267300cb074ef5a,1024.0,0,False,2026-06-04 20:59:36.733,2.0,1779990.0,1,32.0
6a217e628267300cb074ef5c,1024.0,-1,True,2026-06-04 20:59:36.733,2.0,2259991.0,3,64.0
6a217e628267300cb074ef5d,1024.0,1,False,2026-06-04 20:59:36.733,2.0,2249990.0,1,16.0
6a217e628267300cb074f047,512.0,1,False,2026-06-04 20:59:36.733,2.0,1799990.0,4,16.0
6a217e628267300cb074f048,512.0,1,False,2026-06-04 20:59:36.733,2.0,2090990.0,4,16.0
6a217e628267300cb074f04b,512.0,1,False,2026-06-04 20:59:36.733,2.0,799990.0,0,16.0
6a217e628267300cb074f050,1024.0,0,False,2026-06-04 20:59:36.733,2.0,1879993.0,1,32.0
6a217e628267300cb074f054,256.0,1,False,2026-06-04 20:59:36.733,2.0,410990.0,0,8.0
6a217e628267300cb074f05b,512.0,1,False,2026-06-04 20:59:36.733,2.0,1177544.0,4,16.0
6a217e628267300cb074f060,512.0,1,False,2026-06-04 20:59:36.734,2.0,570990.0,0,8.0
6a217e628267300cb074f062,1024.0,1,False,2026-06-04 20:59:36.734,2.0,2490990.0,1,16.0
6a217e628267300cb074f06f,512.0,1,False,2026-06-04 20:59:36.734,2.0,1542990.0,4,16.0
6a217e628267300cb074ef60,1024.0,1,False,2026-06-04 20:59:36.734,2.0,1345990.0,4,16.0
6a217e628267300cb074ef62,512.0,1,False,2026-06-04 20:59:36.734,2.0,699990.0,0,16.0
6a217e628267300cb074ef66,1024.0,1,False,2026-06-04 20:59:36.734,2.0,1159992.0,4,16.0
6a217e628267300cb074ef69,1024.0,1,False,2026-06-04 20:59:36.734,2.0,1375990.0,4,16.0
6a217e628267300cb074ef6b,512.0,1,False,2026-06-04 20:59:36.734,2.0,1249990.0,4,8.0
6a217e628267300cb074ef6d,512.0,1,False,2026-06-04 20:59:36.734,2.0,986854.0,4,16.0
6a217e628267300cb074ef70,512.0,1,False,2026-06-04 20:59:36.734,2.0,475990.0,0,16.0
6a217e628267300cb074ef71,512.0,1,False,2026-06-04 20:59:36.734,2.0,1034990.0,0,8.0
6a217e628267300cb074ef76,512.0,1,False,2026-06-04 20:59:36.734,2.0,1199990.0,4,16.0
6a217e628267300cb074ef77,512.0,1,False,2026-06-04 20:59:36.734,2.0,599990.0,0,16.0
6a217e628267300cb074ef79,512.0,1,False,2026-06-04 20:59:36.734,2.0,668980.0,0,8.0
6a217e628267300cb074ef7a,512.0,1,False,2026-06-04 20:59:36.734,2.0,558990.0,0,8.0
6a217e628267300cb074ef91,512.0,1,False,2026-06-04 20:59:36.734,2.0,450000.0,0,8.0
6a217e628267300cb074ef93,512.0,1,False,2026-06-04 20:59:36.734,2.0,1373990.0,4,16.0
6a217e628267300cb074ef95,1024.0,0,False,2026-06-04 20:59:36.734,2.0,1679990.0,1,32.0
6a217e628267300cb074ef9e,1024.0,1,False,2026-06-04 20:59:36.734,2.0,1599990.0,1,16.0
6a217e628267300cb074efa2,1024.0,0,False,2026-06-04 20:59:36.734,2.0,1079990.0,1,32.0
6a217e628267300cb074efae,512.0,2,False,2026-06-04 20:59:36.734,2.0,2089990.0,1,32.0
6a217e628267300cb074efb0,512.0,1,False,2026-06-04 20:59:36.734,2.0,1022990.0,0,8.0
6a217e628267300cb074efc3,512.0,1,False,2026-06-04 20:59:36.734,2.0,489990.0,0,8.0
6a217e628267300cb074efc6,512.0,1,False,2026-06-04 20:59:36.734,2.0,999990.0,0,8.0
6a217e628267300cb074efc7,512.0,1,False,2026-06-04 20:59:36.734,2.0,1099992.0,4,16.0
6a217e628267300cb074efca,512.0,1,False,2026-06-04 20:59:36.735,2.0,1123990.0,4,16.0
6a217e628267300cb074efcd,512.0,1,False,2026-06-04 20:59:36.735,2.0,571990.0,0,8.0
6a217e628267300cb074efd1,512.0,1,False,2026-06-04 20:59:36.735,2.0,879990.0,0,16.0
6a217e628267300cb074efd3,512.0,1,False,2026-06-04 20:59:36.735,2.0,649990.0,0,16.0
6a217e628267300cb074efd7,512.0,1,False,2026-06-04 20:59:36.735,2.0,1442990.0,4,16.0
6a217e628267300cb074efd8,256.0,1,False,2026-06-04 20:59:36.735,2.0,922990.0,0,8.0
6a217e628267300cb074efdf,128.0,1,False,2026-06-04 20:59:36.735,2.0,179990.0,0,4.0
6a217e628267300cb074efe1,512.0,1,False,2026-06-04 20:59:36.735,2.0,1059990.0,4,16.0
6a217e628267300cb074efe6,1024.0,0,False,2026-06-04 20:59:36.735,2.0,1789990.0,1,32.0
6a217e628267300cb074efeb,1024.0,1,False,2026-06-04 20:59:36.735,2.0,2819990.0,1,16.0
6a217e628267300cb074eff0,1024.0,0,False,2026-06-04 20:59:36.735,2.0,3899990.0,2,32.0
6a217e628267300cb074eff4,512.0,4,False,2026-06-04 20:59:36.735,2.0,2999990.0,1,16.0
6a217e628267300cb074eff9,1024.0,0,False,2026-06-04 20:59:36.735,2.0,2499990.0,1,32.0
6a217e628267300cb074effc,256.0,1,False,2026-06-04 20:59:36.735,2.0,829990.0,0,24.0
6a217e628267300cb074effd,512.0,1,False,2026-06-04 20:59:36.735,2.0,1057990.0,4,16.0
6a217e628267300cb074effe,1024.0,0,False,2026-06-04 20:59:36.735,2.0,1818900.0,1,32.0
6a217e628267300cb074f000,1024.0,0,False,2026-06-04 20:59:36.735,2.0,1599993.0,1,32.0
6a217e628267300cb074f004,512.0,1,False,2026-06-04 20:59:36.735,2.0,1730990.0,4,16.0
6a217e628267300cb074f009,512.0,1,False,2026-06-04 20:59:36.735,2.0,879990.0,0,16.0
6a217e628267300cb074f00e,1024.0,1,False,2026-06-04 20:59:36.735,2.0,1458990.0,4,16.0
6a217e628267300cb074f00f,512.0,1,False,2026-06-04 20:59:36.735,2.0,521980.0,0,8.0
6a217e628267300cb074f012,1024.0,0,False,2026-06-04 20:59:36.735,2.0,1299993.0,1,32.0
6a217e628267300cb074f01b,512.0,1,False,2026-06-04 20:59:36.735,2.0,1099990.0,4,16.0
6a217e628267300cb074f01e,512.0,1,False,2026-06-04 20:59:36.735,2.0,410000.0,0,16.0
6a217e628267300cb074f023,512.0,1,False,2026-06-04 20:59:36.735,2.0,995990.0,4,16.0
6a217e628267300cb074f02f,512.0,1,False,2026-06-04 20:59:36.735,2.0,1999990.0,4,16.0
6a217e628267300cb074f030,512.0,1,False,2026-06-04 20:59:36.736,2.0,779990.0,0,16.0
6a217e628267300cb074f032,512.0,1,False,2026-06-04 20:59:36.736,2.0,588990.0,0,16.0
6a217e628267300cb074f035,1024.0,1,False,2026-06-04 20:59:36.736,2.0,265990.0,4,16.0
6a217e628267300cb074f039,1024.0,0,False,2026-06-04 20:59:36.736,2.0,1799999.0,1,32.0
6a217e628267300cb074f03c,512.0,1,False,2026-06-04 20:59:36.736,2.0,815990.0,0,8.0
6a217e628267300cb074f041,256.0,1,False,2026-06-04 20:59:36.736,2.0,487990.0,0,4.0
6a217e628267300cb074f043,256.0,1,False,2026-06-04 20:59:36.736,2.0,429990.0,0,16.0
6a217e628267300cb074f044,1024.0,1,False,2026-06-04 20:59:36.736,2.0,1979990.0,1,16.0
6a217e628267300cb074f046,512.0,1,False,2026-06-04 20:59:36.736,2.0,899987.0,0,16.0
6a217e628267300cb074f051,128.0,1,False,2026-06-04 20:59:36.736,2.0,399990.0,0,4.0
6a217e628267300cb074f052,512.0,1,False,2026-06-04 20:59:36.736,2.0,1504990.0,4,16.0
6a217e628267300cb074f053,512.0,1,False,2026-06-04 20:59:36.736,2.0,966990.0,4,16.0
6a217e628267300cb074f055,1024.0,1,False,2026-06-04 20:59:36.736,2.0,669900.0,4,16.0
6a217e628267300cb074f056,256.0,1,False,2026-06-04 20:59:36.736,2.0,429990.0,0,4.0
6a217e628267300cb074f058,512.0,1,False,2026-06-04 20:59:36.736,2.0,1119990.0,4,16.0
6a217e628267300cb074f05a,512.0,1,False,2026-06-04 20:59:36.736,2.0,941990.0,0,8.0
6a217e628267300cb074f05d,1024.0,0,False,2026-06-04 20:59:36.736,2.0,999990.0,1,32.0
6a217e628267300cb074f05e,1024.0,1,False,2026-06-04 20:59:36.736,2.0,679990.0,4,16.0
6a217e628267300cb074f061,1024.0,0,False,2026-06-04 20:59:36.736,2.0,2304990.0,1,32.0
6a217e628267300cb074f063,512.0,1,False,2026-06-04 20:59:36.736,2.0,787990.0,0,16.0
6a217e628267300cb074f064,512.0,1,False,2026-06-04 20:59:36.736,2.0,619990.0,0,8.0
6a217e628267300cb074f065,1024.0,0,False,2026-06-04 20:59:36.736,2.0,2399990.0,1,32.0
6a217e628267300cb074f066,2048.0,-1,True,2026-06-04 20:59:36.736,2.0,5199993.0,2,64.0
6a217e628267300cb074f06e,512.0,1,False,2026-06-04 20:59:36.736,2.0,1045990.0,4,16.0
6a217e628267300cb074f070,512.0,1,False,2026-06-04 20:59:36.736,2.0,814790.0,4,24.0
6a217e638267300cb074f073,256.0,1,False,2026-06-04 20:59:36.736,2.0,429990.0,0,8.0
6a217e638267300cb074f075,256.0,1,False,2026-06-04 20:59:36.736,2.0,800990.0,0,8.0
6a217e638267300cb074f078,1024.0,1,False,2026-06-04 20:59:36.737,2.0,1307990.0,4,16.0
6a217e638267300cb074f079,512.0,1,False,2026-06-04 20:59:36.737,2.0,1320990.0,4,16.0
6a217e638267300cb074f07b,512.0,1,False,2026-06-04 20:59:36.737,2.0,1089990.0,4,16.0
6a217e638267300cb074f07c,512.0,1,False,2026-06-04 20:59:36.737,2.0,429990.0,0,8.0
6a217e638267300cb074f080,512.0,1,False,2026-06-04 20:59:36.737,2.0,599990.0,0,8.0
6a217e638267300cb074f081,512.0,1,False,2026-06-04 20:59:36.737,2.0,1099990.0,4,16.0
6a217e638267300cb074f08d,512.0,1,False,2026-06-04 20:59:36.737,2.0,649990.0,4,24.0
6a217e638267300cb074f092,256.0,1,False,2026-06-04 20:59:36.737,2.0,295000.0,0,8.0
6a217e638267300cb074f094,256.0,1,False,2026-06-04 20:59:36.737,17.0,349999.0,0,8.0
6a217e638267300cb074f09a,512.0,1,False,2026-06-04 20:59:36.737,7.0,1099990.0,4,16.0
6a217e638267300cb074f09c,512.0,1,False,2026-06-04 20:59:36.737,7.0,999990.0,4,16.0
6a217e638267300cb074f09f,512.0,1,False,2026-06-04 20:59:36.737,7.0,440000.0,0,8.0
6a217e638267300cb074f0a6,1024.0,0,False,2026-06-04 20:59:36.737,7.0,3657490.0,2,32.0
6a217e638267300cb074f0b0,512.0,1,False,2026-06-04 20:59:36.737,13.0,749990.0,0,8.0
6a217e638267300cb074f0b9,1024.0,1,False,2026-06-04 20:59:36.737,4.0,1484732.0,4,16.0
6a217e638267300cb074f0c1,1024.0,1,False,2026-06-04 20:59:36.737,4.0,2229990.0,1,16.0
6a217e638267300cb074f0c4,128.0,1,False,2026-06-04 20:59:36.737,4.0,200000.0,0,8.0
6a217e638267300cb074f0ca,512.0,1,False,2026-06-04 20:59:36.737,4.0,879990.0,0,16.0
6a217e638267300cb074f0d2,256.0,1,False,2026-06-04 20:59:36.737,4.0,1199995.0,0,16.0
6a217e638267300cb074f0d9,1024.0,0,False,2026-06-04 20:59:36.738,4.0,749990.0,4,32.0
6a217e638267300cb074f0da,512.0,1,False,2026-06-04 20:59:36.738,4.0,1249990.0,4,16.0
6a217e638267300cb074f0e2,1024.0,2,False,2026-06-04 20:59:36.738,4.0,1799990.0,1,24.0
6a217e638267300cb074f0e3,512.0,1,False,2026-06-04 20:59:36.738,4.0,1299990.0,4,8.0
6a217e638267300cb074f0ef,512.0,1,False,2026-06-04 20:59:36.738,4.0,989990.0,4,24.0
6a217e638267300cb074f0f4,256.0,1,False,2026-06-04 20:59:36.738,4.0,649990.0,0,8.0
6a217e638267300cb074f0f6,256.0,1,False,2026-06-04 20:59:36.738,4.0,649990.0,0,8.0
6a217e638267300cb074f0fc,500.0,1,False,2026-06-04 20:59:36.738,4.0,279000.0,0,4.0
6a217e638267300cb074f104,1024.0,1,False,2026-06-04 20:59:36.738,4.0,649990.0,4,16.0
6a217e638267300cb074f105,256.0,1,False,2026-06-04 20:59:36.738,4.0,549990.0,0,8.0
6a217e638267300cb074f106,512.0,1,False,2026-06-04 20:59:36.738,4.0,699990.0,0,8.0
6a217e638267300cb074f10a,1024.0,0,False,2026-06-04 20:59:36.738,4.0,2449990.0,1,32.0
6a217e638267300cb074f112,1024.0,2,False,2026-06-04 20:59:36.738,4.0,2449784.0,1,24.0
6a217e638267300cb074f115,2048.0,10,False,2026-06-04 20:59:36.738,4.0,2827990.0,2,24.0
6a217e638267300cb074f116,512.0,1,False,2026-06-04 20:59:36.738,4.0,729990.0,0,16.0
6a217e638267300cb074f122,512.0,1,False,2026-06-04 20:59:36.738,4.0,1249990.0,4,16.0
6a217e638267300cb074f123,512.0,1,False,2026-06-04 20:59:36.738,4.0,1289990.0,4,24.0
6a217e638267300cb074f125,256.0,1,False,2026-06-04 20:59:36.738,4.0,549990.0,0,8.0
6a217e638267300cb074f12c,512.0,1,False,2026-06-04 20:59:36.738,4.0,1499990.0,4,24.0
6a217e638267300cb074f12e,512.0,1,False,2026-06-04 20:59:36.738,6.0,759995.0,0,16.0
6a217e638267300cb074f12f,1024.0,1,False,2026-06-04 20:59:36.738,6.0,1799990.0,1,16.0
6a217e638267300cb074f13f,512.0,1,False,2026-06-04 20:59:36.738,6.0,678900.0,0,16.0
6a217e638267300cb074f143,1024.0,-1,True,2026-06-04 20:59:36.738,6.0,4559990.0,2,32.0
6a217e638267300cb074f072,512.0,1,False,2026-06-04 20:59:36.738,2.0,1739990.0,4,16.0
6a217e638267300cb074f074,512.0,1,False,2026-06-04 20:59:36.738,2.0,921990.0,0,16.0
6a217e638267300cb074f076,512.0,1,False,2026-06-04 20:59:36.739,2.0,896990.0,0,8.0
6a217e638267300cb074f077,512.0,1,False,2026-06-04 20:59:36.739,2.0,1843990.0,4,16.0
6a217e638267300cb074f07a,256.0,1,False,2026-06-04 20:59:36.739,2.0,820990.0,0,8.0
6a217e638267300cb074f07e,1024.0,1,False,2026-06-04 20:59:36.739,2.0,2499990.0,1,16.0
6a217e638267300cb074f084,512.0,1,False,2026-06-04 20:59:36.739,2.0,505990.0,0,8.0
6a217e638267300cb074f089,512.0,2,False,2026-06-04 20:59:36.739,2.0,1595990.0,4,32.0
6a217e638267300cb074f08f,512.0,1,False,2026-06-04 20:59:36.739,2.0,1176990.0,4,16.0
6a217e638267300cb074f090,512.0,4,False,2026-06-04 20:59:36.739,2.0,2999990.0,1,16.0
6a217e638267300cb074f095,1024.0,1,False,2026-06-04 20:59:36.739,7.0,2199990.0,1,16.0
6a217e638267300cb074f09b,64.0,1,False,2026-06-04 20:59:36.739,7.0,209990.0,0,4.0
6a217e638267300cb074f09d,512.0,1,False,2026-06-04 20:59:36.739,7.0,849990.0,0,16.0
6a217e638267300cb074f0a3,1024.0,1,False,2026-06-04 20:59:36.739,7.0,1749990.0,1,16.0
6a217e638267300cb074f0a5,512.0,1,False,2026-06-04 20:59:36.739,7.0,999990.0,4,16.0
6a217e638267300cb074f0a9,2048.0,10,False,2026-06-04 20:59:36.739,9.0,2999990.0,2,24.0
6a217e638267300cb074f0aa,1024.0,-1,True,2026-06-04 20:59:36.739,9.0,3069990.0,1,24.0
6a217e638267300cb074f0ab,2048.0,-1,True,2026-06-04 20:59:36.739,9.0,4499990.0,2,36.0
6a217e638267300cb074f0b3,1024.0,0,False,2026-06-04 20:59:36.739,11.0,1899990.0,1,32.0
6a217e638267300cb074f0b6,256.0,-1,True,2026-06-04 20:59:36.739,4.0,2280112.0,4,8.0
6a217e638267300cb074f0b7,512.0,1,False,2026-06-04 20:59:36.739,4.0,989990.0,4,24.0
6a217e638267300cb074f0b8,512.0,1,False,2026-06-04 20:59:36.739,4.0,429990.0,0,16.0
6a217e638267300cb074f0bd,512.0,1,False,2026-06-04 20:59:36.739,4.0,1764990.0,4,16.0
6a217e638267300cb074f0be,1024.0,0,False,2026-06-04 20:59:36.739,4.0,2799990.0,1,36.0
6a217e638267300cb074f0bf,512.0,1,False,2026-06-04 20:59:36.739,4.0,749990.0,0,8.0
6a217e638267300cb074f0c0,512.0,1,False,2026-06-04 20:59:36.739,4.0,649990.0,0,8.0
6a217e638267300cb074f0c8,512.0,6,False,2026-06-04 20:59:36.739,4.0,3399990.0,1,48.0
6a217e638267300cb074f0c9,512.0,1,False,2026-06-04 20:59:36.739,4.0,739328.0,0,8.0
6a217e638267300cb074f0d1,512.0,1,False,2026-06-04 20:59:36.740,4.0,1196990.0,4,16.0
6a217e638267300cb074f0d8,512.0,1,False,2026-06-04 20:59:36.740,4.0,1129990.0,4,16.0
6a217e638267300cb074f0db,1024.0,2,False,2026-06-04 20:59:36.740,4.0,2459990.0,1,24.0
6a217e638267300cb074f0dc,1024.0,1,False,2026-06-04 20:59:36.740,4.0,1899990.0,1,16.0
6a217e638267300cb074f0dd,1024.0,2,False,2026-06-04 20:59:36.740,4.0,2099990.0,1,24.0
6a217e638267300cb074f0e6,121.0,1,False,2026-06-04 20:59:36.740,4.0,199900.0,0,8.0
6a217e638267300cb074f0eb,256.0,1,False,2026-06-04 20:59:36.740,4.0,979990.0,0,16.0
6a217e638267300cb074f0ec,2048.0,3,False,2026-06-04 20:59:36.740,4.0,4196990.0,2,36.0
6a217e638267300cb074f0f2,512.0,1,False,2026-06-04 20:59:36.740,4.0,1179197.0,4,16.0
6a217e638267300cb074f0fd,1024.0,5,False,2026-06-04 20:59:36.740,4.0,3494010.0,2,48.0
6a217e638267300cb074f109,2048.0,-1,True,2026-06-04 20:59:36.740,4.0,4561990.0,2,48.0
6a217e638267300cb074f10d,512.0,1,False,2026-06-04 20:59:36.740,4.0,699990.0,0,16.0
6a217e638267300cb074f10e,512.0,1,False,2026-06-04 20:59:36.740,4.0,742844.0,0,8.0
6a217e638267300cb074f111,1024.0,1,False,2026-06-04 20:59:36.740,4.0,1879990.0,1,16.0
6a217e638267300cb074f119,512.0,1,False,2026-06-04 20:59:36.740,4.0,2349990.0,1,24.0
6a217e638267300cb074f11c,1024.0,2,False,2026-06-04 20:59:36.740,4.0,2736990.0,1,24.0
6a217e638267300cb074f11e,256.0,1,False,2026-06-04 20:59:36.740,4.0,1549990.0,4,16.0
6a217e638267300cb074f124,512.0,1,False,2026-06-04 20:59:36.740,4.0,549990.0,0,8.0
6a217e638267300cb074f126,512.0,1,False,2026-06-04 20:59:36.740,4.0,399900.0,0,8.0
6a217e638267300cb074f127,1024.0,1,False,2026-06-04 20:59:36.740,4.0,799990.0,4,16.0
6a217e638267300cb074f128,1024.0,1,False,2026-06-04 20:59:36.740,4.0,649990.0,4,16.0
6a217e638267300cb074f12d,512.0,1,False,2026-06-04 20:59:36.740,4.0,1249990.0,4,16.0
6a217e638267300cb074f130,512.0,1,False,2026-06-04 20:59:36.740,6.0,697990.0,0,16.0
6a217e638267300cb074f133,512.0,1,False,2026-06-04 20:59:36.740,6.0,1149990.0,4,16.0
6a217e638267300cb074f135,1024.0,1,False,2026-06-04 20:59:36.740,6.0,2458990.0,1,16.0
6a217e638267300cb074f137,512.0,1,False,2026-06-04 20:59:36.740,6.0,699990.0,0,16.0
6a217e638267300cb074f139,512.0,1,False,2026-06-04 20:59:36.740,6.0,1705240.0,4,16.0
6a217e638267300cb074f13c,1024.0,1,False,2026-06-04 20:59:36.741,6.0,2659990.0,1,16.0
6a217e638267300cb074f13d,512.0,1,False,2026-06-04 20:59:36.741,6.0,999990.0,4,16.0
6a217e638267300cb074f13e,512.0,1,False,2026-06-04 20:59:36.741,6.0,2137490.0,4,16.0
6a217e638267300cb074f141,1024.0,1,False,2026-06-04 20:59:36.741,6.0,1949990.0,1,16.0
6a217e638267300cb074f142,1024.0,1,False,2026-06-04 20:59:36.741,6.0,1799990.0,1,16.0
6a217e638267300cb074f146,512.0,1,False,2026-06-04 20:59:36.741,6.0,932990.0,4,16.0
6a217e638267300cb074f14a,1024.0,1,False,2026-06-04 20:59:36.741,10.0,1999000.0,1,16.0
6a217e638267300cb074f14b,512.0,1,False,2026-06-04 20:59:36.741,10.0,1143900.0,4,16.0
6a217e638267300cb074f071,512.0,1,False,2026-06-04 20:59:36.741,2.0,399990.0,0,8.0
6a217e638267300cb074f07d,2048.0,-1,True,2026-06-04 20:59:36.741,2.0,6399990.0,2,64.0
6a217e638267300cb074f086,1024.0,1,False,2026-06-04 20:59:36.741,2.0,1799990.0,1,16.0
6a217e638267300cb074f087,512.0,1,False,2026-06-04 20:59:36.741,2.0,759990.0,0,12.0
6a217e638267300cb074f088,1024.0,0,False,2026-06-04 20:59:36.741,2.0,1809990.0,1,32.0
6a217e638267300cb074f08a,1024.0,1,False,2026-06-04 20:59:36.741,2.0,1932990.0,1,16.0
6a217e638267300cb074f08b,512.0,1,False,2026-06-04 20:59:36.741,2.0,811990.0,0,16.0
6a217e638267300cb074f08c,1024.0,1,False,2026-06-04 20:59:36.741,2.0,2579990.0,1,16.0
6a217e638267300cb074f091,512.0,1,False,2026-06-04 20:59:36.741,2.0,1229990.0,0,8.0
6a217e638267300cb074f093,512.0,1,False,2026-06-04 20:59:36.741,2.0,549990.0,0,8.0
6a217e638267300cb074f097,512.0,1,False,2026-06-04 20:59:36.741,7.0,2499990.0,1,16.0
6a217e638267300cb074f098,512.0,1,False,2026-06-04 20:59:36.741,7.0,719990.0,0,16.0
6a217e638267300cb074f099,512.0,1,False,2026-06-04 20:59:36.741,7.0,799990.0,0,8.0
6a217e638267300cb074f0a0,512.0,1,False,2026-06-04 20:59:36.741,7.0,1799990.0,4,16.0
6a217e638267300cb074f0a1,512.0,1,False,2026-06-04 20:59:36.741,7.0,709990.0,0,16.0
6a217e638267300cb074f0a7,1024.0,1,False,2026-06-04 20:59:36.742,7.0,2699990.0,1,16.0
6a217e638267300cb074f0ac,2048.0,-1,True,2026-06-04 20:59:36.742,9.0,4999990.0,2,48.0
6a217e638267300cb074f0af,128.0,1,False,2026-06-04 20:59:36.742,14.0,229990.0,0,4.0
6a217e638267300cb074f0b1,512.0,1,False,2026-06-04 20:59:36.742,13.0,749990.0,0,8.0
6a217e638267300cb074f0b4,1024.0,0,False,2026-06-04 20:59:36.742,11.0,1149990.0,1,32.0
6a217e638267300cb074f0b5,512.0,1,False,2026-06-04 20:59:36.742,4.0,2299990.0,4,16.0
6a217e638267300cb074f0bb,1024.0,1,False,2026-06-04 20:59:36.742,4.0,2199990.0,1,16.0
6a217e638267300cb074f0bc,512.0,1,False,2026-06-04 20:59:36.742,4.0,599990.0,0,16.0
6a217e638267300cb074f0c2,512.0,1,False,2026-06-04 20:59:36.742,4.0,749990.0,0,8.0
6a217e638267300cb074f0c3,256.0,1,False,2026-06-04 20:59:36.742,4.0,999990.0,0,8.0
6a217e638267300cb074f0c5,1024.0,2,False,2026-06-04 20:59:36.742,4.0,2499990.0,1,24.0
6a217e638267300cb074f0cb,1024.0,2,False,2026-06-04 20:59:36.742,4.0,1999990.0,1,24.0
6a217e638267300cb074f0ce,2048.0,-1,True,2026-06-04 20:59:36.742,4.0,2639990.0,2,36.0
6a217e638267300cb074f0d5,512.0,1,False,2026-06-04 20:59:36.742,4.0,649990.0,0,16.0
6a217e638267300cb074f0d6,512.0,1,False,2026-06-04 20:59:36.742,4.0,1249990.0,4,16.0
6a217e638267300cb074f0e0,512.0,1,False,2026-06-04 20:59:36.742,4.0,1249990.0,4,16.0
6a217e638267300cb074f0e1,1024.0,-1,True,2026-06-04 20:59:36.742,4.0,2999990.0,1,24.0
6a217e638267300cb074f0e7,512.0,1,False,2026-06-04 20:59:36.742,4.0,1664990.0,4,16.0
6a217e638267300cb074f0e9,1024.0,5,False,2026-06-04 20:59:36.743,4.0,3464066.0,2,48.0
6a217e638267300cb074f0ea,256.0,1,False,2026-06-04 20:59:36.743,4.0,649990.0,0,8.0
6a217e638267300cb074f0f1,1024.0,2,False,2026-06-04 20:59:36.743,4.0,2499990.0,1,24.0
6a217e638267300cb074f0f5,256.0,1,False,2026-06-04 20:59:36.743,4.0,649990.0,0,16.0
6a217e638267300cb074f0f8,1024.0,1,False,2026-06-04 20:59:36.743,4.0,1411990.0,4,16.0
6a217e638267300cb074f0f9,1024.0,-1,True,2026-06-04 20:59:36.743,4.0,4442329.0,2,48.0
6a217e638267300cb074f0fb,2048.0,3,False,2026-06-04 20:59:36.743,4.0,3705990.0,2,36.0
6a217e638267300cb074f0fe,2048.0,10,False,2026-06-04 20:59:36.743,4.0,2999990.0,2,24.0
6a217e638267300cb074f102,256.0,1,False,2026-06-04 20:59:36.743,4.0,959990.0,0,8.0
6a217e638267300cb074f103,512.0,1,False,2026-06-04 20:59:36.743,4.0,1499990.0,4,16.0
6a217e638267300cb074f107,1024.0,1,False,2026-06-04 20:59:36.743,4.0,786900.0,4,16.0
6a217e638267300cb074f108,512.0,1,False,2026-06-04 20:59:36.743,4.0,2399000.0,1,24.0
6a217e638267300cb074f10b,256.0,1,False,2026-06-04 20:59:36.743,4.0,619990.0,0,8.0
6a217e638267300cb074f10f,256.0,1,False,2026-06-04 20:59:36.743,4.0,499990.0,0,16.0
6a217e638267300cb074f117,512.0,1,False,2026-06-04 20:59:36.743,4.0,529990.0,0,16.0
6a217e638267300cb074f11f,1024.0,1,False,2026-06-04 20:59:36.743,4.0,1829990.0,1,16.0
6a217e638267300cb074f120,1024.0,2,False,2026-06-04 20:59:36.743,4.0,2299990.0,1,24.0
6a217e638267300cb074f121,512.0,1,False,2026-06-04 20:59:36.743,4.0,1912670.0,4,16.0
6a217e638267300cb074f12b,2048.0,-1,True,2026-06-04 20:59:36.743,4.0,4948808.0,2,48.0
6a217e638267300cb074f131,512.0,1,False,2026-06-04 20:59:36.743,6.0,1899990.0,4,16.0
6a217e638267300cb074f132,1024.0,1,False,2026-06-04 20:59:36.743,6.0,1199000.0,4,16.0
6a217e638267300cb074f136,1024.0,0,False,2026-06-04 20:59:36.743,6.0,1390000.0,1,32.0
6a217e638267300cb074f13b,1024.0,0,False,2026-06-04 20:59:36.743,6.0,1499000.0,1,32.0
6a217e638267300cb074f145,512.0,1,False,2026-06-04 20:59:36.744,6.0,1199990.0,4,16.0
6a217e638267300cb074f148,256.0,1,False,2026-06-04 20:59:36.744,19.0,449990.0,0,16.0
6a217e638267300cb074f149,512.0,1,False,2026-06-04 20:59:36.744,10.0,1299990.0,4,16.0
6a217e638267300cb074f07f,128.0,1,False,2026-06-04 20:59:36.744,2.0,499990.0,0,4.0
6a217e638267300cb074f082,512.0,1,False,2026-06-04 20:59:36.744,2.0,629990.0,0,16.0
6a217e638267300cb074f083,1024.0,1,False,2026-06-04 20:59:36.744,2.0,1124990.0,4,16.0
6a217e638267300cb074f085,256.0,1,False,2026-06-04 20:59:36.744,2.0,319990.0,0,12.0
6a217e638267300cb074f08e,512.0,1,False,2026-06-04 20:59:36.744,2.0,584990.0,0,8.0
6a217e638267300cb074f096,512.0,1,False,2026-06-04 20:59:36.744,7.0,799990.0,0,8.0
6a217e638267300cb074f09e,512.0,1,False,2026-06-04 20:59:36.744,7.0,699990.0,0,8.0
6a217e638267300cb074f0a2,512.0,1,False,2026-06-04 20:59:36.744,7.0,799990.0,0,8.0
6a217e638267300cb074f0a4,512.0,1,False,2026-06-04 20:59:36.744,7.0,659990.0,0,8.0
6a217e638267300cb074f0a8,512.0,1,False,2026-06-04 20:59:36.744,7.0,999990.0,4,16.0
6a217e638267300cb074f0ad,1024.0,2,False,2026-06-04 20:59:36.744,9.0,2549990.0,1,24.0
6a217e638267300cb074f0ae,512.0,1,False,2026-06-04 20:59:36.744,9.0,749990.0,0,8.0
6a217e638267300cb074f0b2,256.0,4,False,2026-06-04 20:59:36.744,18.0,3292990.0,1,16.0
6a217e638267300cb074f0ba,256.0,1,False,2026-06-04 20:59:36.744,4.0,649990.0,0,8.0
6a217e638267300cb074f0c6,128.0,1,False,2026-06-04 20:59:36.744,4.0,170879.0,0,8.0
6a217e638267300cb074f0c7,1024.0,0,False,2026-06-04 20:59:36.744,4.0,2349990.0,1,32.0
6a217e638267300cb074f0cc,256.0,1,False,2026-06-04 20:59:36.744,4.0,649990.0,0,8.0
6a217e638267300cb074f0cd,1024.0,1,False,2026-06-04 20:59:36.744,4.0,1729990.0,1,16.0
6a217e638267300cb074f0cf,512.0,1,False,2026-06-04 20:59:36.744,4.0,2289990.0,1,24.0
6a217e638267300cb074f0d0,1024.0,1,False,2026-06-04 20:59:36.744,4.0,2154827.0,1,16.0
6a217e638267300cb074f0d3,512.0,1,False,2026-06-04 20:59:36.744,4.0,1382990.0,4,16.0
6a217e638267300cb074f0d4,2048.0,3,False,2026-06-04 20:59:36.744,4.0,4105990.0,2,36.0
6a217e638267300cb074f0d7,512.0,1,False,2026-06-04 20:59:36.744,4.0,1299000.0,4,16.0
6a217e638267300cb074f0de,256.0,1,False,2026-06-04 20:59:36.744,4.0,649990.0,0,8.0
6a217e638267300cb074f0df,256.0,1,False,2026-06-04 20:59:36.745,4.0,849990.0,0,8.0
6a217e638267300cb074f0e4,512.0,1,False,2026-06-04 20:59:36.745,4.0,739328.0,0,8.0
6a217e638267300cb074f0e5,256.0,1,False,2026-06-04 20:59:36.745,4.0,649990.0,0,8.0
6a217e638267300cb074f0e8,512.0,1,False,2026-06-04 20:59:36.745,4.0,1039990.0,4,16.0
6a217e638267300cb074f0ed,1024.0,1,False,2026-06-04 20:59:36.745,4.0,788400.0,4,16.0
6a217e638267300cb074f0ee,1024.0,1,False,2026-06-04 20:59:36.745,4.0,1799990.0,1,16.0
6a217e638267300cb074f0f0,512.0,1,False,2026-06-04 20:59:36.745,4.0,1754990.0,4,16.0
6a217e638267300cb074f0f3,512.0,1,False,2026-06-04 20:59:36.745,4.0,1479990.0,4,24.0
6a217e638267300cb074f0f7,512.0,1,False,2026-06-04 20:59:36.745,4.0,749990.0,0,8.0
6a217e638267300cb074f0fa,256.0,1,False,2026-06-04 20:59:36.745,4.0,1189990.0,0,16.0
6a217e638267300cb074f0ff,512.0,1,False,2026-06-04 20:59:36.745,4.0,2799990.0,1,24.0
6a217e638267300cb074f100,512.0,1,False,2026-06-04 20:59:36.745,4.0,1129990.0,4,16.0
6a217e638267300cb074f101,512.0,1,False,2026-06-04 20:59:36.745,4.0,668000.0,0,16.0
6a217e638267300cb074f10c,1024.0,1,False,2026-06-04 20:59:36.745,4.0,776732.0,4,16.0
6a217e638267300cb074f110,256.0,1,False,2026-06-04 20:59:36.745,4.0,599990.0,0,16.0
6a217e638267300cb074f113,2048.0,10,False,2026-06-04 20:59:36.745,4.0,2784990.0,2,24.0
6a217e638267300cb074f114,1024.0,2,False,2026-06-04 20:59:36.745,4.0,1732028.0,1,24.0
6a217e638267300cb074f118,1024.0,-1,True,2026-06-04 20:59:36.745,4.0,3192990.0,1,48.0
6a217e638267300cb074f11a,512.0,1,False,2026-06-04 20:59:36.745,4.0,1499990.0,4,16.0
6a217e638267300cb074f11b,1024.0,2,False,2026-06-04 20:59:36.745,4.0,1999990.0,1,24.0
6a217e638267300cb074f11d,256.0,1,False,2026-06-04 20:59:36.745,4.0,699990.0,0,8.0
6a217e638267300cb074f129,512.0,1,False,2026-06-04 20:59:36.745,4.0,1368990.0,4,16.0
6a217e638267300cb074f12a,256.0,1,False,2026-06-04 20:59:36.745,4.0,615000.0,0,8.0
6a217e638267300cb074f134,1024.0,1,False,2026-06-04 20:59:36.745,6.0,1999990.0,1,16.0
6a217e638267300cb074f138,1024.0,0,False,2026-06-04 20:59:36.746,6.0,2199990.0,1,32.0
6a217e638267300cb074f13a,1024.0,1,False,2026-06-04 20:59:36.746,6.0,2999990.0,1,16.0
6a217e638267300cb074f140,512.0,1,False,2026-06-04 20:59:36.746,6.0,1399990.0,4,16.0
6a217e638267300cb074f144,512.0,1,False,2026-06-04 20:59:36.746,6.0,1399990.0,4,16.0
6a217e638267300cb074f147,1024.0,0,False,2026-06-04 20:59:36.746,15.0,1225390.0,1,32.0
6a217e638267300cb074f14c,2048.0,0,False,2026-06-04 20:59:36.746,10.0,1149990.0,1,16.0
