marca,tienda,precio,ram_gb,almacenamiento_gb,features,scaledFeatures,prediction
1,0,1059992.0,16,512.0,"[1059992.0,16.0,512.0]","[1.666752803908922,1.2730794066257018,1.411826743396237]",0
3,0,1095386.0,16,512.0,"[1095386.0,16.0,512.0]","[1.7224070435084213,1.2730794066257018,1.411826743396237]",0
0,0,789990.0,16,1024.0,"[789990.0,16.0,1024.0]","[1.2421962123865173,1.2730794066257018,2.823653486792474]",0
4,0,1249990.0,16,512.0,"[1249990.0,16.0,512.0]","[1.965509491918914,1.2730794066257018,1.411826743396237]",0
0,0,1078990.0,16,512.0,"[1078990.0,16.0,512.0]","[1.6966256423536101,1.2730794066257018,1.411826743396237]",0
2,0,619990.0,16,512.0,"[619990.0,16.0,512.0]","[0.97488478299411,1.2730794066257018,1.411826743396237]",0
0,0,719990.0,16,512.0,"[719990.0,16.0,512.0]","[1.1321268002837614,1.2730794066257018,1.411826743396237]",0
0,0,719990.0,16,512.0,"[719990.0,16.0,512.0]","[1.1321268002837614,1.2730794066257018,1.411826743396237]",0
1,0,3070770.0,32,1024.0,"[3070770.0,32.0,1024.0]","[4.828540694325429,2.5461588132514037,2.823653486792474]",1
0,0,679990.0,8,512.0,"[679990.0,8.0,512.0]","[1.0692299933679008,0.6365397033128509,1.411826743396237]",0
1,0,1369990.0,16,1024.0,"[1369990.0,16.0,1024.0]","[2.154199912666496,1.2730794066257018,2.823653486792474]",1
0,0,739990.0,16,512.0,"[739990.0,16.0,512.0]","[1.1635752037416918,1.2730794066257018,1.411826743396237]",0
1,0,1299992.0,16,512.0,"[1299992.0,16.0,512.0]","[2.0441336454040857,1.2730794066257018,1.411826743396237]",0
0,0,2099990.0,32,512.0,"[2099990.0,32.0,512.0]","[3.302066638880951,2.5461588132514037,1.411826743396237]",1
0,0,350000.0,8,512.0,"[350000.0,8.0,512.0]","[0.55034706051378,0.6365397033128509,1.411826743396237]",0
0,0,699990.0,16,512.0,"[699990.0,16.0,512.0]","[1.1006783968258311,1.2730794066257018,1.411826743396237]",0
5,0,2699991.0,32,2048.0,"[2699991.0,32.0,2048.0]","[4.245520315039033,2.5461588132514037,5.647306973584948]",1
1,0,521980.0,8,512.0,"[521980.0,8.0,512.0]","[0.8207718818485226,0.6365397033128509,1.411826743396237]",0
3,0,1324990.0,16,512.0,"[1324990.0,16.0,512.0]","[2.0834410048861525,1.2730794066257018,1.411826743396237]",0
30,0,369990.0,8,512.0,"[369990.0,8.0,512.0]","[0.5817797397699813,0.6365397033128509,1.411826743396237]",0
2,0,446990.0,8,512.0,"[446990.0,8.0,512.0]","[0.702856093083013,0.6365397033128509,1.411826743396237]",0
2,0,719990.0,8,512.0,"[719990.0,8.0,512.0]","[1.1321268002837614,0.6365397033128509,1.411826743396237]",0
3,0,869390.0,16,1024.0,"[869390.0,16.0,1024.0]","[1.3670463741145007,1.2730794066257018,2.823653486792474]",0
3,0,676190.0,16,512.0,"[676190.0,16.0,512.0]","[1.063254796710894,1.2730794066257018,1.411826743396237]",0
0,0,1099990.0,16,1024.0,"[1099990.0,16.0,1024.0]","[1.7296464659844368,1.2730794066257018,2.823653486792474]",0
0,0,927350.0,16,1024.0,"[927350.0,16.0,1024.0]","[1.4581838473355826,1.2730794066257018,2.823653486792474]",0
0,0,1029990.0,16,1024.0,"[1029990.0,16.0,1024.0]","[1.619577053881681,1.2730794066257018,2.823653486792474]",0
0,0,999990.0,16,512.0,"[999990.0,16.0,512.0]","[1.5724044486947855,1.2730794066257018,1.411826743396237]",0
0,0,1359990.0,16,512.0,"[1359990.0,16.0,512.0]","[2.1384757109375307,1.2730794066257018,1.411826743396237]",0
4,0,2799990.0,36,1024.0,"[2799990.0,36.0,1024.0]","[4.402760759908511,2.864428664907829,2.823653486792474]",1
0,0,649990.0,16,512.0,"[649990.0,16.0,512.0]","[1.0220573881810053,1.2730794066257018,1.411826743396237]",0
17,0,1149990.0,16,2048.0,"[1149990.0,16.0,2048.0]","[1.8082674746292626,1.2730794066257018,5.647306973584948]",1
3,0,2999900.0,32,1024.0,"[2999900.0,32.0,1024.0]","[4.717103276672254,2.5461588132514037,2.823653486792474]",1
2,0,679990.0,16,512.0,"[679990.0,16.0,512.0]","[1.0692299933679008,1.2730794066257018,1.411826743396237]",0
0,0,699995.0,16,512.0,"[699995.0,16.0,512.0]","[1.1006862589266955,1.2730794066257018,1.411826743396237]",0
2,0,659990.0,8,512.0,"[659990.0,8.0,512.0]","[1.0377815899099705,0.6365397033128509,1.411826743396237]",0
1,0,849990.0,24,512.0,"[849990.0,24.0,512.0]","[1.3365414227603083,1.9096191099385527,1.411826743396237]",0
2,0,1319990.0,16,1024.0,"[1319990.0,16.0,1024.0]","[2.07557890402167,1.2730794066257018,2.823653486792474]",1
1,0,994990.0,16,512.0,"[994990.0,16.0,512.0]","[1.5645423478303029,1.2730794066257018,1.411826743396237]",0
0,0,1138980.0,16,1024.0,"[1138980.0,16.0,1024.0]","[1.790955128525672,1.2730794066257018,2.823653486792474]",1
2,0,1149990.0,16,1024.0,"[1149990.0,16.0,1024.0]","[1.8082674746292626,1.2730794066257018,2.823653486792474]",1
2,0,939990.0,16,512.0,"[939990.0,16.0,512.0]","[1.4780592383209945,1.2730794066257018,1.411826743396237]",0
1,0,1425900.0,16,1024.0,"[1425900.0,16.0,1024.0]","[2.2421139245331396,1.2730794066257018,2.823653486792474]",1
1,0,1799992.0,32,1024.0,"[1799992.0,32.0,1024.0]","[2.830343731852343,2.5461588132514037,2.823653486792474]",1
5,0,365000.0,8,512.0,"[365000.0,8.0,512.0]","[0.5739333631072278,0.6365397033128509,1.411826743396237]",0
0,0,540390.0,16,512.0,"[540390.0,16.0,512.0]","[0.8497201372315474,1.2730794066257018,1.411826743396237]",0
4,0,799990.0,16,1024.0,"[799990.0,16.0,1024.0]","[1.2579204141154825,1.2730794066257018,2.823653486792474]",0
2,0,1033610.0,32,1024.0,"[1033610.0,32.0,1024.0]","[1.6252692149075663,2.5461588132514037,2.823653486792474]",1
2,0,1259990.0,32,1024.0,"[1259990.0,32.0,1024.0]","[1.9812336936478792,2.5461588132514037,2.823653486792474]",1
1,0,1499990.0,32,1024.0,"[1499990.0,32.0,1024.0]","[2.3586145351430425,2.5461588132514037,2.823653486792474]",1
4,0,1999990.0,24,1024.0,"[1999990.0,24.0,1024.0]","[3.1448246215912996,1.9096191099385527,2.823653486792474]",1
4,0,1899990.0,16,1024.0,"[1899990.0,16.0,1024.0]","[2.9875826043016485,1.2730794066257018,2.823653486792474]",1
5,0,629990.0,20,512.0,"[629990.0,20.0,512.0]","[0.9906089847230751,1.5913492582821274,1.411826743396237]",0
0,0,2028590.0,32,1024.0,"[2028590.0,32.0,1024.0]","[3.1897958385361402,2.5461588132514037,2.823653486792474]",1
4,0,615000.0,8,256.0,"[615000.0,8.0,256.0]","[0.9670384063313563,0.6365397033128509,0.7059133716981185]",0
1,0,1711990.0,32,512.0,"[1711990.0,32.0,512.0]","[2.6919676117971036,2.5461588132514037,1.411826743396237]",1
1,0,852925.0,16,512.0,"[852925.0,16.0,512.0]","[1.3411564759677594,1.2730794066257018,1.411826743396237]",0
2,0,1999990.0,32,1024.0,"[1999990.0,32.0,1024.0]","[3.1448246215912996,2.5461588132514037,2.823653486792474]",1
5,0,1579990.0,32,1024.0,"[1579990.0,32.0,1024.0]","[2.484408148974764,2.5461588132514037,2.823653486792474]",1
1,0,1811235.0,16,1024.0,"[1811235.0,16.0,1024.0]","[2.848022451856218,1.2730794066257018,2.823653486792474]",1
4,0,1829990.0,16,1024.0,"[1829990.0,16.0,1024.0]","[2.8775131921988923,1.2730794066257018,2.823653486792474]",1
4,0,1039990.0,16,512.0,"[1039990.0,16.0,512.0]","[1.6353012556106459,1.2730794066257018,1.411826743396237]",0
2,0,1039990.0,16,512.0,"[1039990.0,16.0,512.0]","[1.6353012556106459,1.2730794066257018,1.411826743396237]",0
1,0,2699990.0,32,2048.0,"[2699990.0,32.0,2048.0]","[4.245518742618859,2.5461588132514037,5.647306973584948]",1
2,0,999990.0,32,512.0,"[999990.0,32.0,512.0]","[1.5724044486947855,2.5461588132514037,1.411826743396237]",0
2,0,999990.0,32,512.0,"[999990.0,32.0,512.0]","[1.5724044486947855,2.5461588132514037,1.411826743396237]",0
2,0,689990.0,16,512.0,"[689990.0,16.0,512.0]","[1.084954195096866,1.2730794066257018,1.411826743396237]",0
0,0,1011000.0,16,512.0,"[1011000.0,16.0,512.0]","[1.5897167947983761,1.2730794066257018,1.411826743396237]",0
2,0,699990.0,8,512.0,"[699990.0,8.0,512.0]","[1.1006783968258311,0.6365397033128509,1.411826743396237]",0
0,0,1799990.0,16,1024.0,"[1799990.0,16.0,1024.0]","[2.830340587011997,1.2730794066257018,2.823653486792474]",1
2,0,1039990.0,16,512.0,"[1039990.0,16.0,512.0]","[1.6353012556106459,1.2730794066257018,1.411826743396237]",0
1,0,799990.0,16,512.0,"[799990.0,16.0,512.0]","[1.2579204141154825,1.2730794066257018,1.411826743396237]",0
0,0,1289818.0,16,1024.0,"[1289818.0,16.0,1024.0]","[2.028135842565036,1.2730794066257018,2.823653486792474]",1
2,0,1899990.0,32,1024.0,"[1899990.0,32.0,1024.0]","[2.9875826043016485,2.5461588132514037,2.823653486792474]",1
0,0,869990.0,16,1024.0,"[869990.0,16.0,1024.0]","[1.3679898262182386,1.2730794066257018,2.823653486792474]",0
2,0,1549990.0,32,1024.0,"[1549990.0,32.0,1024.0]","[2.4372355437878683,2.5461588132514037,2.823653486792474]",1
5,0,649000.0,16,1024.0,"[649000.0,16.0,1024.0]","[1.0205006922098379,1.2730794066257018,2.823653486792474]",0
0,0,1699990.0,24,1024.0,"[1699990.0,24.0,1024.0]","[2.6730985697223453,1.9096191099385527,2.823653486792474]",1
0,0,999990.0,16,1024.0,"[999990.0,16.0,1024.0]","[1.5724044486947855,1.2730794066257018,2.823653486792474]",0
4,0,739328.0,8,512.0,"[739328.0,8.0,512.0]","[1.1625342615872343,0.6365397033128509,1.411826743396237]",0
2,0,699900.0,8,512.0,"[699900.0,8.0,512.0]","[1.1005368790102703,0.6365397033128509,1.411826743396237]",0
2,0,1299990.0,16,1024.0,"[1299990.0,16.0,1024.0]","[2.04413050056374,1.2730794066257018,2.823653486792474]",1
0,0,1166990.0,16,1024.0,"[1166990.0,16.0,1024.0]","[1.8349986175685034,1.2730794066257018,2.823653486792474]",1
1,0,1379990.0,32,1024.0,"[1379990.0,32.0,1024.0]","[2.169924114395461,2.5461588132514037,2.823653486792474]",1
1,0,1999990.0,32,1024.0,"[1999990.0,32.0,1024.0]","[3.1448246215912996,2.5461588132514037,2.823653486792474]",1
1,0,1399992.0,32,512.0,"[1399992.0,32.0,512.0]","[2.201375662693737,2.5461588132514037,1.411826743396237]",1
1,0,979990.0,24,512.0,"[979990.0,24.0,512.0]","[1.5409560452368551,1.9096191099385527,1.411826743396237]",0
0,0,1489990.0,32,1024.0,"[1489990.0,32.0,1024.0]","[2.3428903334140774,2.5461588132514037,2.823653486792474]",1
12,0,3657490.0,32,1024.0,"[3657490.0,32.0,1024.0]","[5.751111058167273,2.5461588132514037,2.823653486792474]",1
2,0,919990.0,16,512.0,"[919990.0,16.0,512.0]","[1.4466108348630642,1.2730794066257018,1.411826743396237]",0
4,0,1382990.0,16,512.0,"[1382990.0,16.0,512.0]","[2.17464137491415,1.2730794066257018,1.411826743396237]",0
4,0,649990.0,8,256.0,"[649990.0,8.0,256.0]","[1.0220573881810053,0.6365397033128509,0.7059133716981185]",0
0,0,769990.0,16,512.0,"[769990.0,16.0,512.0]","[1.210747808928587,1.2730794066257018,1.411826743396237]",0
1,0,499900.0,32,512.0,"[499900.0,32.0,512.0]","[0.7860528444309676,2.5461588132514037,1.411826743396237]",0
0,0,999990.0,16,1024.0,"[999990.0,16.0,1024.0]","[1.5724044486947855,1.2730794066257018,2.823653486792474]",0
2,0,839990.0,16,512.0,"[839990.0,16.0,512.0]","[1.3208172210313431,1.2730794066257018,1.411826743396237]",0
5,0,359990.0,8,128.0,"[359990.0,8.0,128.0]","[0.5660555380410162,0.6365397033128509,0.35295668584905926]",0
2,0,1393990.0,32,1024.0,"[1393990.0,32.0,1024.0]","[2.191937996816012,2.5461588132514037,2.823653486792474]",1
4,0,2736990.0,24,1024.0,"[2736990.0,24.0,1024.0]","[4.3036982890160305,1.9096191099385527,2.823653486792474]",1
1,0,1150468.0,32,1024.0,"[1150468.0,32.0,1024.0]","[1.809019091471907,2.5461588132514037,2.823653486792474]",1
0,0,464990.0,8,512.0,"[464990.0,8.0,512.0]","[0.7311596561951502,0.6365397033128509,1.411826743396237]",0
0,0,2741910.0,64,1024.0,"[2741910.0,64.0,1024.0]","[4.311434596266682,5.092317626502807,2.823653486792474]",2
0,0,889990.0,16,512.0,"[889990.0,16.0,512.0]","[1.399438229676169,1.2730794066257018,1.411826743396237]",0
1,0,779900.0,16,512.0,"[779900.0,16.0,512.0]","[1.2263304928419916,1.2730794066257018,1.411826743396237]",0
4,0,649990.0,8,256.0,"[649990.0,8.0,256.0]","[1.0220573881810053,0.6365397033128509,0.7059133716981185]",0
1,0,619900.0,8,512.0,"[619900.0,8.0,512.0]","[0.9747432651785493,0.6365397033128509,1.411826743396237]",0
1,0,859990.0,16,512.0,"[859990.0,16.0,512.0]","[1.3522656244892735,1.2730794066257018,1.411826743396237]",0
1,0,1694900.0,32,1024.0,"[1694900.0,32.0,1024.0]","[2.665094951042302,2.5461588132514037,2.823653486792474]",1
2,0,2499990.0,32,1024.0,"[2499990.0,32.0,1024.0]","[3.931034708039557,2.5461588132514037,2.823653486792474]",1
0,0,899990.0,16,512.0,"[899990.0,16.0,512.0]","[1.4151624314051339,1.2730794066257018,1.411826743396237]",0
2,0,1349990.0,32,1024.0,"[1349990.0,32.0,1024.0]","[2.1227515092085656,2.5461588132514037,2.823653486792474]",1
1,0,829990.0,16,512.0,"[829990.0,16.0,512.0]","[1.305093019302378,1.2730794066257018,1.411826743396237]",0
1,0,489990.0,8,512.0,"[489990.0,8.0,512.0]","[0.7704701605175631,0.6365397033128509,1.411826743396237]",0
1,0,599990.0,16,512.0,"[599990.0,16.0,512.0]","[0.9434363795361796,1.2730794066257018,1.411826743396237]",0
1,0,349000.0,8,512.0,"[349000.0,8.0,512.0]","[0.5487746403408835,0.6365397033128509,1.411826743396237]",0
0,0,1019990.0,16,512.0,"[1019990.0,16.0,512.0]","[1.6038528521527158,1.2730794066257018,1.411826743396237]",0
1,0,1849990.0,16,1024.0,"[1849990.0,16.0,1024.0]","[2.9089615956568227,1.2730794066257018,2.823653486792474]",1
1,0,762390.0,16,512.0,"[762390.0,16.0,512.0]","[1.1987974156145735,1.2730794066257018,1.411826743396237]",0
2,0,566656.0,8,512.0,"[566656.0,8.0,512.0]","[0.8910213254928473,0.6365397033128509,1.411826743396237]",0
2,0,1039990.0,16,512.0,"[1039990.0,16.0,512.0]","[1.6353012556106459,1.2730794066257018,1.411826743396237]",0
2,0,870356.0,16,1024.0,"[870356.0,16.0,1024.0]","[1.3685653320015188,1.2730794066257018,2.823653486792474]",0
0,0,623200.0,16,512.0,"[623200.0,16.0,512.0]","[0.9799322517491078,1.2730794066257018,1.411826743396237]",0
4,0,699990.0,8,256.0,"[699990.0,8.0,256.0]","[1.1006783968258311,0.6365397033128509,0.7059133716981185]",0
1,0,859990.0,16,512.0,"[859990.0,16.0,512.0]","[1.3522656244892735,1.2730794066257018,1.411826743396237]",0
1,0,410990.0,8,256.0,"[410990.0,8.0,256.0]","[0.6462489668587384,0.6365397033128509,0.7059133716981185]",0
1,0,1330990.0,16,512.0,"[1330990.0,16.0,512.0]","[2.0928755259235317,1.2730794066257018,1.411826743396237]",0
1,0,319990.0,12,256.0,"[319990.0,12.0,256.0]","[0.5031587311251556,0.9548095549692763,0.7059133716981185]",0
0,0,735990.0,8,512.0,"[735990.0,8.0,512.0]","[1.1572855230501056,0.6365397033128509,1.411826743396237]",0
3,0,1545590.0,64,2048.0,"[1545590.0,64.0,2048.0]","[2.4303168950271234,5.092317626502807,5.647306973584948]",2
3,0,1014290.0,16,1024.0,"[1014290.0,16.0,1024.0]","[1.5948900571672056,1.2730794066257018,2.823653486792474]",0
2,0,999990.0,8,512.0,"[999990.0,8.0,512.0]","[1.5724044486947855,0.6365397033128509,1.411826743396237]",0
2,0,956330.0,64,512.0,"[956330.0,64.0,512.0]","[1.5037525839461237,5.092317626502807,1.411826743396237]",2
1,0,941990.0,8,512.0,"[941990.0,8.0,512.0]","[1.4812040786667875,0.6365397033128509,1.411826743396237]",0
1,0,649990.0,16,512.0,"[649990.0,16.0,512.0]","[1.0220573881810053,1.2730794066257018,1.411826743396237]",0
1,0,429990.0,8,256.0,"[429990.0,8.0,256.0]","[0.6761249501437722,0.6365397033128509,0.7059133716981185]",0
1,0,399990.0,4,256.0,"[399990.0,4.0,256.0]","[0.6289523449568768,0.31826985165642546,0.7059133716981185]",0
1,0,449990.0,8,256.0,"[449990.0,8.0,256.0]","[0.7075733536017025,0.6365397033128509,0.7059133716981185]",0
1,0,1123990.0,16,512.0,"[1123990.0,16.0,512.0]","[1.7673845501339531,1.2730794066257018,1.411826743396237]",0
0,0,299990.0,4,1024.0,"[299990.0,4.0,1024.0]","[0.47171032766722537,0.31826985165642546,2.823653486792474]",0
0,0,1429757.0,16,1024.0,"[1429757.0,16.0,1024.0]","[2.248178749140002,1.2730794066257018,2.823653486792474]",1
0,0,2259990.0,32,1024.0,"[2259990.0,32.0,1024.0]","[3.5536538665443933,2.5461588132514037,2.823653486792474]",1
1,0,1299990.0,8,512.0,"[1299990.0,8.0,512.0]","[2.04413050056374,0.6365397033128509,1.411826743396237]",0
1,0,929632.0,8,512.0,"[929632.0,8.0,512.0]","[1.4617721101701324,0.6365397033128509,1.411826743396237]",0
1,0,1014990.0,24,512.0,"[1014990.0,24.0,512.0]","[1.5959907512882332,1.9096191099385527,1.411826743396237]",0
1,0,1649990.0,24,512.0,"[1649990.0,24.0,512.0]","[2.59447756107752,1.9096191099385527,1.411826743396237]",0
1,0,699990.0,16,512.0,"[699990.0,16.0,512.0]","[1.1006783968258311,1.2730794066257018,1.411826743396237]",0
1,0,279990.0,4,1024.0,"[279990.0,4.0,1024.0]","[0.44026192420929505,0.31826985165642546,2.823653486792474]",0
1,0,799990.0,8,512.0,"[799990.0,8.0,512.0]","[1.2579204141154825,0.6365397033128509,1.411826743396237]",0
1,0,2999990.0,16,512.0,"[2999990.0,16.0,512.0]","[4.717244794487814,1.2730794066257018,1.411826743396237]",1
1,0,2089990.0,32,512.0,"[2089990.0,32.0,512.0]","[3.286342437151986,2.5461588132514037,1.411826743396237]",1
8,0,1149990.0,16,512.0,"[1149990.0,16.0,512.0]","[1.8082674746292626,1.2730794066257018,1.411826743396237]",0
8,0,1499000.0,32,1024.0,"[1499000.0,32.0,1024.0]","[2.357057839171875,2.5461588132514037,2.823653486792474]",1
1,0,1307990.0,16,1024.0,"[1307990.0,16.0,1024.0]","[2.0567098619469117,1.2730794066257018,2.823653486792474]",1
1,0,799990.0,16,512.0,"[799990.0,16.0,512.0]","[1.2579204141154825,1.2730794066257018,1.411826743396237]",0
1,0,1999990.0,32,512.0,"[1999990.0,32.0,512.0]","[3.1448246215912996,2.5461588132514037,1.411826743396237]",1
8,0,2137490.0,16,512.0,"[2137490.0,16.0,512.0]","[3.3610323953645707,1.2730794066257018,1.411826743396237]",1
2,0,1347560.0,16,512.0,"[1347560.0,16.0,512.0]","[2.118930528188427,1.2730794066257018,1.411826743396237]",0
0,0,934990.0,16,512.0,"[934990.0,16.0,512.0]","[1.470197137456512,1.2730794066257018,1.411826743396237]",0
1,0,1519990.0,16,1024.0,"[1519990.0,16.0,1024.0]","[2.390062938600973,1.2730794066257018,2.823653486792474]",1
17,0,1999000.0,16,1024.0,"[1999000.0,16.0,1024.0]","[3.1432679256201324,1.2730794066257018,2.823653486792474]",1
0,0,459990.0,8,512.0,"[459990.0,8.0,512.0]","[0.7232975553306676,0.6365397033128509,1.411826743396237]",0
2,0,1399990.0,16,512.0,"[1399990.0,16.0,512.0]","[2.201372517853391,1.2730794066257018,1.411826743396237]",0
2,0,488832.0,8,512.0,"[488832.0,8.0,512.0]","[0.7686492979573489,0.6365397033128509,1.411826743396237]",0
0,0,763990.0,16,512.0,"[763990.0,16.0,512.0]","[1.201313287891208,1.2730794066257018,1.411826743396237]",0
4,0,3192990.0,48,1024.0,"[3192990.0,48.0,1024.0]","[5.020721887856841,3.8192382198771053,2.823653486792474]",1
0,0,1454990.0,16,1024.0,"[1454990.0,16.0,1024.0]","[2.2878556273626995,1.2730794066257018,2.823653486792474]",1
4,0,1754990.0,16,512.0,"[1754990.0,16.0,512.0]","[2.759581679231654,1.2730794066257018,1.411826743396237]",0
3,0,425000.0,16,512.0,"[425000.0,16.0,512.0]","[0.6682785734810186,1.2730794066257018,1.411826743396237]",0
1,0,669900.0,16,1024.0,"[669900.0,16.0,1024.0]","[1.053364273823375,1.2730794066257018,2.823653486792474]",0
2,0,384900.0,8,512.0,"[384900.0,8.0,512.0]","[0.6052245245478683,0.6365397033128509,1.411826743396237]",0
2,0,499990.0,8,512.0,"[499990.0,8.0,512.0]","[0.7861943622465282,0.6365397033128509,1.411826743396237]",0
5,0,899990.0,16,512.0,"[899990.0,16.0,512.0]","[1.4151624314051339,1.2730794066257018,1.411826743396237]",0
2,0,599990.0,16,512.0,"[599990.0,16.0,512.0]","[0.9434363795361796,1.2730794066257018,1.411826743396237]",0
2,0,859990.0,16,512.0,"[859990.0,16.0,512.0]","[1.3522656244892735,1.2730794066257018,1.411826743396237]",0
0,0,509990.0,8,512.0,"[509990.0,8.0,512.0]","[0.8019185639754933,0.6365397033128509,1.411826743396237]",0
0,0,1299990.0,16,512.0,"[1299990.0,16.0,512.0]","[2.04413050056374,1.2730794066257018,1.411826743396237]",0
0,0,1885108.0,32,1024.0,"[1885108.0,32.0,1024.0]","[2.9641818472886023,2.5461588132514037,2.823653486792474]",1
2,0,1210990.0,16,512.0,"[1210990.0,16.0,512.0]","[1.90418510517595,1.2730794066257018,1.411826743396237]",0
17,0,1143900.0,16,512.0,"[1143900.0,16.0,512.0]","[1.7986914357763228,1.2730794066257018,1.411826743396237]",0
1,0,1749990.0,32,1024.0,"[1749990.0,32.0,1024.0]","[2.751719578367171,2.5461588132514037,2.823653486792474]",1
4,0,1411990.0,16,1024.0,"[1411990.0,16.0,1024.0]","[2.2202415599281493,1.2730794066257018,2.823653486792474]",1
2,0,569990.0,12,512.0,"[569990.0,12.0,512.0]","[0.8962637743492843,0.9548095549692763,1.411826743396237]",0
1,0,769990.0,16,512.0,"[769990.0,16.0,512.0]","[1.210747808928587,1.2730794066257018,1.411826743396237]",0
5,0,509990.0,16,512.0,"[509990.0,16.0,512.0]","[0.8019185639754933,1.2730794066257018,1.411826743396237]",0
1,0,649990.0,24,512.0,"[649990.0,24.0,512.0]","[1.0220573881810053,1.9096191099385527,1.411826743396237]",0
4,0,739328.0,8,512.0,"[739328.0,8.0,512.0]","[1.1625342615872343,0.6365397033128509,1.411826743396237]",0
2,0,499900.0,16,512.0,"[499900.0,16.0,512.0]","[0.7860528444309676,1.2730794066257018,1.411826743396237]",0
4,0,429990.0,16,512.0,"[429990.0,16.0,512.0]","[0.6761249501437722,1.2730794066257018,1.411826743396237]",0
1,0,599990.0,16,512.0,"[599990.0,16.0,512.0]","[0.9434363795361796,1.2730794066257018,1.411826743396237]",0
1,0,270000.0,8,250.0,"[270000.0,8.0,250.0]","[0.42455344668205885,0.6365397033128509,0.6893685270489439]",0
2,0,549990.0,12,512.0,"[549990.0,12.0,512.0]","[0.864815370891354,0.9548095549692763,1.411826743396237]",0
12,0,1099990.0,16,512.0,"[1099990.0,16.0,512.0]","[1.7296464659844368,1.2730794066257018,1.411826743396237]",0
1,0,229990.0,4,500.0,"[229990.0,4.0,500.0]","[0.36164091556446937,0.31826985165642546,1.3787370540978878]",0
1,0,995990.0,16,512.0,"[995990.0,16.0,512.0]","[1.5661147680031993,1.2730794066257018,1.411826743396237]",0
4,0,279000.0,4,500.0,"[279000.0,4.0,500.0]","[0.4387052282381275,0.31826985165642546,1.3787370540978878]",0
0,0,1548800.0,32,1024.0,"[1548800.0,32.0,1024.0]","[2.4353643637821216,2.5461588132514037,2.823653486792474]",1
1,0,3634990.0,32,1024.0,"[3634990.0,32.0,1024.0]","[5.715731604277101,2.5461588132514037,2.823653486792474]",1
0,0,1965530.0,32,512.0,"[1965530.0,32.0,512.0]","[3.090639022433286,2.5461588132514037,1.411826743396237]",1
1,0,1912271.0,32,1024.0,"[1912271.0,32.0,1024.0]","[3.0068934964449903,2.5461588132514037,2.823653486792474]",1
0,0,3149990.0,32,1024.0,"[3149990.0,32.0,1024.0]","[4.953107820422291,2.5461588132514037,2.823653486792474]",1
1,0,299990.0,8,512.0,"[299990.0,8.0,512.0]","[0.47171032766722537,0.6365397033128509,1.411826743396237]",0
4,0,2349990.0,24,512.0,"[2349990.0,24.0,512.0]","[3.6951716821050797,1.9096191099385527,1.411826743396237]",1
2,0,319990.0,8,1024.0,"[319990.0,8.0,1024.0]","[0.5031587311251556,0.6365397033128509,2.823653486792474]",0
2,0,1564990.0,16,512.0,"[1564990.0,16.0,512.0]","[2.460821846381316,1.2730794066257018,1.411826743396237]",0
4,0,3494010.0,48,1024.0,"[3494010.0,48.0,1024.0]","[5.49405180830215,3.8192382198771053,2.823653486792474]",1
0,0,687782.0,16,512.0,"[687782.0,16.0,512.0]","[1.0814822913551105,1.2730794066257018,1.411826743396237]",0
0,0,1493426.0,32,1024.0,"[1493426.0,32.0,1024.0]","[2.3482931691281497,2.5461588132514037,2.823653486792474]",1
12,0,709990.0,16,512.0,"[709990.0,16.0,512.0]","[1.1164025985547963,1.2730794066257018,1.411826743396237]",0
1,0,1199991.0,16,512.0,"[1199991.0,16.0,512.0]","[1.8868900556942612,1.2730794066257018,1.411826743396237]",0
0,0,409990.0,8,512.0,"[409990.0,8.0,512.0]","[0.644676546685842,0.6365397033128509,1.411826743396237]",0
1,0,1399993.0,16,512.0,"[1399993.0,16.0,512.0]","[2.20137723511391,1.2730794066257018,1.411826743396237]",0
1,0,849990.0,16,1024.0,"[849990.0,16.0,1024.0]","[1.3365414227603083,1.2730794066257018,2.823653486792474]",0
0,0,529990.0,8,512.0,"[529990.0,8.0,512.0]","[0.8333669674334236,0.6365397033128509,1.411826743396237]",0
2,0,799990.0,16,512.0,"[799990.0,16.0,512.0]","[1.2579204141154825,1.2730794066257018,1.411826743396237]",0
2,0,609990.0,8,512.0,"[609990.0,8.0,512.0]","[0.9591605812651448,0.6365397033128509,1.411826743396237]",0
2,0,539904.0,8,512.0,"[539904.0,8.0,512.0]","[0.8489559410275197,0.6365397033128509,1.411826743396237]",0
3,0,1124990.0,16,512.0,"[1124990.0,16.0,512.0]","[1.7689569703068497,1.2730794066257018,1.411826743396237]",0
0,0,659990.0,8,512.0,"[659990.0,8.0,512.0]","[1.0377815899099705,0.6365397033128509,1.411826743396237]",0
4,0,1664990.0,16,512.0,"[1664990.0,16.0,512.0]","[2.6180638636709674,1.2730794066257018,1.411826743396237]",0
0,0,1055990.0,16,512.0,"[1055990.0,16.0,512.0]","[1.6604599783769902,1.2730794066257018,1.411826743396237]",0
5,0,2299990.0,32,1024.0,"[2299990.0,32.0,1024.0]","[3.616550673460254,2.5461588132514037,2.823653486792474]",1
1,0,2999990.0,16,512.0,"[2999990.0,16.0,512.0]","[4.717244794487814,1.2730794066257018,1.411826743396237]",1
1,0,2039216.0,32,1024.0,"[2039216.0,32.0,1024.0]","[3.2065043752933384,2.5461588132514037,2.823653486792474]",1
4,0,1249990.0,16,512.0,"[1249990.0,16.0,512.0]","[1.965509491918914,1.2730794066257018,1.411826743396237]",0
1,0,1177544.0,16,512.0,"[1177544.0,16.0,512.0]","[1.851593940073253,1.2730794066257018,1.411826743396237]",0
1,0,1818900.0,32,1024.0,"[1818900.0,32.0,1024.0]","[2.86007505248147,2.5461588132514037,2.823653486792474]",1
2,0,899990.0,16,1024.0,"[899990.0,16.0,1024.0]","[1.4151624314051339,1.2730794066257018,2.823653486792474]",0
0,0,959990.0,16,1024.0,"[959990.0,16.0,1024.0]","[1.5095076417789248,1.2730794066257018,2.823653486792474]",0
5,0,869990.0,16,512.0,"[869990.0,16.0,512.0]","[1.3679898262182386,1.2730794066257018,1.411826743396237]",0
2,0,849990.0,16,512.0,"[849990.0,16.0,512.0]","[1.3365414227603083,1.2730794066257018,1.411826743396237]",0
8,0,1799990.0,16,1024.0,"[1799990.0,16.0,1024.0]","[2.830340587011997,1.2730794066257018,2.823653486792474]",1
2,0,799990.0,8,512.0,"[799990.0,8.0,512.0]","[1.2579204141154825,0.6365397033128509,1.411826743396237]",0
1,0,1299990.0,24,512.0,"[1299990.0,24.0,512.0]","[2.04413050056374,1.9096191099385527,1.411826743396237]",0
2,0,509990.0,8,512.0,"[509990.0,8.0,512.0]","[0.8019185639754933,0.6365397033128509,1.411826743396237]",0
0,0,1499990.0,24,1024.0,"[1499990.0,24.0,1024.0]","[2.3586145351430425,1.9096191099385527,2.823653486792474]",1
0,0,869990.0,16,1024.0,"[869990.0,16.0,1024.0]","[1.3679898262182386,1.2730794066257018,2.823653486792474]",0
4,0,619990.0,8,256.0,"[619990.0,8.0,256.0]","[0.97488478299411,0.6365397033128509,0.7059133716981185]",0
2,0,759990.0,24,512.0,"[759990.0,24.0,512.0]","[1.1950236071996219,1.9096191099385527,1.411826743396237]",0
0,0,929990.0,16,512.0,"[929990.0,16.0,512.0]","[1.4623350365920293,1.2730794066257018,1.411826743396237]",0
5,0,819990.0,16,512.0,"[819990.0,16.0,512.0]","[1.2893688175734128,1.2730794066257018,1.411826743396237]",0
1,0,1254900.0,32,1024.0,"[1254900.0,32.0,1024.0]","[1.973230074967836,2.5461588132514037,2.823653486792474]",1
1,0,1799990.0,32,1024.0,"[1799990.0,32.0,1024.0]","[2.830340587011997,2.5461588132514037,2.823653486792474]",1
0,0,1149990.0,24,1024.0,"[1149990.0,24.0,1024.0]","[1.8082674746292626,1.9096191099385527,2.823653486792474]",1
2,0,799990.0,8,512.0,"[799990.0,8.0,512.0]","[1.2579204141154825,0.6365397033128509,1.411826743396237]",0
4,0,1196990.0,16,512.0,"[1196990.0,16.0,512.0]","[1.8821712227553988,1.2730794066257018,1.411826743396237]",0
1,0,539990.0,8,512.0,"[539990.0,8.0,512.0]","[0.8490911691623888,0.6365397033128509,1.411826743396237]",0
1,0,1229990.0,8,512.0,"[1229990.0,8.0,512.0]","[1.9340610884609837,0.6365397033128509,1.411826743396237]",0
0,0,709990.0,8,512.0,"[709990.0,8.0,512.0]","[1.1164025985547963,0.6365397033128509,1.411826743396237]",0
0,0,434990.0,8,512.0,"[434990.0,8.0,512.0]","[0.6839870510082547,0.6365397033128509,1.411826743396237]",0
1,0,599990.0,16,512.0,"[599990.0,16.0,512.0]","[0.9434363795361796,1.2730794066257018,1.411826743396237]",0
1,0,1699993.0,32,1024.0,"[1699993.0,32.0,1024.0]","[2.6731032869828644,2.5461588132514037,2.823653486792474]",1
4,0,989990.0,24,512.0,"[989990.0,24.0,512.0]","[1.5566802469658203,1.9096191099385527,1.411826743396237]",0
5,0,549990.0,32,512.0,"[549990.0,32.0,512.0]","[0.864815370891354,2.5461588132514037,1.411826743396237]",0
1,0,429990.0,8,256.0,"[429990.0,8.0,256.0]","[0.6761249501437722,0.6365397033128509,0.7059133716981185]",0
0,0,699990.0,8,512.0,"[699990.0,8.0,512.0]","[1.1006783968258311,0.6365397033128509,1.411826743396237]",0
2,0,709990.0,16,512.0,"[709990.0,16.0,512.0]","[1.1164025985547963,1.2730794066257018,1.411826743396237]",0
1,0,3049990.0,32,1024.0,"[3049990.0,32.0,1024.0]","[4.7958658031326395,2.5461588132514037,2.823653486792474]",1
4,0,1129990.0,16,512.0,"[1129990.0,16.0,512.0]","[1.7768190711713323,1.2730794066257018,1.411826743396237]",0
2,0,1869990.0,32,1024.0,"[1869990.0,32.0,1024.0]","[2.940409999114753,2.5461588132514037,2.823653486792474]",1
1,0,2259991.0,64,1024.0,"[2259991.0,64.0,1024.0]","[3.5536554389645665,5.092317626502807,2.823653486792474]",2
8,0,1390000.0,32,1024.0,"[1390000.0,32.0,1024.0]","[2.185664040326155,2.5461588132514037,2.823653486792474]",1
1,0,199990.0,4,500.0,"[199990.0,4.0,500.0]","[0.3144683103775739,0.31826985165642546,1.3787370540978878]",0
1,0,899990.0,16,1024.0,"[899990.0,16.0,1024.0]","[1.4151624314051339,1.2730794066257018,2.823653486792474]",0
1,0,699990.0,16,512.0,"[699990.0,16.0,512.0]","[1.1006783968258311,1.2730794066257018,1.411826743396237]",0
1,0,329990.0,8,500.0,"[329990.0,8.0,500.0]","[0.5188829328541208,0.6365397033128509,1.3787370540978878]",0
0,0,1874550.0,16,1024.0,"[1874550.0,16.0,1024.0]","[2.947580235103161,1.2730794066257018,2.823653486792474]",1
0,0,749990.0,16,512.0,"[749990.0,16.0,512.0]","[1.1792994054706567,1.2730794066257018,1.411826743396237]",0
4,0,959990.0,8,256.0,"[959990.0,8.0,256.0]","[1.5095076417789248,0.6365397033128509,0.7059133716981185]",0
2,0,1379990.0,16,1024.0,"[1379990.0,16.0,1024.0]","[2.169924114395461,1.2730794066257018,2.823653486792474]",1
2,0,419990.0,8,512.0,"[419990.0,8.0,512.0]","[0.6604007484148071,0.6365397033128509,1.411826743396237]",0
3,0,719872.0,16,512.0,"[719872.0,16.0,512.0]","[1.1319412547033596,1.2730794066257018,1.411826743396237]",0
1,0,699990.0,16,512.0,"[699990.0,16.0,512.0]","[1.1006783968258311,1.2730794066257018,1.411826743396237]",0
5,0,979990.0,24,512.0,"[979990.0,24.0,512.0]","[1.5409560452368551,1.9096191099385527,1.411826743396237]",0
0,0,990000.0,16,1024.0,"[990000.0,16.0,1024.0]","[1.5566959711675492,1.2730794066257018,2.823653486792474]",0
2,0,1845990.0,32,1024.0,"[1845990.0,32.0,1024.0]","[2.9026719149652367,2.5461588132514037,2.823653486792474]",1
0,0,599990.0,8,512.0,"[599990.0,8.0,512.0]","[0.9434363795361796,0.6365397033128509,1.411826743396237]",0
2,0,1129990.0,16,512.0,"[1129990.0,16.0,512.0]","[1.7768190711713323,1.2730794066257018,1.411826743396237]",0
4,0,2099990.0,24,1024.0,"[2099990.0,24.0,1024.0]","[3.302066638880951,1.9096191099385527,2.823653486792474]",1
1,0,749990.0,16,1024.0,"[749990.0,16.0,1024.0]","[1.1792994054706567,1.2730794066257018,2.823653486792474]",0
5,0,2299990.0,32,1024.0,"[2299990.0,32.0,1024.0]","[3.616550673460254,2.5461588132514037,2.823653486792474]",1
0,0,1849000.0,32,1024.0,"[1849000.0,32.0,1024.0]","[2.907404899685655,2.5461588132514037,2.823653486792474]",1
1,0,1542990.0,16,512.0,"[1542990.0,16.0,512.0]","[2.4262286025775928,1.2730794066257018,1.411826743396237]",0
2,0,1619990.0,16,512.0,"[1619990.0,16.0,512.0]","[2.5473049558906244,1.2730794066257018,1.411826743396237]",0
1,0,890000.0,16,1024.0,"[890000.0,16.0,1024.0]","[1.3994539538778978,1.2730794066257018,2.823653486792474]",0
1,0,545000.0,16,512.0,"[545000.0,16.0,512.0]","[0.8569689942286003,1.2730794066257018,1.411826743396237]",0
0,0,889990.0,16,512.0,"[889990.0,16.0,512.0]","[1.399438229676169,1.2730794066257018,1.411826743396237]",0
5,0,489990.0,12,512.0,"[489990.0,12.0,512.0]","[0.7704701605175631,0.9548095549692763,1.411826743396237]",0
4,0,2349990.0,32,1024.0,"[2349990.0,32.0,1024.0]","[3.6951716821050797,2.5461588132514037,2.823653486792474]",1
1,0,699000.0,16,512.0,"[699000.0,16.0,512.0]","[1.0991217008546637,1.2730794066257018,1.411826743396237]",0
1,0,1329990.0,16,512.0,"[1329990.0,16.0,512.0]","[2.0913031057506353,1.2730794066257018,1.411826743396237]",0
1,0,1146990.0,16,512.0,"[1146990.0,16.0,512.0]","[1.803550214110573,1.2730794066257018,1.411826743396237]",0
1,0,2438350.0,32,1024.0,"[2438350.0,32.0,1024.0]","[3.834110728582216,2.5461588132514037,2.823653486792474]",1
0,0,1897214.0,16,512.0,"[1897214.0,16.0,512.0]","[2.9832175659016875,1.2730794066257018,1.411826743396237]",0
3,0,499990.0,8,512.0,"[499990.0,8.0,512.0]","[0.7861943622465282,0.6365397033128509,1.411826743396237]",0
12,0,2199990.0,16,1024.0,"[2199990.0,16.0,1024.0]","[3.459308656170603,1.2730794066257018,2.823653486792474]",1
0,0,3004250.0,32,1024.0,"[3004250.0,32.0,1024.0]","[4.7239433044243535,2.5461588132514037,2.823653486792474]",1
0,0,1890990.0,32,1024.0,"[1890990.0,32.0,1024.0]","[2.9734308227455797,2.5461588132514037,2.823653486792474]",1
4,0,2399000.0,24,512.0,"[2399000.0,24.0,512.0]","[3.772235994778738,1.9096191099385527,1.411826743396237]",1
0,0,515990.0,8,512.0,"[515990.0,8.0,512.0]","[0.8113530850128724,0.6365397033128509,1.411826743396237]",0
0,0,1849995.0,32,1024.0,"[1849995.0,32.0,1024.0]","[2.9089694577576872,2.5461588132514037,2.823653486792474]",1
0,0,1625998.0,32,1024.0,"[1625998.0,32.0,1024.0]","[2.5567520562893864,2.5461588132514037,2.823653486792474]",1
3,0,814990.0,16,512.0,"[814990.0,16.0,512.0]","[1.2815067167089302,1.2730794066257018,1.411826743396237]",0
4,0,1249990.0,16,512.0,"[1249990.0,16.0,512.0]","[1.965509491918914,1.2730794066257018,1.411826743396237]",0
4,0,2499990.0,24,1024.0,"[2499990.0,24.0,1024.0]","[3.931034708039557,1.9096191099385527,2.823653486792474]",1
8,0,678900.0,16,512.0,"[678900.0,16.0,512.0]","[1.0675160553794436,1.2730794066257018,1.411826743396237]",0
5,0,619990.0,16,512.0,"[619990.0,16.0,512.0]","[0.97488478299411,1.2730794066257018,1.411826743396237]",0
1,0,999992.0,16,512.0,"[999992.0,16.0,512.0]","[1.5724075935351312,1.2730794066257018,1.411826743396237]",0
2,0,3299990.0,32,1024.0,"[3299990.0,32.0,1024.0]","[5.188970846356768,2.5461588132514037,2.823653486792474]",1
4,0,2999990.0,24,1024.0,"[2999990.0,24.0,1024.0]","[4.717244794487814,1.9096191099385527,2.823653486792474]",1
5,0,850000.0,16,512.0,"[850000.0,16.0,512.0]","[1.3365571469620372,1.2730794066257018,1.411826743396237]",0
2,0,699000.0,16,1024.0,"[699000.0,16.0,1024.0]","[1.0991217008546637,1.2730794066257018,2.823653486792474]",0
1,0,419000.0,16,512.0,"[419000.0,16.0,512.0]","[0.6588440524436395,1.2730794066257018,1.411826743396237]",0
1,0,580000.0,16,1024.0,"[580000.0,16.0,1024.0]","[0.9120037002799783,1.2730794066257018,2.823653486792474]",0
4,0,499990.0,16,256.0,"[499990.0,16.0,256.0]","[0.7861943622465282,1.2730794066257018,0.7059133716981185]",0
0,0,1699990.0,16,1024.0,"[1699990.0,16.0,1024.0]","[2.6730985697223453,1.2730794066257018,2.823653486792474]",1
0,0,529990.0,8,512.0,"[529990.0,8.0,512.0]","[0.8333669674334236,0.6365397033128509,1.411826743396237]",0
2,0,579990.0,8,512.0,"[579990.0,8.0,512.0]","[0.9119879760782493,0.6365397033128509,1.411826743396237]",0
29,0,749990.0,8,512.0,"[749990.0,8.0,512.0]","[1.1792994054706567,0.6365397033128509,1.411826743396237]",0
0,0,539990.0,8,512.0,"[539990.0,8.0,512.0]","[0.8490911691623888,0.6365397033128509,1.411826743396237]",0
0,0,729990.0,16,1024.0,"[729990.0,16.0,1024.0]","[1.1478510020127266,1.2730794066257018,2.823653486792474]",0
4,0,1199995.0,16,256.0,"[1199995.0,16.0,256.0]","[1.8868963453749528,1.2730794066257018,0.7059133716981185]",0
4,0,649990.0,8,256.0,"[649990.0,8.0,256.0]","[1.0220573881810053,0.6365397033128509,0.7059133716981185]",0
1,0,759990.0,12,512.0,"[759990.0,12.0,512.0]","[1.1950236071996219,0.9548095549692763,1.411826743396237]",0
0,0,899990.0,8,512.0,"[899990.0,8.0,512.0]","[1.4151624314051339,0.6365397033128509,1.411826743396237]",0
0,0,469990.0,8,512.0,"[469990.0,8.0,512.0]","[0.7390217570596328,0.6365397033128509,1.411826743396237]",0
1,0,350000.0,8,512.0,"[350000.0,8.0,512.0]","[0.55034706051378,0.6365397033128509,1.411826743396237]",0
1,0,410000.0,16,512.0,"[410000.0,16.0,512.0]","[0.6446922708875709,1.2730794066257018,1.411826743396237]",0
2,0,733490.0,16,512.0,"[733490.0,16.0,512.0]","[1.1533544726178644,1.2730794066257018,1.411826743396237]",0
2,0,1599990.0,24,1024.0,"[1599990.0,24.0,1024.0]","[2.515856552432694,1.9096191099385527,2.823653486792474]",1
0,0,529990.0,8,512.0,"[529990.0,8.0,512.0]","[0.8333669674334236,0.6365397033128509,1.411826743396237]",0
12,0,699990.0,8,512.0,"[699990.0,8.0,512.0]","[1.1006783968258311,0.6365397033128509,1.411826743396237]",0
5,0,2699990.0,32,2048.0,"[2699990.0,32.0,2048.0]","[4.245518742618859,2.5461588132514037,5.647306973584948]",1
0,0,290000.0,8,512.0,"[290000.0,8.0,512.0]","[0.4560018501399892,0.6365397033128509,1.411826743396237]",0
0,0,439990.0,8,512.0,"[439990.0,8.0,512.0]","[0.6918491518727373,0.6365397033128509,1.411826743396237]",0
28,0,370000.0,8,512.0,"[370000.0,8.0,512.0]","[0.5817954639717103,0.6365397033128509,1.411826743396237]",0
0,0,812820.0,16,512.0,"[812820.0,16.0,512.0]","[1.2780945649337447,1.2730794066257018,1.411826743396237]",0
2,0,989990.0,16,512.0,"[989990.0,16.0,512.0]","[1.5566802469658203,1.2730794066257018,1.411826743396237]",0
2,0,1199990.0,32,1024.0,"[1199990.0,32.0,1024.0]","[1.8868884832740882,2.5461588132514037,2.823653486792474]",1
5,0,999990.0,24,512.0,"[999990.0,24.0,512.0]","[1.5724044486947855,1.9096191099385527,1.411826743396237]",0
0,0,879990.0,16,512.0,"[879990.0,16.0,512.0]","[1.3837140279472038,1.2730794066257018,1.411826743396237]",0
1,0,2474821.0,32,1024.0,"[2474821.0,32.0,1024.0]","[3.8914584647079247,2.5461588132514037,2.823653486792474]",1
0,0,1774144.0,32,1024.0,"[1774144.0,32.0,1024.0]","[2.7896998152233135,2.5461588132514037,2.823653486792474]",1
1,0,399990.0,8,512.0,"[399990.0,8.0,512.0]","[0.6289523449568768,0.6365397033128509,1.411826743396237]",0
2,0,1629990.0,32,1024.0,"[1629990.0,32.0,1024.0]","[2.5630291576195896,2.5461588132514037,2.823653486792474]",1
1,0,919990.0,24,512.0,"[919990.0,24.0,512.0]","[1.4466108348630642,1.9096191099385527,1.411826743396237]",0
17,0,1299990.0,16,512.0,"[1299990.0,16.0,512.0]","[2.04413050056374,1.2730794066257018,1.411826743396237]",0
2,0,849990.0,16,512.0,"[849990.0,16.0,512.0]","[1.3365414227603083,1.2730794066257018,1.411826743396237]",0
0,0,818192.0,16,512.0,"[818192.0,16.0,512.0]","[1.286541606102545,1.2730794066257018,1.411826743396237]",0
1,0,1320990.0,16,512.0,"[1320990.0,16.0,512.0]","[2.0771513241945665,1.2730794066257018,1.411826743396237]",0
0,0,1599990.0,32,1024.0,"[1599990.0,32.0,1024.0]","[2.515856552432694,2.5461588132514037,2.823653486792474]",1
1,0,1299993.0,32,1024.0,"[1299993.0,32.0,1024.0]","[2.0441352178242584,2.5461588132514037,2.823653486792474]",1
0,0,1319990.0,16,1024.0,"[1319990.0,16.0,1024.0]","[2.07557890402167,1.2730794066257018,2.823653486792474]",1
0,0,499990.0,8,512.0,"[499990.0,8.0,512.0]","[0.7861943622465282,0.6365397033128509,1.411826743396237]",0
4,0,1999990.0,24,1024.0,"[1999990.0,24.0,1024.0]","[3.1448246215912996,1.9096191099385527,2.823653486792474]",1
2,0,2199990.0,32,1024.0,"[2199990.0,32.0,1024.0]","[3.459308656170603,2.5461588132514037,2.823653486792474]",1
4,0,1249990.0,16,512.0,"[1249990.0,16.0,512.0]","[1.965509491918914,1.2730794066257018,1.411826743396237]",0
5,0,439990.0,8,512.0,"[439990.0,8.0,512.0]","[0.6918491518727373,0.6365397033128509,1.411826743396237]",0
1,0,750990.0,16,512.0,"[750990.0,16.0,512.0]","[1.1808718256435533,1.2730794066257018,1.411826743396237]",0
4,0,1484732.0,16,1024.0,"[1484732.0,16.0,1024.0]","[2.3346225481449876,1.2730794066257018,2.823653486792474]",1
0,0,933990.0,16,512.0,"[933990.0,16.0,512.0]","[1.4686247172836155,1.2730794066257018,1.411826743396237]",0
0,0,489990.0,8,512.0,"[489990.0,8.0,512.0]","[0.7704701605175631,0.6365397033128509,1.411826743396237]",0
0,0,249990.0,8,1024.0,"[249990.0,8.0,1024.0]","[0.39308931902239963,0.6365397033128509,2.823653486792474]",0
12,0,1749990.0,16,1024.0,"[1749990.0,16.0,1024.0]","[2.751719578367171,1.2730794066257018,2.823653486792474]",1
0,0,449312.0,16,512.0,"[449312.0,16.0,512.0]","[0.7065072527244787,1.2730794066257018,1.411826743396237]",0
1,0,714990.0,32,256.0,"[714990.0,32.0,256.0]","[1.1242646994192789,2.5461588132514037,0.7059133716981185]",0
3,0,965990.0,16,512.0,"[965990.0,16.0,512.0]","[1.518942162816304,1.2730794066257018,1.411826743396237]",0
1,0,1051990.0,16,512.0,"[1051990.0,16.0,512.0]","[1.6541702976854042,1.2730794066257018,1.411826743396237]",0
0,0,879990.0,32,1024.0,"[879990.0,32.0,1024.0]","[1.3837140279472038,2.5461588132514037,2.823653486792474]",1
0,0,1379990.0,16,1024.0,"[1379990.0,16.0,1024.0]","[2.169924114395461,1.2730794066257018,2.823653486792474]",1
4,0,729990.0,16,512.0,"[729990.0,16.0,512.0]","[1.1478510020127266,1.2730794066257018,1.411826743396237]",0
5,0,599990.0,16,512.0,"[599990.0,16.0,512.0]","[0.9434363795361796,1.2730794066257018,1.411826743396237]",0
5,0,709990.0,16,512.0,"[709990.0,16.0,512.0]","[1.1164025985547963,1.2730794066257018,1.411826743396237]",0
5,0,649990.0,32,512.0,"[649990.0,32.0,512.0]","[1.0220573881810053,2.5461588132514037,1.411826743396237]",0
1,0,299990.0,8,256.0,"[299990.0,8.0,256.0]","[0.47171032766722537,0.6365397033128509,0.7059133716981185]",0
0,0,349990.0,8,512.0,"[349990.0,8.0,512.0]","[0.5503313363120511,0.6365397033128509,1.411826743396237]",0
1,0,1779990.0,32,1024.0,"[1779990.0,32.0,1024.0]","[2.7988921835540665,2.5461588132514037,2.823653486792474]",1
0,0,1699900.0,32,2048.0,"[1699900.0,32.0,2048.0]","[2.672957051906785,2.5461588132514037,5.647306973584948]",1
1,0,1558990.0,24,512.0,"[1558990.0,24.0,512.0]","[2.451387325343937,1.9096191099385527,1.411826743396237]",0
1,0,505990.0,8,512.0,"[505990.0,8.0,512.0]","[0.7956288832839074,0.6365397033128509,1.411826743396237]",0
3,0,531290.0,8,512.0,"[531290.0,8.0,512.0]","[0.8354111136581891,0.6365397033128509,1.411826743396237]",0
4,0,1499990.0,24,512.0,"[1499990.0,24.0,512.0]","[2.3586145351430425,1.9096191099385527,1.411826743396237]",0
1,0,729900.0,16,1024.0,"[729900.0,16.0,1024.0]","[1.1477094841971658,1.2730794066257018,2.823653486792474]",0
0,0,649990.0,16,512.0,"[649990.0,16.0,512.0]","[1.0220573881810053,1.2730794066257018,1.411826743396237]",0
1,0,1401270.0,24,512.0,"[1401270.0,24.0,512.0]","[2.2033852156746985,1.9096191099385527,1.411826743396237]",0
2,0,979990.0,16,512.0,"[979990.0,16.0,512.0]","[1.5409560452368551,1.2730794066257018,1.411826743396237]",0
1,0,1159992.0,16,1024.0,"[1159992.0,16.0,1024.0]","[1.8239948211985735,1.2730794066257018,2.823653486792474]",1
1,0,995990.0,16,512.0,"[995990.0,16.0,512.0]","[1.5661147680031993,1.2730794066257018,1.411826743396237]",0
0,0,1359990.0,16,1024.0,"[1359990.0,16.0,1024.0]","[2.1384757109375307,1.2730794066257018,2.823653486792474]",1
0,0,869990.0,16,512.0,"[869990.0,16.0,512.0]","[1.3679898262182386,1.2730794066257018,1.411826743396237]",0
12,0,719990.0,16,512.0,"[719990.0,16.0,512.0]","[1.1321268002837614,1.2730794066257018,1.411826743396237]",0
1,0,295000.0,8,256.0,"[295000.0,8.0,256.0]","[0.46386395100447175,0.6365397033128509,0.7059133716981185]",0
2,0,1269990.0,16,512.0,"[1269990.0,16.0,512.0]","[1.9969578953768443,1.2730794066257018,1.411826743396237]",0
0,0,584990.0,8,512.0,"[584990.0,8.0,512.0]","[0.9198500769427319,0.6365397033128509,1.411826743396237]",0
1,0,1679990.0,32,1024.0,"[1679990.0,32.0,1024.0]","[2.6416501662644154,2.5461588132514037,2.823653486792474]",1
2,0,1125370.0,16,512.0,"[1125370.0,16.0,512.0]","[1.7695544899725504,1.2730794066257018,1.411826743396237]",0
2,0,799990.0,16,1024.0,"[799990.0,16.0,1024.0]","[1.2579204141154825,1.2730794066257018,2.823653486792474]",0
2,0,494990.0,8,256.0,"[494990.0,8.0,256.0]","[0.7783322613820457,0.6365397033128509,0.7059133716981185]",0
2,0,806990.0,8,512.0,"[806990.0,8.0,512.0]","[1.268927355325758,0.6365397033128509,1.411826743396237]",0
2,0,857449.0,16,512.0,"[857449.0,16.0,512.0]","[1.3482701048299433,1.2730794066257018,1.411826743396237]",0
1,0,1921240.0,32,1024.0,"[1921240.0,32.0,1024.0]","[3.0209965329756994,2.5461588132514037,2.823653486792474]",1
2,0,519990.0,8,512.0,"[519990.0,8.0,512.0]","[0.8176427657044585,0.6365397033128509,1.411826743396237]",0
3,0,885990.0,16,512.0,"[885990.0,16.0,512.0]","[1.3931485489845827,1.2730794066257018,1.411826743396237]",0
1,0,707024.0,16,1024.0,"[707024.0,16.0,1024.0]","[1.1117388003219852,1.2730794066257018,2.823653486792474]",0
2,0,899990.0,16,1024.0,"[899990.0,16.0,1024.0]","[1.4151624314051339,1.2730794066257018,2.823653486792474]",0
0,0,949990.0,16,512.0,"[949990.0,16.0,512.0]","[1.4937834400499597,1.2730794066257018,1.411826743396237]",0
3,0,1199990.0,6,512.0,"[1199990.0,6.0,512.0]","[1.8868884832740882,0.47740477748463817,1.411826743396237]",0
3,0,499990.0,8,512.0,"[499990.0,8.0,512.0]","[0.7861943622465282,0.6365397033128509,1.411826743396237]",0
2,0,699500.0,16,1024.0,"[699500.0,16.0,1024.0]","[1.0999079109411118,1.2730794066257018,2.823653486792474]",0
2,0,709990.0,16,512.0,"[709990.0,16.0,512.0]","[1.1164025985547963,1.2730794066257018,1.411826743396237]",0
0,0,2399990.0,32,1024.0,"[2399990.0,32.0,1024.0]","[3.7737926907499055,2.5461588132514037,2.823653486792474]",1
36,0,289990.0,8,256.0,"[289990.0,8.0,256.0]","[0.4559861259382602,0.6365397033128509,0.7059133716981185]",0
0,0,1599990.0,32,1024.0,"[1599990.0,32.0,1024.0]","[2.515856552432694,2.5461588132514037,2.823653486792474]",1
4,0,2499990.0,24,1024.0,"[2499990.0,24.0,1024.0]","[3.931034708039557,1.9096191099385527,2.823653486792474]",1
5,0,749990.0,8,512.0,"[749990.0,8.0,512.0]","[1.1792994054706567,0.6365397033128509,1.411826743396237]",0
4,0,1499990.0,16,512.0,"[1499990.0,16.0,512.0]","[2.3586145351430425,1.2730794066257018,1.411826743396237]",0
2,0,1699990.0,16,512.0,"[1699990.0,16.0,512.0]","[2.6730985697223453,1.2730794066257018,1.411826743396237]",0
2,0,369990.0,8,256.0,"[369990.0,8.0,256.0]","[0.5817797397699813,0.6365397033128509,0.7059133716981185]",0
1,0,814790.0,24,512.0,"[814790.0,24.0,512.0]","[1.281192232674351,1.9096191099385527,1.411826743396237]",0
1,0,549990.0,16,512.0,"[549990.0,16.0,512.0]","[0.864815370891354,1.2730794066257018,1.411826743396237]",0
1,0,1089990.0,16,512.0,"[1089990.0,16.0,512.0]","[1.7139222642554717,1.2730794066257018,1.411826743396237]",0
1,0,668980.0,8,512.0,"[668980.0,8.0,512.0]","[1.0519176472643101,0.6365397033128509,1.411826743396237]",0
12,0,1799990.0,16,512.0,"[1799990.0,16.0,512.0]","[2.830340587011997,1.2730794066257018,1.411826743396237]",0
8,0,1705240.0,16,512.0,"[1705240.0,16.0,512.0]","[2.6813537756300523,1.2730794066257018,1.411826743396237]",0
1,0,630000.0,16,512.0,"[630000.0,16.0,512.0]","[0.990624708924804,1.2730794066257018,1.411826743396237]",0
1,0,749990.0,8,256.0,"[749990.0,8.0,256.0]","[1.1792994054706567,0.6365397033128509,0.7059133716981185]",0
0,0,449990.0,8,256.0,"[449990.0,8.0,256.0]","[0.7075733536017025,0.6365397033128509,0.7059133716981185]",0
2,0,898370.0,32,512.0,"[898370.0,32.0,512.0]","[1.4126151107250415,2.5461588132514037,1.411826743396237]",0
2,0,1217150.0,64,1024.0,"[1217150.0,64.0,1024.0]","[1.9138712134409925,5.092317626502807,2.823653486792474]",2
2,0,1062590.0,32,1024.0,"[1062590.0,32.0,1024.0]","[1.670837951518107,2.5461588132514037,2.823653486792474]",1
1,0,1348990.0,16,512.0,"[1348990.0,16.0,512.0]","[2.1211790890356688,1.2730794066257018,1.411826743396237]",0
1,0,995990.0,16,512.0,"[995990.0,16.0,512.0]","[1.5661147680031993,1.2730794066257018,1.411826743396237]",0
0,0,2165990.0,32,1024.0,"[2165990.0,32.0,1024.0]","[3.4058463702921213,2.5461588132514037,2.823653486792474]",1
3,0,1497290.0,32,1024.0,"[1497290.0,32.0,1024.0]","[2.354369000676222,2.5461588132514037,2.823653486792474]",1
2,0,1648990.0,16,512.0,"[1648990.0,16.0,512.0]","[2.592905140904623,1.2730794066257018,1.411826743396237]",0
0,0,989990.0,8,512.0,"[989990.0,8.0,512.0]","[1.5566802469658203,0.6365397033128509,1.411826743396237]",0
3,0,1444450.0,32,1024.0,"[1444450.0,32.0,1024.0]","[2.2712823187403703,2.5461588132514037,2.823653486792474]",1
2,0,549990.0,8,512.0,"[549990.0,8.0,512.0]","[0.864815370891354,0.6365397033128509,1.411826743396237]",0
0,0,2134990.0,32,1024.0,"[2134990.0,32.0,1024.0]","[3.357101344932329,2.5461588132514037,2.823653486792474]",1
0,0,2629990.0,32,1024.0,"[2629990.0,32.0,1024.0]","[4.135449330516104,2.5461588132514037,2.823653486792474]",1
0,0,419990.0,8,512.0,"[419990.0,8.0,512.0]","[0.6604007484148071,0.6365397033128509,1.411826743396237]",0
2,0,1669990.0,16,1024.0,"[1669990.0,16.0,1024.0]","[2.6259259645354502,1.2730794066257018,2.823653486792474]",1
1,0,899490.0,16,512.0,"[899490.0,16.0,512.0]","[1.4143762213186857,1.2730794066257018,1.411826743396237]",0
1,0,1099992.0,16,512.0,"[1099992.0,16.0,512.0]","[1.7296496108247827,1.2730794066257018,1.411826743396237]",0
1,0,999991.0,16,512.0,"[999991.0,16.0,512.0]","[1.5724060211149582,1.2730794066257018,1.411826743396237]",0
1,0,619990.0,8,512.0,"[619990.0,8.0,512.0]","[0.97488478299411,0.6365397033128509,1.411826743396237]",0
20,0,1899990.0,32,1024.0,"[1899990.0,32.0,1024.0]","[2.9875826043016485,2.5461588132514037,2.823653486792474]",1
20,0,1149990.0,32,1024.0,"[1149990.0,32.0,1024.0]","[1.8082674746292626,2.5461588132514037,2.823653486792474]",1
3,0,299000.0,8,256.0,"[299000.0,8.0,256.0]","[0.4701536316960578,0.6365397033128509,0.7059133716981185]",0
2,0,839990.0,16,512.0,"[839990.0,16.0,512.0]","[1.3208172210313431,1.2730794066257018,1.411826743396237]",0
1,0,2399990.0,32,1024.0,"[2399990.0,32.0,1024.0]","[3.7737926907499055,2.5461588132514037,2.823653486792474]",1
5,0,819990.0,24,512.0,"[819990.0,24.0,512.0]","[1.2893688175734128,1.9096191099385527,1.411826743396237]",0
1,0,549000.0,16,1024.0,"[549000.0,16.0,1024.0]","[0.8632586749201864,1.2730794066257018,2.823653486792474]",0
2,0,699990.0,8,512.0,"[699990.0,8.0,512.0]","[1.1006783968258311,0.6365397033128509,1.411826743396237]",0
4,0,1368990.0,16,512.0,"[1368990.0,16.0,512.0]","[2.152627492493599,1.2730794066257018,1.411826743396237]",0
5,0,619990.0,16,512.0,"[619990.0,16.0,512.0]","[0.97488478299411,1.2730794066257018,1.411826743396237]",0
1,0,179990.0,4,128.0,"[179990.0,4.0,128.0]","[0.2830199069196436,0.31826985165642546,0.35295668584905926]",0
2,0,1029990.0,16,1024.0,"[1029990.0,16.0,1024.0]","[1.619577053881681,1.2730794066257018,2.823653486792474]",0
5,0,604352.0,16,512.0,"[604352.0,16.0,512.0]","[0.9502952763303543,1.2730794066257018,1.411826743396237]",0
1,0,819990.0,16,512.0,"[819990.0,16.0,512.0]","[1.2893688175734128,1.2730794066257018,1.411826743396237]",0
1,0,2299992.0,32,1024.0,"[2299992.0,32.0,1024.0]","[3.6165538183006,2.5461588132514037,2.823653486792474]",1
2,0,679900.0,16,512.0,"[679900.0,16.0,512.0]","[1.0690884755523402,1.2730794066257018,1.411826743396237]",0
0,0,1749990.0,32,1024.0,"[1749990.0,32.0,1024.0]","[2.751719578367171,2.5461588132514037,2.823653486792474]",1
4,0,979990.0,16,256.0,"[979990.0,16.0,256.0]","[1.5409560452368551,1.2730794066257018,0.7059133716981185]",0
5,0,2299000.0,32,1024.0,"[2299000.0,32.0,1024.0]","[3.6149939774890867,2.5461588132514037,2.823653486792474]",1
4,0,1732028.0,24,1024.0,"[1732028.0,24.0,1024.0]","[2.723475767221604,1.9096191099385527,2.823653486792474]",1
2,0,1249990.0,16,512.0,"[1249990.0,16.0,512.0]","[1.965509491918914,1.2730794066257018,1.411826743396237]",0
0,0,883800.0,16,512.0,"[883800.0,16.0,512.0]","[1.3897049488059394,1.2730794066257018,1.411826743396237]",0
2,0,1799000.0,32,1024.0,"[1799000.0,32.0,1024.0]","[2.828783891040829,2.5461588132514037,2.823653486792474]",1
2,0,2949990.0,32,1024.0,"[2949990.0,32.0,1024.0]","[4.638623785842989,2.5461588132514037,2.823653486792474]",1
2,0,1779990.0,32,1024.0,"[1779990.0,32.0,1024.0]","[2.7988921835540665,2.5461588132514037,2.823653486792474]",1
0,0,439990.0,8,512.0,"[439990.0,8.0,512.0]","[0.6918491518727373,0.6365397033128509,1.411826743396237]",0
3,0,319800.0,16,250.0,"[319800.0,16.0,250.0]","[0.5028599712923053,1.2730794066257018,0.6893685270489439]",0
2,0,549632.0,8,512.0,"[549632.0,8.0,512.0]","[0.864252444469457,0.6365397033128509,1.411826743396237]",0
2,0,699000.0,16,512.0,"[699000.0,16.0,512.0]","[1.0991217008546637,1.2730794066257018,1.411826743396237]",0
1,0,540000.0,16,512.0,"[540000.0,16.0,512.0]","[0.8491068933641177,1.2730794066257018,1.411826743396237]",0
1,0,450000.0,8,512.0,"[450000.0,8.0,512.0]","[0.7075890778034315,0.6365397033128509,1.411826743396237]",0
0,0,1599990.0,32,1024.0,"[1599990.0,32.0,1024.0]","[2.515856552432694,2.5461588132514037,2.823653486792474]",1
1,0,779990.0,24,512.0,"[779990.0,24.0,512.0]","[1.2264720106575522,1.9096191099385527,1.411826743396237]",0
2,0,569990.0,8,512.0,"[569990.0,8.0,512.0]","[0.8962637743492843,0.6365397033128509,1.411826743396237]",0
2,2,1048093.0,8,512.0,"[1048093.0,8.0,512.0]","[1.6480425762716264,0.6365397033128509,1.411826743396237]",0
0,2,499990.0,8,512.0,"[499990.0,8.0,512.0]","[0.7861943622465282,0.6365397033128509,1.411826743396237]",0
12,2,799990.0,8,512.0,"[799990.0,8.0,512.0]","[1.2579204141154825,0.6365397033128509,1.411826743396237]",0
0,2,1129990.0,16,512.0,"[1129990.0,16.0,512.0]","[1.7768190711713323,1.2730794066257018,1.411826743396237]",0
14,2,1632210.0,16,512.0,"[1632210.0,16.0,512.0]","[2.5665199304034196,1.2730794066257018,1.411826743396237]",0
0,2,333241.0,4,128.0,"[333241.0,4.0,128.0]","[0.5239948708362073,0.31826985165642546,0.35295668584905926]",0
2,2,1004743.0,16,512.0,"[1004743.0,16.0,512.0]","[1.5798781617765625,1.2730794066257018,1.411826743396237]",0
2,2,919990.0,16,512.0,"[919990.0,16.0,512.0]","[1.4466108348630642,1.2730794066257018,1.411826743396237]",0
0,2,1189990.0,16,1024.0,"[1189990.0,16.0,1024.0]","[1.871164281545123,1.2730794066257018,2.823653486792474]",1
5,2,729990.0,32,512.0,"[729990.0,32.0,512.0]","[1.1478510020127266,2.5461588132514037,1.411826743396237]",0
5,2,819990.0,16,512.0,"[819990.0,16.0,512.0]","[1.2893688175734128,1.2730794066257018,1.411826743396237]",0
0,2,469990.0,8,512.0,"[469990.0,8.0,512.0]","[0.7390217570596328,0.6365397033128509,1.411826743396237]",0
0,2,1049990.0,16,512.0,"[1049990.0,16.0,512.0]","[1.651025457339611,1.2730794066257018,1.411826743396237]",0
0,2,1129990.0,16,512.0,"[1129990.0,16.0,512.0]","[1.7768190711713323,1.2730794066257018,1.411826743396237]",0
1,2,699990.0,16,512.0,"[699990.0,16.0,512.0]","[1.1006783968258311,1.2730794066257018,1.411826743396237]",0
0,2,649990.0,8,512.0,"[649990.0,8.0,512.0]","[1.0220573881810053,0.6365397033128509,1.411826743396237]",0
0,2,499990.0,8,512.0,"[499990.0,8.0,512.0]","[0.7861943622465282,0.6365397033128509,1.411826743396237]",0
0,2,819990.0,16,512.0,"[819990.0,16.0,512.0]","[1.2893688175734128,1.2730794066257018,1.411826743396237]",0
5,2,999990.0,24,512.0,"[999990.0,24.0,512.0]","[1.5724044486947855,1.9096191099385527,1.411826743396237]",0
4,2,2229990.0,16,1024.0,"[2229990.0,16.0,1024.0]","[3.5064812613574983,1.2730794066257018,2.823653486792474]",1
1,2,2499990.0,32,1024.0,"[2499990.0,32.0,1024.0]","[3.931034708039557,2.5461588132514037,2.823653486792474]",1
5,2,699990.0,8,512.0,"[699990.0,8.0,512.0]","[1.1006783968258311,0.6365397033128509,1.411826743396237]",0
0,2,499990.0,8,512.0,"[499990.0,8.0,512.0]","[0.7861943622465282,0.6365397033128509,1.411826743396237]",0
1,2,2299990.0,32,1024.0,"[2299990.0,32.0,1024.0]","[3.616550673460254,2.5461588132514037,2.823653486792474]",1
2,2,1639990.0,16,1024.0,"[1639990.0,16.0,1024.0]","[2.5787533593485548,1.2730794066257018,2.823653486792474]",1
2,2,491113.0,8,256.0,"[491113.0,8.0,256.0]","[0.7722359883717259,0.6365397033128509,0.7059133716981185]",0
2,2,299990.0,4,128.0,"[299990.0,4.0,128.0]","[0.47171032766722537,0.31826985165642546,0.35295668584905926]",0
2,2,1549990.0,32,1024.0,"[1549990.0,32.0,1024.0]","[2.4372355437878683,2.5461588132514037,2.823653486792474]",1
0,2,456364.0,16,256.0,"[456364.0,16.0,256.0]","[0.7175959597837449,1.2730794066257018,0.7059133716981185]",0
12,2,849990.0,16,512.0,"[849990.0,16.0,512.0]","[1.3365414227603083,1.2730794066257018,1.411826743396237]",0
2,2,1899990.0,32,1024.0,"[1899990.0,32.0,1024.0]","[2.9875826043016485,2.5461588132514037,2.823653486792474]",1
0,2,1793343.0,16,1024.0,"[1793343.0,16.0,1024.0]","[2.8198887101227537,1.2730794066257018,2.823653486792474]",1
5,2,649990.0,16,512.0,"[649990.0,16.0,512.0]","[1.0220573881810053,1.2730794066257018,1.411826743396237]",0
0,2,549990.0,8,512.0,"[549990.0,8.0,512.0]","[0.864815370891354,0.6365397033128509,1.411826743396237]",0
14,2,2448762.0,32,1024.0,"[2448762.0,32.0,1024.0]","[3.8504827674224145,2.5461588132514037,2.823653486792474]",1
5,0,1249990.0,24,512.0,"[1249990.0,24.0,512.0]","[1.965509491918914,1.9096191099385527,1.411826743396237]",0
1,0,678122.0,16,512.0,"[678122.0,16.0,512.0]","[1.0662927124849302,1.2730794066257018,1.411826743396237]",0
2,0,2639990.0,32,1024.0,"[2639990.0,32.0,1024.0]","[4.151173532245069,2.5461588132514037,2.823653486792474]",1
1,0,939990.0,16,1024.0,"[939990.0,16.0,1024.0]","[1.4780592383209945,1.2730794066257018,2.823653486792474]",0
0,0,699990.0,16,512.0,"[699990.0,16.0,512.0]","[1.1006783968258311,1.2730794066257018,1.411826743396237]",0
5,0,581990.0,16,512.0,"[581990.0,16.0,512.0]","[0.9151328164240424,1.2730794066257018,1.411826743396237]",0
1,0,1798000.0,16,1024.0,"[1798000.0,16.0,1024.0]","[2.827211470867933,1.2730794066257018,2.823653486792474]",1
1,0,398840.0,8,512.0,"[398840.0,8.0,512.0]","[0.6271440617580458,0.6365397033128509,1.411826743396237]",0
5,0,1499990.0,32,1024.0,"[1499990.0,32.0,1024.0]","[2.3586145351430425,2.5461588132514037,2.823653486792474]",1
0,0,379990.0,8,512.0,"[379990.0,8.0,512.0]","[0.5975039414989465,0.6365397033128509,1.411826743396237]",0
0,0,659990.0,16,512.0,"[659990.0,16.0,512.0]","[1.0377815899099705,1.2730794066257018,1.411826743396237]",0
1,0,1199992.0,24,512.0,"[1199992.0,24.0,512.0]","[1.8868916281144341,1.9096191099385527,1.411826743396237]",0
1,0,2299990.0,32,2048.0,"[2299990.0,32.0,2048.0]","[3.616550673460254,2.5461588132514037,5.647306973584948]",1
0,0,1599990.0,32,1024.0,"[1599990.0,32.0,1024.0]","[2.515856552432694,2.5461588132514037,2.823653486792474]",1
1,0,930248.0,16,512.0,"[930248.0,16.0,512.0]","[1.4627407209966368,1.2730794066257018,1.411826743396237]",0
2,0,669990.0,16,512.0,"[669990.0,16.0,512.0]","[1.0535057916389357,1.2730794066257018,1.411826743396237]",0
8,0,2659990.0,16,1024.0,"[2659990.0,16.0,1024.0]","[4.182621935703,1.2730794066257018,2.823653486792474]",1
1,0,1079990.0,24,512.0,"[1079990.0,24.0,512.0]","[1.6981980625265065,1.9096191099385527,1.411826743396237]",0
4,0,2299990.0,24,1024.0,"[2299990.0,24.0,1024.0]","[3.616550673460254,1.9096191099385527,2.823653486792474]",1
1,0,1599993.0,32,1024.0,"[1599993.0,32.0,1024.0]","[2.5158612696932128,2.5461588132514037,2.823653486792474]",1
2,0,3699990.0,32,2048.0,"[3699990.0,32.0,2048.0]","[5.8179389155153745,2.5461588132514037,5.647306973584948]",1
2,0,1099990.0,16,1024.0,"[1099990.0,16.0,1024.0]","[1.7296464659844368,1.2730794066257018,2.823653486792474]",0
1,0,1879993.0,32,1024.0,"[1879993.0,32.0,1024.0]","[2.956138918104237,2.5461588132514037,2.823653486792474]",1
1,0,379990.0,8,512.0,"[379990.0,8.0,512.0]","[0.5975039414989465,0.6365397033128509,1.411826743396237]",0
2,0,1269990.0,32,512.0,"[1269990.0,32.0,512.0]","[1.9969578953768443,2.5461588132514037,1.411826743396237]",0
4,0,742844.0,8,512.0,"[742844.0,8.0,512.0]","[1.1680628909151383,0.6365397033128509,1.411826743396237]",0
1,0,633990.0,16,1024.0,"[633990.0,16.0,1024.0]","[0.9968986654146611,1.2730794066257018,2.823653486792474]",0
2,0,1399990.0,16,512.0,"[1399990.0,16.0,512.0]","[2.201372517853391,1.2730794066257018,1.411826743396237]",0
1,0,429990.0,8,512.0,"[429990.0,8.0,512.0]","[0.6761249501437722,0.6365397033128509,1.411826743396237]",0
1,0,811990.0,16,512.0,"[811990.0,16.0,512.0]","[1.2767894561902406,1.2730794066257018,1.411826743396237]",0
2,0,656870.0,16,512.0,"[656870.0,16.0,512.0]","[1.0328756389705334,1.2730794066257018,1.411826743396237]",0
2,0,1047990.0,32,512.0,"[1047990.0,32.0,512.0]","[1.647880616993818,2.5461588132514037,1.411826743396237]",0
2,2,579990.0,8,512.0,"[579990.0,8.0,512.0]","[0.9119879760782493,0.6365397033128509,1.411826743396237]",0
0,2,1119631.0,16,512.0,"[1119631.0,16.0,512.0]","[1.7605303706002973,1.2730794066257018,1.411826743396237]",0
0,2,1699990.0,16,1024.0,"[1699990.0,16.0,1024.0]","[2.6730985697223453,1.2730794066257018,2.823653486792474]",1
2,2,739990.0,8,512.0,"[739990.0,8.0,512.0]","[1.1635752037416918,0.6365397033128509,1.411826743396237]",0
2,2,1339990.0,16,512.0,"[1339990.0,16.0,512.0]","[2.1070273074796004,1.2730794066257018,1.411826743396237]",0
0,2,617280.0,4,128.0,"[617280.0,4.0,128.0]","[0.9706235243255604,0.31826985165642546,0.35295668584905926]",0
1,2,699990.0,16,512.0,"[699990.0,16.0,512.0]","[1.1006783968258311,1.2730794066257018,1.411826743396237]",0
0,2,1029990.0,16,512.0,"[1029990.0,16.0,512.0]","[1.619577053881681,1.2730794066257018,1.411826743396237]",0
0,2,2559990.0,32,1024.0,"[2559990.0,32.0,1024.0]","[4.025379918413348,2.5461588132514037,2.823653486792474]",1
2,2,569990.0,8,256.0,"[569990.0,8.0,256.0]","[0.8962637743492843,0.6365397033128509,0.7059133716981185]",0
0,2,198397.0,4,128.0,"[198397.0,4.0,128.0]","[0.31196344504214973,0.31826985165642546,0.35295668584905926]",0
3,2,725990.0,8,512.0,"[725990.0,8.0,512.0]","[1.1415613213211404,0.6365397033128509,1.411826743396237]",0
1,2,1299990.0,16,1024.0,"[1299990.0,16.0,1024.0]","[2.04413050056374,1.2730794066257018,2.823653486792474]",1
0,2,459900.0,8,512.0,"[459900.0,8.0,512.0]","[0.7231560375151069,0.6365397033128509,1.411826743396237]",0
1,2,999990.0,16,512.0,"[999990.0,16.0,512.0]","[1.5724044486947855,1.2730794066257018,1.411826743396237]",0
0,2,2069990.0,32,1024.0,"[2069990.0,32.0,1024.0]","[3.2548940336940557,2.5461588132514037,2.823653486792474]",1
0,2,769990.0,16,512.0,"[769990.0,16.0,512.0]","[1.210747808928587,1.2730794066257018,1.411826743396237]",0
0,2,1079990.0,16,512.0,"[1079990.0,16.0,512.0]","[1.6981980625265065,1.2730794066257018,1.411826743396237]",0
1,2,1099990.0,16,512.0,"[1099990.0,16.0,512.0]","[1.7296464659844368,1.2730794066257018,1.411826743396237]",0
3,2,449990.0,16,512.0,"[449990.0,16.0,512.0]","[0.7075733536017025,1.2730794066257018,1.411826743396237]",0
1,2,1745877.0,32,1024.0,"[1745877.0,32.0,1024.0]","[2.745252214196048,2.5461588132514037,2.823653486792474]",1
0,2,919990.0,16,1024.0,"[919990.0,16.0,1024.0]","[1.4466108348630642,1.2730794066257018,2.823653486792474]",0
12,2,799990.0,8,512.0,"[799990.0,8.0,512.0]","[1.2579204141154825,0.6365397033128509,1.411826743396237]",0
2,2,3359990.0,32,1024.0,"[3359990.0,32.0,1024.0]","[5.283316056730559,2.5461588132514037,2.823653486792474]",1
1,2,1499990.0,32,1024.0,"[1499990.0,32.0,1024.0]","[2.3586145351430425,2.5461588132514037,2.823653486792474]",1
0,2,1399990.0,16,1024.0,"[1399990.0,16.0,1024.0]","[2.201372517853391,1.2730794066257018,2.823653486792474]",1
2,2,3599990.0,32,1024.0,"[3599990.0,32.0,1024.0]","[5.660696898225723,2.5461588132514037,2.823653486792474]",1
2,2,1119990.0,16,512.0,"[1119990.0,16.0,512.0]","[1.7610948694423672,1.2730794066257018,1.411826743396237]",0
0,2,2583928.0,32,1024.0,"[2583928.0,32.0,1024.0]","[4.063020512512145,2.5461588132514037,2.823653486792474]",1
0,2,614990.0,16,512.0,"[614990.0,16.0,512.0]","[0.9670226821296274,1.2730794066257018,1.411826743396237]",0
2,2,3189990.0,32,1024.0,"[3189990.0,32.0,1024.0]","[5.016004627338152,2.5461588132514037,2.823653486792474]",1
0,2,1089990.0,16,1024.0,"[1089990.0,16.0,1024.0]","[1.7139222642554717,1.2730794066257018,2.823653486792474]",0
0,2,1079990.0,16,512.0,"[1079990.0,16.0,512.0]","[1.6981980625265065,1.2730794066257018,1.411826743396237]",0
0,2,2559990.0,32,1024.0,"[2559990.0,32.0,1024.0]","[4.025379918413348,2.5461588132514037,2.823653486792474]",1
0,2,2069990.0,32,1024.0,"[2069990.0,32.0,1024.0]","[3.2548940336940557,2.5461588132514037,2.823653486792474]",1
2,2,1769990.0,32,1024.0,"[1769990.0,32.0,1024.0]","[2.7831679818251014,2.5461588132514037,2.823653486792474]",1
2,2,2280112.0,16,512.0,"[2280112.0,16.0,512.0]","[3.5852941052634173,1.2730794066257018,1.411826743396237]",1
0,2,819990.0,16,512.0,"[819990.0,16.0,512.0]","[1.2893688175734128,1.2730794066257018,1.411826743396237]",0
0,2,1089990.0,16,1024.0,"[1089990.0,16.0,1024.0]","[1.7139222642554717,1.2730794066257018,2.823653486792474]",0
15,2,2549990.0,24,1024.0,"[2549990.0,24.0,1024.0]","[4.0096557166843825,1.9096191099385527,2.823653486792474]",1
0,2,796593.0,4,128.0,"[796593.0,4.0,128.0]","[1.252578902788153,0.31826985165642546,0.35295668584905926]",0
1,2,879990.0,16,512.0,"[879990.0,16.0,512.0]","[1.3837140279472038,1.2730794066257018,1.411826743396237]",0
2,2,2869990.0,32,1024.0,"[2869990.0,32.0,1024.0]","[4.512830172011268,2.5461588132514037,2.823653486792474]",1
15,2,3069990.0,24,1024.0,"[3069990.0,24.0,1024.0]","[4.82731420659057,1.9096191099385527,2.823653486792474]",1
0,2,1429990.0,16,1024.0,"[1429990.0,16.0,1024.0]","[2.2485451230402864,1.2730794066257018,2.823653486792474]",1
1,2,2899000.0,32,1024.0,"[2899000.0,32.0,1024.0]","[4.558446081226995,2.5461588132514037,2.823653486792474]",1
4,2,2289990.0,24,512.0,"[2289990.0,24.0,512.0]","[3.600826471731289,1.9096191099385527,1.411826743396237]",1
12,2,2499990.0,16,512.0,"[2499990.0,16.0,512.0]","[3.931034708039557,1.2730794066257018,1.411826743396237]",1
2,2,560623.0,8,512.0,"[560623.0,8.0,512.0]","[0.8815349145897626,0.6365397033128509,1.411826743396237]",0
0,2,1999990.0,24,1024.0,"[1999990.0,24.0,1024.0]","[3.1448246215912996,1.9096191099385527,2.823653486792474]",1
2,2,1319990.0,16,1024.0,"[1319990.0,16.0,1024.0]","[2.07557890402167,1.2730794066257018,2.823653486792474]",1
14,2,2250877.0,32,1024.0,"[2250877.0,32.0,1024.0]","[3.5393244015087877,2.5461588132514037,2.823653486792474]",1
5,2,1219990.0,24,512.0,"[1219990.0,24.0,512.0]","[1.9183368867320185,1.9096191099385527,1.411826743396237]",0
2,2,2189990.0,16,512.0,"[2189990.0,16.0,512.0]","[3.4435844544416376,1.2730794066257018,1.411826743396237]",1
1,2,1299990.0,16,512.0,"[1299990.0,16.0,512.0]","[2.04413050056374,1.2730794066257018,1.411826743396237]",0
2,2,1169990.0,8,512.0,"[1169990.0,8.0,512.0]","[1.839715878087193,0.6365397033128509,1.411826743396237]",0
0,2,2112410.0,32,1024.0,"[2112410.0,32.0,1024.0]","[3.321596097428326,2.5461588132514037,2.823653486792474]",1
0,2,1799990.0,16,1024.0,"[1799990.0,16.0,1024.0]","[2.830340587011997,1.2730794066257018,2.823653486792474]",1
1,2,1699990.0,32,1024.0,"[1699990.0,32.0,1024.0]","[2.6730985697223453,2.5461588132514037,2.823653486792474]",1
2,2,779990.0,12,512.0,"[779990.0,12.0,512.0]","[1.2264720106575522,0.9548095549692763,1.411826743396237]",0
0,2,1829990.0,16,1024.0,"[1829990.0,16.0,1024.0]","[2.8775131921988923,1.2730794066257018,2.823653486792474]",1
1,2,3299990.0,32,2048.0,"[3299990.0,32.0,2048.0]","[5.188970846356768,2.5461588132514037,5.647306973584948]",1
14,2,2250877.0,16,1024.0,"[2250877.0,16.0,1024.0]","[3.5393244015087877,1.2730794066257018,2.823653486792474]",1
4,2,999990.0,8,256.0,"[999990.0,8.0,256.0]","[1.5724044486947855,0.6365397033128509,0.7059133716981185]",0
0,2,1399990.0,16,512.0,"[1399990.0,16.0,512.0]","[2.201372517853391,1.2730794066257018,1.411826743396237]",0
0,2,1099990.0,16,512.0,"[1099990.0,16.0,512.0]","[1.7296464659844368,1.2730794066257018,1.411826743396237]",0
0,2,2199990.0,32,1024.0,"[2199990.0,32.0,1024.0]","[3.459308656170603,2.5461588132514037,2.823653486792474]",1
2,2,1794195.0,16,512.0,"[1794195.0,16.0,512.0]","[2.8212284121100617,1.2730794066257018,1.411826743396237]",0
5,2,899990.0,16,512.0,"[899990.0,16.0,512.0]","[1.4151624314051339,1.2730794066257018,1.411826743396237]",0
0,2,939990.0,8,512.0,"[939990.0,8.0,512.0]","[1.4780592383209945,0.6365397033128509,1.411826743396237]",0
2,2,969990.0,16,512.0,"[969990.0,16.0,512.0]","[1.52523184350789,1.2730794066257018,1.411826743396237]",0
14,2,2720943.0,32,1024.0,"[2720943.0,32.0,1024.0]","[4.278465662501561,2.5461588132514037,2.823653486792474]",1
2,2,620402.0,8,512.0,"[620402.0,8.0,512.0]","[0.9755326201053434,0.6365397033128509,1.411826743396237]",0
2,2,1729990.0,16,1024.0,"[1729990.0,16.0,1024.0]","[2.7202711749092408,1.2730794066257018,2.823653486792474]",1
0,2,617280.0,4,128.0,"[617280.0,4.0,128.0]","[0.9706235243255604,0.31826985165642546,0.35295668584905926]",0
1,2,699990.0,16,512.0,"[699990.0,16.0,512.0]","[1.1006783968258311,1.2730794066257018,1.411826743396237]",0
0,2,819990.0,16,512.0,"[819990.0,16.0,512.0]","[1.2893688175734128,1.2730794066257018,1.411826743396237]",0
14,2,2280113.0,32,1024.0,"[2280113.0,32.0,1024.0]","[3.58529567768359,2.5461588132514037,2.823653486792474]",1
1,2,2699990.0,64,1024.0,"[2699990.0,64.0,1024.0]","[4.245518742618859,5.092317626502807,2.823653486792474]",2
2,2,2119990.0,32,1024.0,"[2119990.0,32.0,1024.0]","[3.3335150423388815,2.5461588132514037,2.823653486792474]",1
1,2,1899990.0,32,512.0,"[1899990.0,32.0,512.0]","[2.9875826043016485,2.5461588132514037,1.411826743396237]",1
0,2,2169990.0,16,1024.0,"[2169990.0,16.0,1024.0]","[3.4121360509837073,1.2730794066257018,2.823653486792474]",1
1,2,1299990.0,16,1024.0,"[1299990.0,16.0,1024.0]","[2.04413050056374,1.2730794066257018,2.823653486792474]",1
5,2,1499990.0,16,512.0,"[1499990.0,16.0,512.0]","[2.3586145351430425,1.2730794066257018,1.411826743396237]",0
1,2,499990.0,4,128.0,"[499990.0,4.0,128.0]","[0.7861943622465282,0.31826985165642546,0.35295668584905926]",0
14,2,2720943.0,32,1024.0,"[2720943.0,32.0,1024.0]","[4.278465662501561,2.5461588132514037,2.823653486792474]",1
0,2,939990.0,8,512.0,"[939990.0,8.0,512.0]","[1.4780592383209945,0.6365397033128509,1.411826743396237]",0
0,2,1029990.0,16,512.0,"[1029990.0,16.0,512.0]","[1.619577053881681,1.2730794066257018,1.411826743396237]",0
0,2,919990.0,16,1024.0,"[919990.0,16.0,1024.0]","[1.4466108348630642,1.2730794066257018,2.823653486792474]",0
1,2,499990.0,8,512.0,"[499990.0,8.0,512.0]","[0.7861943622465282,0.6365397033128509,1.411826743396237]",0
2,2,1159990.0,16,512.0,"[1159990.0,16.0,512.0]","[1.8239916763582278,1.2730794066257018,1.411826743396237]",0
2,2,669990.0,8,256.0,"[669990.0,8.0,256.0]","[1.0535057916389357,0.6365397033128509,0.7059133716981185]",0
2,2,684849.0,16,512.0,"[684849.0,16.0,512.0]","[1.076870382988005,1.2730794066257018,1.411826743396237]",0
2,2,1249427.0,16,512.0,"[1249427.0,16.0,512.0]","[1.9646242193615733,1.2730794066257018,1.411826743396237]",0
0,2,419990.0,8,512.0,"[419990.0,8.0,512.0]","[0.6604007484148071,0.6365397033128509,1.411826743396237]",0
5,2,749990.0,20,512.0,"[749990.0,20.0,512.0]","[1.1792994054706567,1.5913492582821274,1.411826743396237]",0
0,2,2799990.0,32,2048.0,"[2799990.0,32.0,2048.0]","[4.402760759908511,2.5461588132514037,5.647306973584948]",1
5,2,599990.0,8,512.0,"[599990.0,8.0,512.0]","[0.9434363795361796,0.6365397033128509,1.411826743396237]",0
0,2,719990.0,8,512.0,"[719990.0,8.0,512.0]","[1.1321268002837614,0.6365397033128509,1.411826743396237]",0
4,2,776732.0,16,1024.0,"[776732.0,16.0,1024.0]","[1.2213490657342554,1.2730794066257018,2.823653486792474]",0
2,2,1119990.0,8,512.0,"[1119990.0,8.0,512.0]","[1.7610948694423672,0.6365397033128509,1.411826743396237]",0
14,2,2280113.0,32,1024.0,"[2280113.0,32.0,1024.0]","[3.58529567768359,2.5461588132514037,2.823653486792474]",1
4,2,170879.0,8,128.0,"[170879.0,8.0,128.0]","[0.2686935867243835,0.6365397033128509,0.35295668584905926]",0
1,2,1199990.0,16,512.0,"[1199990.0,16.0,512.0]","[1.8868884832740882,1.2730794066257018,1.411826743396237]",0
0,2,249990.0,4,64.0,"[249990.0,4.0,64.0]","[0.39308931902239963,0.31826985165642546,0.17647834292452963]",0
15,2,2999990.0,24,2048.0,"[2999990.0,24.0,2048.0]","[4.717244794487814,1.9096191099385527,5.647306973584948]",1
3,2,289990.0,8,240.0,"[289990.0,8.0,240.0]","[0.4559861259382602,0.6365397033128509,0.6617937859669861]",0
1,2,2499990.0,32,1024.0,"[2499990.0,32.0,1024.0]","[3.931034708039557,2.5461588132514037,2.823653486792474]",1
2,2,1009990.0,16,512.0,"[1009990.0,16.0,512.0]","[1.5881286504237506,1.2730794066257018,1.411826743396237]",0
1,2,2499990.0,32,1024.0,"[2499990.0,32.0,1024.0]","[3.931034708039557,2.5461588132514037,2.823653486792474]",1
5,2,199057.0,4,64.0,"[199057.0,4.0,64.0]","[0.3130012423562615,0.31826985165642546,0.17647834292452963]",0
0,2,2599990.0,32,1024.0,"[2599990.0,32.0,1024.0]","[4.088276725329209,2.5461588132514037,2.823653486792474]",1
2,2,549990.0,8,512.0,"[549990.0,8.0,512.0]","[0.864815370891354,0.6365397033128509,1.411826743396237]",0
1,2,2399990.0,32,1024.0,"[2399990.0,32.0,1024.0]","[3.7737926907499055,2.5461588132514037,2.823653486792474]",1
5,2,749990.0,16,512.0,"[749990.0,16.0,512.0]","[1.1792994054706567,1.2730794066257018,1.411826743396237]",0
2,2,649990.0,12,512.0,"[649990.0,12.0,512.0]","[1.0220573881810053,0.9548095549692763,1.411826743396237]",0
0,2,617280.0,4,128.0,"[617280.0,4.0,128.0]","[0.9706235243255604,0.31826985165642546,0.35295668584905926]",0
0,2,2069990.0,32,1024.0,"[2069990.0,32.0,1024.0]","[3.2548940336940557,2.5461588132514037,2.823653486792474]",1
1,2,1599990.0,16,1024.0,"[1599990.0,16.0,1024.0]","[2.515856552432694,1.2730794066257018,2.823653486792474]",1
1,2,399990.0,4,128.0,"[399990.0,4.0,128.0]","[0.6289523449568768,0.31826985165642546,0.35295668584905926]",0
2,2,2499990.0,32,1024.0,"[2499990.0,32.0,1024.0]","[3.931034708039557,2.5461588132514037,2.823653486792474]",1
2,2,1579990.0,16,512.0,"[1579990.0,16.0,512.0]","[2.484408148974764,1.2730794066257018,1.411826743396237]",0
2,2,579990.0,8,512.0,"[579990.0,8.0,512.0]","[0.9119879760782493,0.6365397033128509,1.411826743396237]",0
0,2,1149990.0,32,1024.0,"[1149990.0,32.0,1024.0]","[1.8082674746292626,2.5461588132514037,2.823653486792474]",1
0,2,749990.0,16,512.0,"[749990.0,16.0,512.0]","[1.1792994054706567,1.2730794066257018,1.411826743396237]",0
0,2,679990.0,8,512.0,"[679990.0,8.0,512.0]","[1.0692299933679008,0.6365397033128509,1.411826743396237]",0
1,2,1190000.0,16,512.0,"[1190000.0,16.0,512.0]","[1.8711800057468522,1.2730794066257018,1.411826743396237]",0
1,2,899987.0,16,512.0,"[899987.0,16.0,512.0]","[1.4151577141446152,1.2730794066257018,1.411826743396237]",0
1,2,1499990.0,16,512.0,"[1499990.0,16.0,512.0]","[2.3586145351430425,1.2730794066257018,1.411826743396237]",0
0,2,1529990.0,6,1024.0,"[1529990.0,6.0,1024.0]","[2.405787140329938,0.47740477748463817,2.823653486792474]",1
0,2,649990.0,16,1024.0,"[649990.0,16.0,1024.0]","[1.0220573881810053,1.2730794066257018,2.823653486792474]",0
0,2,2599990.0,32,1024.0,"[2599990.0,32.0,1024.0]","[4.088276725329209,2.5461588132514037,2.823653486792474]",1
3,2,339990.0,16,256.0,"[339990.0,16.0,256.0]","[0.534607134583086,1.2730794066257018,0.7059133716981185]",0
4,2,699990.0,16,512.0,"[699990.0,16.0,512.0]","[1.1006783968258311,1.2730794066257018,1.411826743396237]",0
0,2,249990.0,8,256.0,"[249990.0,8.0,256.0]","[0.39308931902239963,0.6365397033128509,0.7059133716981185]",0
4,2,1299000.0,16,512.0,"[1299000.0,16.0,512.0]","[2.042573804592572,1.2730794066257018,1.411826743396237]",0
2,2,2900000.0,32,1024.0,"[2900000.0,32.0,1024.0]","[4.560018501399892,2.5461588132514037,2.823653486792474]",1
4,2,2449784.0,24,1024.0,"[2449784.0,24.0,1024.0]","[3.8520897808391146,1.9096191099385527,2.823653486792474]",1
1,2,1199990.0,16,512.0,"[1199990.0,16.0,512.0]","[1.8868884832740882,1.2730794066257018,1.411826743396237]",0
0,2,249990.0,4,128.0,"[249990.0,4.0,128.0]","[0.39308931902239963,0.31826985165642546,0.35295668584905926]",0
1,2,3899990.0,32,1024.0,"[3899990.0,32.0,1024.0]","[6.132422950094677,2.5461588132514037,2.823653486792474]",1
0,2,949990.0,16,512.0,"[949990.0,16.0,512.0]","[1.4937834400499597,1.2730794066257018,1.411826743396237]",0
1,2,352683.0,8,256.0,"[352683.0,8.0,256.0]","[0.5545658638376614,0.6365397033128509,0.7059133716981185]",0
0,2,1029990.0,16,512.0,"[1029990.0,16.0,512.0]","[1.619577053881681,1.2730794066257018,1.411826743396237]",0
0,2,1499990.0,32,512.0,"[1499990.0,32.0,512.0]","[2.3586145351430425,2.5461588132514037,1.411826743396237]",1
0,2,989990.0,8,512.0,"[989990.0,8.0,512.0]","[1.5566802469658203,0.6365397033128509,1.411826743396237]",0
4,2,1179197.0,16,512.0,"[1179197.0,16.0,512.0]","[1.854193150619051,1.2730794066257018,1.411826743396237]",0
0,2,649990.0,8,512.0,"[649990.0,8.0,512.0]","[1.0220573881810053,0.6365397033128509,1.411826743396237]",0
0,2,1099990.0,32,1024.0,"[1099990.0,32.0,1024.0]","[1.7296464659844368,2.5461588132514037,2.823653486792474]",1
0,2,1399990.0,16,512.0,"[1399990.0,16.0,512.0]","[2.201372517853391,1.2730794066257018,1.411826743396237]",0
21,2,327802.0,16,256.0,"[327802.0,16.0,256.0]","[0.5154424775158232,1.2730794066257018,0.7059133716981185]",0
2,2,899990.0,16,1024.0,"[899990.0,16.0,1024.0]","[1.4151624314051339,1.2730794066257018,2.823653486792474]",0
5,2,549874.0,32,512.0,"[549874.0,32.0,512.0]","[0.8646329701512979,2.5461588132514037,1.411826743396237]",0
5,2,499990.0,8,256.0,"[499990.0,8.0,256.0]","[0.7861943622465282,0.6365397033128509,0.7059133716981185]",0
0,2,380000.0,8,256.0,"[380000.0,8.0,256.0]","[0.5975196657006755,0.6365397033128509,0.7059133716981185]",0
0,2,1929990.0,32,1024.0,"[1929990.0,32.0,1024.0]","[3.034755209488544,2.5461588132514037,2.823653486792474]",1
2,2,751990.0,16,512.0,"[751990.0,16.0,512.0]","[1.18244424581645,1.2730794066257018,1.411826743396237]",0
0,2,189900.0,8,256.0,"[189900.0,8.0,256.0]","[0.2986025908330481,0.6365397033128509,0.7059133716981185]",0
1,2,629990.0,16,512.0,"[629990.0,16.0,512.0]","[0.9906089847230751,1.2730794066257018,1.411826743396237]",0
1,2,319990.0,16,480.0,"[319990.0,16.0,480.0]","[0.5031587311251556,1.2730794066257018,1.3235875719339723]",0
3,2,639900.0,16,512.0,"[639900.0,16.0,512.0]","[1.0061916686364796,1.2730794066257018,1.411826743396237]",0
2,2,649990.0,16,512.0,"[649990.0,16.0,512.0]","[1.0220573881810053,1.2730794066257018,1.411826743396237]",0
0,2,299900.0,16,256.0,"[299900.0,16.0,256.0]","[0.47156880985166466,1.2730794066257018,0.7059133716981185]",0
1,2,169990.0,8,240.0,"[169990.0,8.0,240.0]","[0.26729570519067847,0.6365397033128509,0.6617937859669861]",0
5,2,389741.0,8,256.0,"[389741.0,8.0,256.0]","[0.6128366106048604,0.6365397033128509,0.7059133716981185]",0
1,2,1100000.0,16,512.0,"[1100000.0,16.0,512.0]","[1.7296621901861657,1.2730794066257018,1.411826743396237]",0
0,2,617280.0,4,128.0,"[617280.0,4.0,128.0]","[0.9706235243255604,0.31826985165642546,0.35295668584905926]",0
1,2,699990.0,16,512.0,"[699990.0,16.0,512.0]","[1.1006783968258311,1.2730794066257018,1.411826743396237]",0
14,2,2280113.0,32,1024.0,"[2280113.0,32.0,1024.0]","[3.58529567768359,2.5461588132514037,2.823653486792474]",1
0,2,1029990.0,16,512.0,"[1029990.0,16.0,512.0]","[1.619577053881681,1.2730794066257018,1.411826743396237]",0
41,2,599900.0,4,64.0,"[599900.0,4.0,64.0]","[0.9432948617206189,0.31826985165642546,0.17647834292452963]",0
0,2,399874.0,8,512.0,"[399874.0,8.0,512.0]","[0.6287699442168208,0.6365397033128509,1.411826743396237]",0
1,2,529990.0,16,512.0,"[529990.0,16.0,512.0]","[0.8333669674334236,1.2730794066257018,1.411826743396237]",0
1,2,512952.0,8,512.0,"[512952.0,8.0,512.0]","[0.8065760725276129,0.6365397033128509,1.411826743396237]",0
0,2,849990.0,8,512.0,"[849990.0,8.0,512.0]","[1.3365414227603083,0.6365397033128509,1.411826743396237]",0
1,2,1632210.0,8,512.0,"[1632210.0,8.0,512.0]","[2.5665199304034196,0.6365397033128509,1.411826743396237]",0
1,2,559990.0,16,512.0,"[559990.0,16.0,512.0]","[0.8805395726203191,1.2730794066257018,1.411826743396237]",0
2,2,799984.0,16,512.0,"[799984.0,16.0,512.0]","[1.2579109795944452,1.2730794066257018,1.411826743396237]",0
0,2,2559990.0,32,1024.0,"[2559990.0,32.0,1024.0]","[4.025379918413348,2.5461588132514037,2.823653486792474]",1
0,2,2069990.0,32,1024.0,"[2069990.0,32.0,1024.0]","[3.2548940336940557,2.5461588132514037,2.823653486792474]",1
0,2,769990.0,16,512.0,"[769990.0,16.0,512.0]","[1.210747808928587,1.2730794066257018,1.411826743396237]",0
0,2,299990.0,4,128.0,"[299990.0,4.0,128.0]","[0.47171032766722537,0.31826985165642546,0.35295668584905926]",0
0,2,1499990.0,16,512.0,"[1499990.0,16.0,512.0]","[2.3586145351430425,1.2730794066257018,1.411826743396237]",0
0,2,899990.0,16,512.0,"[899990.0,16.0,512.0]","[1.4151624314051339,1.2730794066257018,1.411826743396237]",0
1,2,269990.0,16,256.0,"[269990.0,16.0,256.0]","[0.4245377224803299,1.2730794066257018,0.7059133716981185]",0
1,2,699990.0,16,512.0,"[699990.0,16.0,512.0]","[1.1006783968258311,1.2730794066257018,1.411826743396237]",0
1,2,379900.0,16,512.0,"[379900.0,16.0,512.0]","[0.5973624236833858,1.2730794066257018,1.411826743396237]",0
1,2,479900.0,16,512.0,"[479900.0,16.0,512.0]","[0.7546044409730372,1.2730794066257018,1.411826743396237]",0
2,2,510000.0,8,512.0,"[510000.0,8.0,512.0]","[0.8019342881772223,0.6365397033128509,1.411826743396237]",0
37,2,349999.0,8,256.0,"[349999.0,8.0,256.0]","[0.5503454880936072,0.6365397033128509,0.7059133716981185]",0
1,2,2599990.0,32,1024.0,"[2599990.0,32.0,1024.0]","[4.088276725329209,2.5461588132514037,2.823653486792474]",1
1,2,379900.0,16,512.0,"[379900.0,16.0,512.0]","[0.5973624236833858,1.2730794066257018,1.411826743396237]",0
5,2,899990.0,16,512.0,"[899990.0,16.0,512.0]","[1.4151624314051339,1.2730794066257018,1.411826743396237]",0
0,2,1149990.0,16,1024.0,"[1149990.0,16.0,1024.0]","[1.8082674746292626,1.2730794066257018,2.823653486792474]",1
0,2,769990.0,16,512.0,"[769990.0,16.0,512.0]","[1.210747808928587,1.2730794066257018,1.411826743396237]",0
1,2,569990.0,8,256.0,"[569990.0,8.0,256.0]","[0.8962637743492843,0.6365397033128509,0.7059133716981185]",0
1,2,299900.0,8,256.0,"[299900.0,8.0,256.0]","[0.47156880985166466,0.6365397033128509,0.7059133716981185]",0
0,2,999999.0,16,512.0,"[999999.0,16.0,512.0]","[1.5724186004763414,1.2730794066257018,1.411826743396237]",0
1,2,279900.0,8,240.0,"[279900.0,8.0,240.0]","[0.4401204063937344,0.6365397033128509,0.6617937859669861]",0
0,2,690000.0,16,512.0,"[690000.0,16.0,512.0]","[1.0849699192985949,1.2730794066257018,1.411826743396237]",0
1,2,389900.0,16,512.0,"[389900.0,16.0,512.0]","[0.6130866254123509,1.2730794066257018,1.411826743396237]",0
0,2,189990.0,8,256.0,"[189990.0,8.0,256.0]","[0.2987441086486088,0.6365397033128509,0.7059133716981185]",0
0,2,1148990.0,16,512.0,"[1148990.0,16.0,512.0]","[1.806695054456366,1.2730794066257018,1.411826743396237]",0
0,2,329990.0,12,256.0,"[329990.0,12.0,256.0]","[0.5188829328541208,0.9548095549692763,0.7059133716981185]",0
0,2,769990.0,16,512.0,"[769990.0,16.0,512.0]","[1.210747808928587,1.2730794066257018,1.411826743396237]",0
0,2,2599990.0,32,1024.0,"[2599990.0,32.0,1024.0]","[4.088276725329209,2.5461588132514037,2.823653486792474]",1
0,2,969990.0,8,512.0,"[969990.0,8.0,512.0]","[1.52523184350789,0.6365397033128509,1.411826743396237]",0
0,2,617280.0,4,128.0,"[617280.0,4.0,128.0]","[0.9706235243255604,0.31826985165642546,0.35295668584905926]",0
1,2,699990.0,16,512.0,"[699990.0,16.0,512.0]","[1.1006783968258311,1.2730794066257018,1.411826743396237]",0
0,2,1129990.0,16,512.0,"[1129990.0,16.0,512.0]","[1.7768190711713323,1.2730794066257018,1.411826743396237]",0
0,2,1999990.0,24,1024.0,"[1999990.0,24.0,1024.0]","[3.1448246215912996,1.9096191099385527,2.823653486792474]",1
22,2,1149900.0,4,64.0,"[1149900.0,4.0,64.0]","[1.8081259568137018,0.31826985165642546,0.17647834292452963]",0
0,2,819990.0,16,512.0,"[819990.0,16.0,512.0]","[1.2893688175734128,1.2730794066257018,1.411826743396237]",0
22,2,1199000.0,4,64.0,"[1199000.0,4.0,64.0]","[1.8853317873029207,0.31826985165642546,0.17647834292452963]",0
35,2,1225390.0,32,1024.0,"[1225390.0,32.0,1024.0]","[1.9268279556656598,2.5461588132514037,2.823653486792474]",1
1,2,179990.0,4,128.0,"[179990.0,4.0,128.0]","[0.2830199069196436,0.31826985165642546,0.35295668584905926]",0
42,2,1630000.0,4,64.0,"[1630000.0,4.0,64.0]","[2.5630448818213183,0.31826985165642546,0.17647834292452963]",0
4,2,1549990.0,16,256.0,"[1549990.0,16.0,256.0]","[2.4372355437878683,1.2730794066257018,0.7059133716981185]",0
0,2,1699990.0,24,1024.0,"[1699990.0,24.0,1024.0]","[2.6730985697223453,1.9096191099385527,2.823653486792474]",1
0,2,819990.0,16,512.0,"[819990.0,16.0,512.0]","[1.2893688175734128,1.2730794066257018,1.411826743396237]",0
0,2,499990.0,8,512.0,"[499990.0,8.0,512.0]","[0.7861943622465282,0.6365397033128509,1.411826743396237]",0
0,2,939990.0,8,512.0,"[939990.0,8.0,512.0]","[1.4780592383209945,0.6365397033128509,1.411826743396237]",0
3,2,999990.0,32,1024.0,"[999990.0,32.0,1024.0]","[1.5724044486947855,2.5461588132514037,2.823653486792474]",1
12,2,209990.0,4,64.0,"[209990.0,4.0,64.0]","[0.33019251210653905,0.31826985165642546,0.17647834292452963]",0
1,2,429990.0,16,256.0,"[429990.0,16.0,256.0]","[0.6761249501437722,1.2730794066257018,0.7059133716981185]",0
3,2,669990.0,16,512.0,"[669990.0,16.0,512.0]","[1.0535057916389357,1.2730794066257018,1.411826743396237]",0
3,2,339990.0,8,256.0,"[339990.0,8.0,256.0]","[0.534607134583086,0.6365397033128509,0.7059133716981185]",0
0,2,599990.0,16,512.0,"[599990.0,16.0,512.0]","[0.9434363795361796,1.2730794066257018,1.411826743396237]",0
1,2,179990.0,4,128.0,"[179990.0,4.0,128.0]","[0.2830199069196436,0.31826985165642546,0.35295668584905926]",0
14,2,2280113.0,32,1024.0,"[2280113.0,32.0,1024.0]","[3.58529567768359,2.5461588132514037,2.823653486792474]",1
0,2,1029990.0,16,512.0,"[1029990.0,16.0,512.0]","[1.619577053881681,1.2730794066257018,1.411826743396237]",0
14,2,2720943.0,32,1024.0,"[2720943.0,32.0,1024.0]","[4.278465662501561,2.5461588132514037,2.823653486792474]",1
0,2,919990.0,16,1024.0,"[919990.0,16.0,1024.0]","[1.4466108348630642,1.2730794066257018,2.823653486792474]",0
46,2,1099000.0,4,64.0,"[1099000.0,4.0,64.0]","[1.7280897700132694,0.31826985165642546,0.17647834292452963]",0
1,2,769990.0,16,1024.0,"[769990.0,16.0,1024.0]","[1.210747808928587,1.2730794066257018,2.823653486792474]",0
1,2,779990.0,16,512.0,"[779990.0,16.0,512.0]","[1.2264720106575522,1.2730794066257018,1.411826743396237]",0
0,2,739990.0,16,512.0,"[739990.0,16.0,512.0]","[1.1635752037416918,1.2730794066257018,1.411826743396237]",0
1,2,459990.0,16,256.0,"[459990.0,16.0,256.0]","[0.7232975553306676,1.2730794066257018,0.7059133716981185]",0
1,2,580000.0,16,1024.0,"[580000.0,16.0,1024.0]","[0.9120037002799783,1.2730794066257018,2.823653486792474]",0
3,2,304990.0,16,512.0,"[304990.0,16.0,512.0]","[0.4795724285317079,1.2730794066257018,1.411826743396237]",0
0,2,999990.0,32,1024.0,"[999990.0,32.0,1024.0]","[1.5724044486947855,2.5461588132514037,2.823653486792474]",1
1,2,450000.0,16,512.0,"[450000.0,16.0,512.0]","[0.7075890778034315,1.2730794066257018,1.411826743396237]",0
1,2,1019990.0,32,1024.0,"[1019990.0,32.0,1024.0]","[1.6038528521527158,2.5461588132514037,2.823653486792474]",1
2,2,386311.0,8,512.0,"[386311.0,8.0,512.0]","[0.6074432094118254,0.6365397033128509,1.411826743396237]",0
1,2,2899990.0,32,1024.0,"[2899990.0,32.0,1024.0]","[4.560002777198163,2.5461588132514037,2.823653486792474]",1
1,2,529990.0,16,512.0,"[529990.0,16.0,512.0]","[0.8333669674334236,1.2730794066257018,1.411826743396237]",0
0,2,455990.0,8,512.0,"[455990.0,8.0,512.0]","[0.7170078746390816,0.6365397033128509,1.411826743396237]",0
0,2,449990.0,16,512.0,"[449990.0,16.0,512.0]","[0.7075733536017025,1.2730794066257018,1.411826743396237]",0
1,2,629990.0,16,512.0,"[629990.0,16.0,512.0]","[0.9906089847230751,1.2730794066257018,1.411826743396237]",0
2,2,739990.0,16,512.0,"[739990.0,16.0,512.0]","[1.1635752037416918,1.2730794066257018,1.411826743396237]",0
2,2,1299990.0,16,1024.0,"[1299990.0,16.0,1024.0]","[2.04413050056374,1.2730794066257018,2.823653486792474]",1
0,2,482591.0,16,128.0,"[482591.0,16.0,128.0]","[0.7588358236583018,1.2730794066257018,0.35295668584905926]",0
21,2,1599990.0,32,1024.0,"[1599990.0,32.0,1024.0]","[2.515856552432694,2.5461588132514037,2.823653486792474]",1
1,2,2299999.0,32,1024.0,"[2299999.0,32.0,1024.0]","[3.6165648252418103,2.5461588132514037,2.823653486792474]",1
4,2,2280112.0,8,256.0,"[2280112.0,8.0,256.0]","[3.5852941052634173,0.6365397033128509,0.7059133716981185]",0
0,2,1129990.0,8,256.0,"[1129990.0,8.0,256.0]","[1.7768190711713323,0.6365397033128509,0.7059133716981185]",0
3,2,269900.0,8,240.0,"[269900.0,8.0,240.0]","[0.42439620466476924,0.6365397033128509,0.6617937859669861]",0
4,2,2299990.0,16,512.0,"[2299990.0,16.0,512.0]","[3.616550673460254,1.2730794066257018,1.411826743396237]",1
1,2,1799999.0,32,1024.0,"[1799999.0,32.0,1024.0]","[2.830354738793553,2.5461588132514037,2.823653486792474]",1
0,2,259900.0,8,256.0,"[259900.0,8.0,256.0]","[0.4086720029358041,0.6365397033128509,0.7059133716981185]",0
0,2,1632210.0,8,256.0,"[1632210.0,8.0,256.0]","[2.5665199304034196,0.6365397033128509,0.7059133716981185]",0
1,2,1129990.0,8,512.0,"[1129990.0,8.0,512.0]","[1.7768190711713323,0.6365397033128509,1.411826743396237]",0
3,2,399990.0,16,256.0,"[399990.0,16.0,256.0]","[0.6289523449568768,1.2730794066257018,0.7059133716981185]",0
0,2,488141.0,8,128.0,"[488141.0,8.0,128.0]","[0.7675627556178775,0.6365397033128509,0.35295668584905926]",0
2,2,1490900.0,16,512.0,"[1490900.0,16.0,512.0]","[2.3443212357714134,1.2730794066257018,1.411826743396237]",0
0,2,1015429.0,16,512.0,"[1015429.0,16.0,512.0]","[1.5966810437441348,1.2730794066257018,1.411826743396237]",0
4,2,199900.0,8,121.0,"[199900.0,8.0,121.0]","[0.31432679256201324,0.6365397033128509,0.33365436709168883]",0
1,2,420000.0,16,512.0,"[420000.0,16.0,512.0]","[0.660416472616536,1.2730794066257018,1.411826743396237]",0
4,2,786900.0,16,1024.0,"[786900.0,16.0,1024.0]","[1.2373374340522671,1.2730794066257018,2.823653486792474]",0
2,2,1109990.0,16,512.0,"[1109990.0,16.0,512.0]","[1.745370667713402,1.2730794066257018,1.411826743396237]",0
5,2,174176.0,4,64.0,"[174176.0,4.0,64.0]","[0.2738778560344233,0.31826985165642546,0.17647834292452963]",0
2,2,1809990.0,16,512.0,"[1809990.0,16.0,512.0]","[2.846064788740962,1.2730794066257018,1.411826743396237]",0
2,2,499990.0,8,128.0,"[499990.0,8.0,128.0]","[0.7861943622465282,0.6365397033128509,0.35295668584905926]",0
4,2,788400.0,16,1024.0,"[788400.0,16.0,1024.0]","[1.239696064311612,1.2730794066257018,2.823653486792474]",0
3,2,649990.0,16,512.0,"[649990.0,16.0,512.0]","[1.0220573881810053,1.2730794066257018,1.411826743396237]",0
0,2,1699990.0,24,1024.0,"[1699990.0,24.0,1024.0]","[2.6730985697223453,1.9096191099385527,2.823653486792474]",1
0,2,1099990.0,16,512.0,"[1099990.0,16.0,512.0]","[1.7296464659844368,1.2730794066257018,1.411826743396237]",0
0,2,379990.0,16,256.0,"[379990.0,16.0,256.0]","[0.5975039414989465,1.2730794066257018,0.7059133716981185]",0
0,2,445990.0,8,512.0,"[445990.0,8.0,512.0]","[0.7012836729101164,0.6365397033128509,1.411826743396237]",0
1,2,269990.0,8,256.0,"[269990.0,8.0,256.0]","[0.4245377224803299,0.6365397033128509,0.7059133716981185]",0
0,2,2559990.0,32,1024.0,"[2559990.0,32.0,1024.0]","[4.025379918413348,2.5461588132514037,2.823653486792474]",1
2,2,1799990.0,16,1024.0,"[1799990.0,16.0,1024.0]","[2.830340587011997,1.2730794066257018,2.823653486792474]",1
5,2,359990.0,16,512.0,"[359990.0,16.0,512.0]","[0.5660555380410162,1.2730794066257018,1.411826743396237]",0
5,2,449990.0,8,128.0,"[449990.0,8.0,128.0]","[0.7075733536017025,0.6365397033128509,0.35295668584905926]",0
1,2,1699990.0,16,512.0,"[1699990.0,16.0,512.0]","[2.6730985697223453,1.2730794066257018,1.411826743396237]",0
5,2,699990.0,8,512.0,"[699990.0,8.0,512.0]","[1.1006783968258311,0.6365397033128509,1.411826743396237]",0
12,2,659990.0,8,512.0,"[659990.0,8.0,512.0]","[1.0377815899099705,0.6365397033128509,1.411826743396237]",0
1,2,599990.0,8,512.0,"[599990.0,8.0,512.0]","[0.9434363795361796,0.6365397033128509,1.411826743396237]",0
0,2,769900.0,16,1024.0,"[769900.0,16.0,1024.0]","[1.2106062911130264,1.2730794066257018,2.823653486792474]",0
21,2,879990.0,16,512.0,"[879990.0,16.0,512.0]","[1.3837140279472038,1.2730794066257018,1.411826743396237]",0
2,2,1550000.0,32,1024.0,"[1550000.0,32.0,1024.0]","[2.4372512679895975,2.5461588132514037,2.823653486792474]",1
5,2,259990.0,8,240.0,"[259990.0,8.0,240.0]","[0.4088135207513648,0.6365397033128509,0.6617937859669861]",0
0,2,2599990.0,32,1024.0,"[2599990.0,32.0,1024.0]","[4.088276725329209,2.5461588132514037,2.823653486792474]",1
3,2,299990.0,16,256.0,"[299990.0,16.0,256.0]","[0.47171032766722537,1.2730794066257018,0.7059133716981185]",0
0,2,1632210.0,16,512.0,"[1632210.0,16.0,512.0]","[2.5665199304034196,1.2730794066257018,1.411826743396237]",0
0,2,889874.0,16,1024.0,"[889874.0,16.0,1024.0]","[1.3992558289361128,1.2730794066257018,2.823653486792474]",0
0,2,617280.0,4,128.0,"[617280.0,4.0,128.0]","[0.9706235243255604,0.31826985165642546,0.35295668584905926]",0
0,2,2069990.0,32,1024.0,"[2069990.0,32.0,1024.0]","[3.2548940336940557,2.5461588132514037,2.823653486792474]",1
2,2,1049422.0,16,1024.0,"[1049422.0,16.0,1024.0]","[1.650132322681406,1.2730794066257018,2.823653486792474]",0
4,2,668000.0,16,512.0,"[668000.0,16.0,512.0]","[1.0503766754948716,1.2730794066257018,1.411826743396237]",0
8,2,1899990.0,16,512.0,"[1899990.0,16.0,512.0]","[2.9875826043016485,1.2730794066257018,1.411826743396237]",0
8,2,1949990.0,16,1024.0,"[1949990.0,16.0,1024.0]","[3.0662036129464743,1.2730794066257018,2.823653486792474]",1
3,2,1632210.0,16,1024.0,"[1632210.0,16.0,1024.0]","[2.5665199304034196,1.2730794066257018,2.823653486792474]",1
3,2,449990.0,16,256.0,"[449990.0,16.0,256.0]","[0.7075733536017025,1.2730794066257018,0.7059133716981185]",0
1,2,1632210.0,8,256.0,"[1632210.0,8.0,256.0]","[2.5665199304034196,0.6365397033128509,0.7059133716981185]",0
2,2,944999.0,16,512.0,"[944999.0,16.0,512.0]","[1.4859354909670333,1.2730794066257018,1.411826743396237]",0
3,2,189900.0,8,120.0,"[189900.0,8.0,120.0]","[0.2986025908330481,0.6365397033128509,0.33089689298349306]",0
4,2,2199990.0,16,1024.0,"[2199990.0,16.0,1024.0]","[3.459308656170603,1.2730794066257018,2.823653486792474]",1
1,2,2499990.0,32,1024.0,"[2499990.0,32.0,1024.0]","[3.931034708039557,2.5461588132514037,2.823653486792474]",1
18,2,3292990.0,16,256.0,"[3292990.0,16.0,256.0]","[5.177963905146493,1.2730794066257018,0.7059133716981185]",1
4,2,399900.0,8,512.0,"[399900.0,8.0,512.0]","[0.6288108271413161,0.6365397033128509,1.411826743396237]",0
1,2,475990.0,16,512.0,"[475990.0,16.0,512.0]","[0.7484562780970119,1.2730794066257018,1.411826743396237]",0
12,2,440000.0,8,512.0,"[440000.0,8.0,512.0]","[0.6918648760744663,0.6365397033128509,1.411826743396237]",0
2,2,859990.0,16,512.0,"[859990.0,16.0,512.0]","[1.3522656244892735,1.2730794066257018,1.411826743396237]",0
1,2,349990.0,16,256.0,"[349990.0,16.0,256.0]","[0.5503313363120511,1.2730794066257018,0.7059133716981185]",0
4,2,599990.0,16,512.0,"[599990.0,16.0,512.0]","[0.9434363795361796,1.2730794066257018,1.411826743396237]",0
3,2,1062050.0,16,256.0,"[1062050.0,16.0,256.0]","[1.669988844624743,1.2730794066257018,0.7059133716981185]",0
3,2,888726.0,16,512.0,"[888726.0,16.0,512.0]","[1.3974506905776276,1.2730794066257018,1.411826743396237]",0
0,2,708488.0,8,756.0,"[708488.0,8.0,756.0]","[1.1140408234551056,0.6365397033128509,2.0846504257960063]",0
1,2,279130.0,4,128.0,"[279130.0,4.0,128.0]","[0.4389096428606041,0.31826985165642546,0.35295668584905926]",0
0,2,2599990.0,32,1024.0,"[2599990.0,32.0,1024.0]","[4.088276725329209,2.5461588132514037,2.823653486792474]",1
5,2,900466.0,8,256.0,"[900466.0,8.0,256.0]","[1.4159109034074326,0.6365397033128509,0.7059133716981185]",0
0,2,295412.0,4,128.0,"[295412.0,4.0,128.0]","[0.4645117881157051,0.31826985165642546,0.35295668584905926]",0
0,2,378837.0,16,512.0,"[378837.0,16.0,512.0]","[0.5956909410395969,1.2730794066257018,1.411826743396237]",0
22,2,739000.0,4,64.0,"[739000.0,4.0,64.0]","[1.162018507770524,0.31826985165642546,0.17647834292452963]",0
2,2,890900.0,4,512.0,"[890900.0,4.0,512.0]","[1.4008691320335047,0.31826985165642546,1.411826743396237]",0
2,2,2899990.0,32,1024.0,"[2899990.0,32.0,1024.0]","[4.560002777198163,2.5461588132514037,2.823653486792474]",1
0,2,1323190.0,16,512.0,"[1323190.0,16.0,512.0]","[2.0806106485749387,1.2730794066257018,1.411826743396237]",0
0,2,409990.0,8,512.0,"[409990.0,8.0,512.0]","[0.644676546685842,0.6365397033128509,1.411826743396237]",0
4,2,200000.0,8,128.0,"[200000.0,8.0,128.0]","[0.31448403457930285,0.6365397033128509,0.35295668584905926]",0
0,4,561400.0,8,512.0,"[561400.0,8.0,512.0]","[0.8827566850641032,0.6365397033128509,1.411826743396237]",0
0,4,1084990.0,8,512.0,"[1084990.0,8.0,512.0]","[1.706060163390989,0.6365397033128509,1.411826743396237]",0
0,4,1106990.0,16,512.0,"[1106990.0,16.0,512.0]","[1.7406534071947124,1.2730794066257018,1.411826743396237]",0
0,4,799990.0,16,512.0,"[799990.0,16.0,512.0]","[1.2579204141154825,1.2730794066257018,1.411826743396237]",0
4,4,2799990.0,24,512.0,"[2799990.0,24.0,512.0]","[4.402760759908511,1.9096191099385527,1.411826743396237]",1
4,4,3399990.0,48,512.0,"[3399990.0,48.0,512.0]","[5.34621286364642,3.8192382198771053,1.411826743396237]",1
33,4,229990.0,4,128.0,"[229990.0,4.0,128.0]","[0.36164091556446937,0.31826985165642546,0.35295668584905926]",0
3,4,1799990.0,16,512.0,"[1799990.0,16.0,512.0]","[2.830340587011997,1.2730794066257018,1.411826743396237]",0
0,4,499900.0,8,512.0,"[499900.0,8.0,512.0]","[0.7860528444309676,0.6365397033128509,1.411826743396237]",0
1,4,1159990.0,16,512.0,"[1159990.0,16.0,512.0]","[1.8239916763582278,1.2730794066257018,1.411826743396237]",0
29,4,749990.0,8,512.0,"[749990.0,8.0,512.0]","[1.1792994054706567,0.6365397033128509,1.411826743396237]",0
4,4,1479990.0,24,512.0,"[1479990.0,24.0,512.0]","[2.327166131685112,1.9096191099385527,1.411826743396237]",0
4,4,1249990.0,16,512.0,"[1249990.0,16.0,512.0]","[1.965509491918914,1.2730794066257018,1.411826743396237]",0
0,4,729900.0,16,512.0,"[729900.0,16.0,512.0]","[1.1477094841971658,1.2730794066257018,1.411826743396237]",0
0,4,1889500.0,32,1024.0,"[1889500.0,32.0,1024.0]","[2.971087916687964,2.5461588132514037,2.823653486792474]",1
0,4,799990.0,8,256.0,"[799990.0,8.0,256.0]","[1.2579204141154825,0.6365397033128509,0.7059133716981185]",0
0,4,949990.0,8,512.0,"[949990.0,8.0,512.0]","[1.4937834400499597,0.6365397033128509,1.411826743396237]",0
0,4,527426.0,8,512.0,"[527426.0,8.0,512.0]","[0.829335282110117,0.6365397033128509,1.411826743396237]",0
0,4,435891.0,4,500.0,"[435891.0,4.0,500.0]","[0.6854038015840346,0.31826985165642546,1.3787370540978878]",0
0,4,834190.0,8,256.0,"[834190.0,8.0,256.0]","[1.3116971840285434,0.6365397033128509,0.7059133716981185]",0
3,4,859990.0,8,512.0,"[859990.0,8.0,512.0]","[1.3522656244892735,0.6365397033128509,1.411826743396237]",0
4,4,1764990.0,16,512.0,"[1764990.0,16.0,512.0]","[2.775305880960619,1.2730794066257018,1.411826743396237]",0
1,4,1259990.0,8,256.0,"[1259990.0,8.0,256.0]","[1.9812336936478792,0.6365397033128509,0.7059133716981185]",0
0,4,469990.0,8,512.0,"[469990.0,8.0,512.0]","[0.7390217570596328,0.6365397033128509,1.411826743396237]",0
0,4,389728.0,8,256.0,"[389728.0,8.0,256.0]","[0.6128161691426127,0.6365397033128509,0.7059133716981185]",0
0,4,2474990.0,32,2048.0,"[2474990.0,32.0,2048.0]","[3.891724203717144,2.5461588132514037,5.647306973584948]",1
4,4,1799990.0,16,1024.0,"[1799990.0,16.0,1024.0]","[2.830340587011997,1.2730794066257018,2.823653486792474]",1
0,4,483990.0,8,256.0,"[483990.0,8.0,256.0]","[0.761035639480184,0.6365397033128509,0.7059133716981185]",0
4,4,1729990.0,16,1024.0,"[1729990.0,16.0,1024.0]","[2.7202711749092408,1.2730794066257018,2.823653486792474]",1
0,4,639990.0,8,512.0,"[639990.0,8.0,512.0]","[1.0063331864520402,0.6365397033128509,1.411826743396237]",0
4,4,2449990.0,32,1024.0,"[2449990.0,32.0,1024.0]","[3.8524136993947313,2.5461588132514037,2.823653486792474]",1
0,4,519990.0,8,256.0,"[519990.0,8.0,256.0]","[0.8176427657044585,0.6365397033128509,0.7059133716981185]",0
4,4,1189990.0,16,256.0,"[1189990.0,16.0,256.0]","[1.871164281545123,1.2730794066257018,0.7059133716981185]",0
4,4,1499990.0,16,512.0,"[1499990.0,16.0,512.0]","[2.3586145351430425,1.2730794066257018,1.411826743396237]",0
4,4,1912670.0,16,512.0,"[1912670.0,16.0,512.0]","[3.007520892093976,1.2730794066257018,1.411826743396237]",0
4,4,1879990.0,16,1024.0,"[1879990.0,16.0,1024.0]","[2.956134200843718,1.2730794066257018,2.823653486792474]",1
0,4,729900.0,16,512.0,"[729900.0,16.0,512.0]","[1.1477094841971658,1.2730794066257018,1.411826743396237]",0
0,4,639990.0,8,512.0,"[639990.0,8.0,512.0]","[1.0063331864520402,0.6365397033128509,1.411826743396237]",0
0,4,3099990.0,32,1024.0,"[3099990.0,32.0,1024.0]","[4.874486811777466,2.5461588132514037,2.823653486792474]",1
0,4,1559990.0,16,1024.0,"[1559990.0,16.0,1024.0]","[2.4529597455168335,1.2730794066257018,2.823653486792474]",1
0,4,1271328.0,16,512.0,"[1271328.0,16.0,512.0]","[1.9990617935681798,1.2730794066257018,1.411826743396237]",0
4,4,2639990.0,36,2048.0,"[2639990.0,36.0,2048.0]","[4.151173532245069,2.864428664907829,5.647306973584948]",1
0,4,719990.0,16,512.0,"[719990.0,16.0,512.0]","[1.1321268002837614,1.2730794066257018,1.411826743396237]",0
0,4,371492.0,8,512.0,"[371492.0,8.0,512.0]","[0.5841415148696719,0.6365397033128509,1.411826743396237]",0
1,4,569990.0,8,512.0,"[569990.0,8.0,512.0]","[0.8962637743492843,0.6365397033128509,1.411826743396237]",0
0,4,818192.0,16,512.0,"[818192.0,16.0,512.0]","[1.286541606102545,1.2730794066257018,1.411826743396237]",0
1,4,549990.0,8,512.0,"[549990.0,8.0,512.0]","[0.864815370891354,0.6365397033128509,1.411826743396237]",0
0,4,447833.0,8,256.0,"[447833.0,8.0,256.0]","[0.7041816432887648,0.6365397033128509,0.7059133716981185]",0
0,4,3099990.0,32,1024.0,"[3099990.0,32.0,1024.0]","[4.874486811777466,2.5461588132514037,2.823653486792474]",1
0,4,476013.0,8,512.0,"[476013.0,8.0,512.0]","[0.7484924437609884,0.6365397033128509,1.411826743396237]",0
4,4,2827990.0,24,2048.0,"[2827990.0,24.0,2048.0]","[4.446788524749613,1.9096191099385527,5.647306973584948]",1
30,4,499990.0,8,512.0,"[499990.0,8.0,512.0]","[0.7861943622465282,0.6365397033128509,1.411826743396237]",0
2,4,955780.0,16,512.0,"[955780.0,16.0,512.0]","[1.5028877528510305,1.2730794066257018,1.411826743396237]",0
9,6,959990.0,16,512.0,"[959990.0,16.0,512.0]","[1.5095076417789248,1.2730794066257018,1.411826743396237]",0
13,6,959990.0,8,512.0,"[959990.0,8.0,512.0]","[1.5095076417789248,0.6365397033128509,1.411826743396237]",0
9,6,959990.0,24,512.0,"[959990.0,24.0,512.0]","[1.5095076417789248,1.9096191099385527,1.411826743396237]",0
3,6,959990.0,32,1024.0,"[959990.0,32.0,1024.0]","[1.5095076417789248,2.5461588132514037,2.823653486792474]",1
11,6,959990.0,16,512.0,"[959990.0,16.0,512.0]","[1.5095076417789248,1.2730794066257018,1.411826743396237]",0
0,4,815294.0,8,512.0,"[815294.0,8.0,512.0]","[1.2819847324414908,0.6365397033128509,1.411826743396237]",0
1,4,999990.0,16,512.0,"[999990.0,16.0,512.0]","[1.5724044486947855,1.2730794066257018,1.411826743396237]",0
4,4,1799990.0,24,1024.0,"[1799990.0,24.0,1024.0]","[2.830340587011997,1.9096191099385527,2.823653486792474]",1
4,4,3464066.0,48,1024.0,"[3464066.0,48.0,1024.0]","[5.446967258644937,3.8192382198771053,2.823653486792474]",1
4,4,2784990.0,24,2048.0,"[2784990.0,24.0,2048.0]","[4.379174457315064,1.9096191099385527,5.647306973584948]",1
4,4,3705990.0,36,2048.0,"[3705990.0,36.0,2048.0]","[5.827373436552754,2.864428664907829,5.647306973584948]",1
4,4,2459990.0,24,1024.0,"[2459990.0,24.0,1024.0]","[3.8681379011236965,1.9096191099385527,2.823653486792474]",1
4,4,2999990.0,24,2048.0,"[2999990.0,24.0,2048.0]","[4.717244794487814,1.9096191099385527,5.647306973584948]",1
11,6,999990.0,12,512.0,"[999990.0,12.0,512.0]","[1.5724044486947855,0.9548095549692763,1.411826743396237]",0
9,6,999990.0,16,512.0,"[999990.0,16.0,512.0]","[1.5724044486947855,1.2730794066257018,1.411826743396237]",0
13,6,999990.0,32,1024.0,"[999990.0,32.0,1024.0]","[1.5724044486947855,2.5461588132514037,2.823653486792474]",1
9,6,999990.0,32,1024.0,"[999990.0,32.0,1024.0]","[1.5724044486947855,2.5461588132514037,2.823653486792474]",1
11,6,999990.0,16,1024.0,"[999990.0,16.0,1024.0]","[1.5724044486947855,1.2730794066257018,2.823653486792474]",0
9,6,1799990.0,16,512.0,"[1799990.0,16.0,512.0]","[2.830340587011997,1.2730794066257018,1.411826743396237]",0
13,6,1799990.0,16,1024.0,"[1799990.0,16.0,1024.0]","[2.830340587011997,1.2730794066257018,2.823653486792474]",1
3,6,1799990.0,8,512.0,"[1799990.0,8.0,512.0]","[2.830340587011997,0.6365397033128509,1.411826743396237]",0
9,6,879990.0,16,512.0,"[879990.0,16.0,512.0]","[1.3837140279472038,1.2730794066257018,1.411826743396237]",0
16,6,879990.0,16,512.0,"[879990.0,16.0,512.0]","[1.3837140279472038,1.2730794066257018,1.411826743396237]",0
13,6,879990.0,8,256.0,"[879990.0,8.0,256.0]","[1.3837140279472038,0.6365397033128509,0.7059133716981185]",0
9,6,2249990.0,16,1024.0,"[2249990.0,16.0,1024.0]","[3.5379296648154286,1.2730794066257018,2.823653486792474]",1
13,6,1499990.0,8,256.0,"[1499990.0,8.0,256.0]","[2.3586145351430425,0.6365397033128509,0.7059133716981185]",0
11,6,1499990.0,32,1024.0,"[1499990.0,32.0,1024.0]","[2.3586145351430425,2.5461588132514037,2.823653486792474]",1
9,6,2629990.0,16,1024.0,"[2629990.0,16.0,1024.0]","[4.135449330516104,1.2730794066257018,2.823653486792474]",1
9,6,2629990.0,16,512.0,"[2629990.0,16.0,512.0]","[4.135449330516104,1.2730794066257018,1.411826743396237]",1
9,6,2629990.0,16,512.0,"[2629990.0,16.0,512.0]","[4.135449330516104,1.2730794066257018,1.411826743396237]",1
9,6,2629990.0,32,1024.0,"[2629990.0,32.0,1024.0]","[4.135449330516104,2.5461588132514037,2.823653486792474]",1
9,6,2629990.0,32,1024.0,"[2629990.0,32.0,1024.0]","[4.135449330516104,2.5461588132514037,2.823653486792474]",1
11,6,1289990.0,16,512.0,"[1289990.0,16.0,512.0]","[2.0284062988347746,1.2730794066257018,1.411826743396237]",0
2,6,1289990.0,32,1024.0,"[1289990.0,32.0,1024.0]","[2.0284062988347746,2.5461588132514037,2.823653486792474]",1
3,6,1289990.0,16,512.0,"[1289990.0,16.0,512.0]","[2.0284062988347746,1.2730794066257018,1.411826743396237]",0
16,6,1289990.0,24,512.0,"[1289990.0,24.0,512.0]","[2.0284062988347746,1.9096191099385527,1.411826743396237]",0
3,4,1607345.0,32,1024.0,"[1607345.0,32.0,1024.0]","[2.527421702804348,2.5461588132514037,2.823653486792474]",1
3,4,935675.0,16,512.0,"[935675.0,16.0,512.0]","[1.471274245274946,1.2730794066257018,1.411826743396237]",0
3,4,1848833.0,32,1024.0,"[1848833.0,32.0,1024.0]","[2.9071423055167815,2.5461588132514037,2.823653486792474]",1
4,4,2154827.0,16,1024.0,"[2154827.0,16.0,1024.0]","[3.3882934439020773,1.2730794066257018,2.823653486792474]",1
0,4,642656.0,8,512.0,"[642656.0,8.0,512.0]","[1.0105252586329823,0.6365397033128509,1.411826743396237]",0
11,6,1129990.0,32,512.0,"[1129990.0,32.0,512.0]","[1.7768190711713323,2.5461588132514037,1.411826743396237]",0
9,6,1129990.0,32,1024.0,"[1129990.0,32.0,1024.0]","[1.7768190711713323,2.5461588132514037,2.823653486792474]",1
3,6,1129990.0,16,512.0,"[1129990.0,16.0,512.0]","[1.7768190711713323,1.2730794066257018,1.411826743396237]",0
3,6,1129990.0,32,1024.0,"[1129990.0,32.0,1024.0]","[1.7768190711713323,2.5461588132514037,2.823653486792474]",1
11,6,1129990.0,16,512.0,"[1129990.0,16.0,512.0]","[1.7768190711713323,1.2730794066257018,1.411826743396237]",0
13,6,1129990.0,8,512.0,"[1129990.0,8.0,512.0]","[1.7768190711713323,0.6365397033128509,1.411826743396237]",0
34,6,1129990.0,8,512.0,"[1129990.0,8.0,512.0]","[1.7768190711713323,0.6365397033128509,1.411826743396237]",0
11,6,1129990.0,16,512.0,"[1129990.0,16.0,512.0]","[1.7768190711713323,1.2730794066257018,1.411826743396237]",0
11,6,1129990.0,16,512.0,"[1129990.0,16.0,512.0]","[1.7768190711713323,1.2730794066257018,1.411826743396237]",0
11,6,1129990.0,32,1024.0,"[1129990.0,32.0,1024.0]","[1.7768190711713323,2.5461588132514037,2.823653486792474]",1
9,6,1129990.0,24,512.0,"[1129990.0,24.0,512.0]","[1.7768190711713323,1.9096191099385527,1.411826743396237]",0
11,6,1129990.0,16,512.0,"[1129990.0,16.0,512.0]","[1.7768190711713323,1.2730794066257018,1.411826743396237]",0
3,6,1129990.0,32,1024.0,"[1129990.0,32.0,1024.0]","[1.7768190711713323,2.5461588132514037,2.823653486792474]",1
0,2,617280.0,4,128.0,"[617280.0,4.0,128.0]","[0.9706235243255604,0.31826985165642546,0.35295668584905926]",0
0,2,579990.0,8,512.0,"[579990.0,8.0,512.0]","[0.9119879760782493,0.6365397033128509,1.411826743396237]",0
0,2,671990.0,8,512.0,"[671990.0,8.0,512.0]","[1.0566506319847286,0.6365397033128509,1.411826743396237]",0
0,2,479990.0,8,256.0,"[479990.0,8.0,256.0]","[0.754745958788598,0.6365397033128509,0.7059133716981185]",0
0,2,671990.0,8,512.0,"[671990.0,8.0,512.0]","[1.0566506319847286,0.6365397033128509,1.411826743396237]",0
0,2,579990.0,8,512.0,"[579990.0,8.0,512.0]","[0.9119879760782493,0.6365397033128509,1.411826743396237]",0
5,2,569990.0,8,128.0,"[569990.0,8.0,128.0]","[0.8962637743492843,0.6365397033128509,0.35295668584905926]",0
15,2,749990.0,8,512.0,"[749990.0,8.0,512.0]","[1.1792994054706567,0.6365397033128509,1.411826743396237]",0
4,2,649990.0,8,256.0,"[649990.0,8.0,256.0]","[1.0220573881810053,0.6365397033128509,0.7059133716981185]",0
1,2,584990.0,5,512.0,"[584990.0,5.0,512.0]","[0.9198500769427319,0.39783731457053184,1.411826743396237]",0
4,2,649990.0,8,256.0,"[649990.0,8.0,256.0]","[1.0220573881810053,0.6365397033128509,0.7059133716981185]",0
4,2,749990.0,8,512.0,"[749990.0,8.0,512.0]","[1.1792994054706567,0.6365397033128509,1.411826743396237]",0
12,2,999990.0,16,512.0,"[999990.0,16.0,512.0]","[1.5724044486947855,1.2730794066257018,1.411826743396237]",0
0,2,958545.0,16,512.0,"[958545.0,16.0,512.0]","[1.5072354946290893,1.2730794066257018,1.411826743396237]",0
0,2,1049990.0,16,512.0,"[1049990.0,16.0,512.0]","[1.651025457339611,1.2730794066257018,1.411826743396237]",0
12,2,799990.0,8,512.0,"[799990.0,8.0,512.0]","[1.2579204141154825,0.6365397033128509,1.411826743396237]",0
4,2,749990.0,8,512.0,"[749990.0,8.0,512.0]","[1.1792994054706567,0.6365397033128509,1.411826743396237]",0
0,2,342994.0,4,128.0,"[342994.0,4.0,128.0]","[0.539330684782467,0.31826985165642546,0.35295668584905926]",0
4,2,649990.0,8,256.0,"[649990.0,8.0,256.0]","[1.0220573881810053,0.6365397033128509,0.7059133716981185]",0
0,2,365357.0,8,64.0,"[365357.0,8.0,64.0]","[0.5744947171089518,0.6365397033128509,0.17647834292452963]",0
0,2,559743.0,16,128.0,"[559743.0,16.0,128.0]","[0.8801511848376137,1.2730794066257018,0.35295668584905926]",0
2,2,509088.0,8,512.0,"[509088.0,8.0,512.0]","[0.8005002409795408,0.6365397033128509,1.411826743396237]",0
0,2,419990.0,8,256.0,"[419990.0,8.0,256.0]","[0.6604007484148071,0.6365397033128509,0.7059133716981185]",0
4,2,649990.0,8,256.0,"[649990.0,8.0,256.0]","[1.0220573881810053,0.6365397033128509,0.7059133716981185]",0
0,2,1119631.0,16,512.0,"[1119631.0,16.0,512.0]","[1.7605303706002973,1.2730794066257018,1.411826743396237]",0
0,2,1129990.0,16,512.0,"[1129990.0,16.0,512.0]","[1.7768190711713323,1.2730794066257018,1.411826743396237]",0
14,2,1632210.0,16,512.0,"[1632210.0,16.0,512.0]","[2.5665199304034196,1.2730794066257018,1.411826743396237]",0
0,2,1999990.0,24,1024.0,"[1999990.0,24.0,1024.0]","[3.1448246215912996,1.9096191099385527,2.823653486792474]",1
0,2,958545.0,16,512.0,"[958545.0,16.0,512.0]","[1.5072354946290893,1.2730794066257018,1.411826743396237]",0
12,2,999990.0,16,512.0,"[999990.0,16.0,512.0]","[1.5724044486947855,1.2730794066257018,1.411826743396237]",0
2,2,609990.0,8,512.0,"[609990.0,8.0,512.0]","[0.9591605812651448,0.6365397033128509,1.411826743396237]",0
5,2,1199990.0,16,512.0,"[1199990.0,16.0,512.0]","[1.8868884832740882,1.2730794066257018,1.411826743396237]",0
1,2,874990.0,12,512.0,"[874990.0,12.0,512.0]","[1.3758519270827212,0.9548095549692763,1.411826743396237]",0
3,5,1399990.0,16,512.0,"[1399990.0,16.0,512.0]","[2.201372517853391,1.2730794066257018,1.411826743396237]",0
3,5,2559990.0,16,1024.0,"[2559990.0,16.0,1024.0]","[4.025379918413348,1.2730794066257018,2.823653486792474]",1
3,5,1599990.0,16,512.0,"[1599990.0,16.0,512.0]","[2.515856552432694,1.2730794066257018,1.411826743396237]",0
2,5,579990.0,8,256.0,"[579990.0,8.0,256.0]","[0.9119879760782493,0.6365397033128509,0.7059133716981185]",0
2,5,2799990.0,64,1024.0,"[2799990.0,64.0,1024.0]","[4.402760759908511,5.092317626502807,2.823653486792474]",2
2,5,579990.0,8,256.0,"[579990.0,8.0,256.0]","[0.9119879760782493,0.6365397033128509,0.7059133716981185]",0
2,5,1399990.0,40,1024.0,"[1399990.0,40.0,1024.0]","[2.201372517853391,3.1826985165642547,2.823653486792474]",1
2,5,959990.0,16,512.0,"[959990.0,16.0,512.0]","[1.5095076417789248,1.2730794066257018,1.411826743396237]",0
2,5,1199990.0,16,1024.0,"[1199990.0,16.0,1024.0]","[1.8868884832740882,1.2730794066257018,2.823653486792474]",1
2,7,1341810.0,16,512.0,"[1341810.0,16.0,512.0]","[2.109889112194272,1.2730794066257018,1.411826743396237]",0
4,7,351810.0,8,250.0,"[351810.0,8.0,250.0]","[0.5531931410267227,0.6365397033128509,0.6893685270489439]",0
5,7,449991.0,16,512.0,"[449991.0,16.0,512.0]","[0.7075749260218754,1.2730794066257018,1.411826743396237]",0
4,7,179910.0,4,120.0,"[179910.0,4.0,120.0]","[0.2828941133058119,0.31826985165642546,0.33089689298349306]",0
4,7,188910.0,8,121.0,"[188910.0,8.0,121.0]","[0.29704589486188054,0.6365397033128509,0.33365436709168883]",0
4,7,179991.0,4,120.0,"[179991.0,4.0,120.0]","[0.28302147933981653,0.31826985165642546,0.33089689298349306]",0
4,7,179910.0,4,127.0,"[179910.0,4.0,127.0]","[0.2828941133058119,0.31826985165642546,0.3501992117408635]",0
8,7,890100.0,16,512.0,"[890100.0,16.0,512.0]","[1.3996111958951873,1.2730794066257018,1.411826743396237]",0
8,7,1169100.0,32,1024.0,"[1169100.0,32.0,1024.0]","[1.838316424133315,2.5461588132514037,2.823653486792474]",1
2,7,1399900.0,16,1024.0,"[1399900.0,16.0,1024.0]","[2.2012310000378306,1.2730794066257018,2.823653486792474]",1
0,7,692910.0,16,1024.0,"[692910.0,16.0,1024.0]","[1.0895456620017239,1.2730794066257018,2.823653486792474]",0
2,7,1611000.0,32,1024.0,"[1611000.0,32.0,1024.0]","[2.533168898536285,2.5461588132514037,2.823653486792474]",1
0,7,296910.0,8,240.0,"[296910.0,8.0,240.0]","[0.4668672735347041,0.6365397033128509,0.6617937859669861]",0
4,7,499000.0,16,500.0,"[499000.0,16.0,500.0]","[0.7846376662753607,1.2730794066257018,1.3787370540978878]",0
2,7,899181.0,16,1024.0,"[899181.0,16.0,1024.0]","[1.4138903434852608,1.2730794066257018,2.823653486792474]",0
0,7,499900.0,8,256.0,"[499900.0,8.0,256.0]","[0.7860528444309676,0.6365397033128509,0.7059133716981185]",0
8,7,899991.0,16,512.0,"[899991.0,16.0,512.0]","[1.4151640038253068,1.2730794066257018,1.411826743396237]",0
2,7,801810.0,16,512.0,"[801810.0,16.0,512.0]","[1.2607822188301543,1.2730794066257018,1.411826743396237]",0
6,7,1520910.0,16,512.0,"[1520910.0,16.0,512.0]","[2.3915095651600375,1.2730794066257018,1.411826743396237]",0
8,7,1034910.0,16,512.0,"[1034910.0,16.0,512.0]","[1.6273133611323316,1.2730794066257018,1.411826743396237]",0
2,7,899991.0,16,512.0,"[899991.0,16.0,512.0]","[1.4151640038253068,1.2730794066257018,1.411826743396237]",0
4,7,179910.0,8,121.0,"[179910.0,8.0,121.0]","[0.2828941133058119,0.6365397033128509,0.33365436709168883]",0
0,7,827910.0,16,1024.0,"[827910.0,16.0,1024.0]","[1.3018223853427533,1.2730794066257018,2.823653486792474]",0
4,7,494991.0,16,500.0,"[494991.0,16.0,500.0]","[0.7783338338022185,1.2730794066257018,1.3787370540978878]",0
4,7,351810.0,8,520.0,"[351810.0,8.0,520.0]","[0.5531931410267227,0.6365397033128509,1.4338865362618032]",0
4,7,179910.0,4,120.0,"[179910.0,4.0,120.0]","[0.2828941133058119,0.31826985165642546,0.33089689298349306]",0
4,7,377910.0,8,120.0,"[377910.0,8.0,120.0]","[0.5942333075393218,0.6365397033128509,0.33089689298349306]",0
4,7,800910.0,16,256.0,"[800910.0,16.0,256.0]","[1.2593670406745474,1.2730794066257018,0.7059133716981185]",0
1,5,899990.0,4,256.0,"[899990.0,4.0,256.0]","[1.4151624314051339,0.31826985165642546,0.7059133716981185]",0
1,5,1029990.0,16,512.0,"[1029990.0,16.0,512.0]","[1.619577053881681,1.2730794066257018,1.411826743396237]",0
1,5,2179990.0,32,1024.0,"[2179990.0,32.0,1024.0]","[3.4278602527126725,2.5461588132514037,2.823653486792474]",1
1,5,929990.0,8,256.0,"[929990.0,8.0,256.0]","[1.4623350365920293,0.6365397033128509,0.7059133716981185]",0
1,5,929990.0,8,512.0,"[929990.0,8.0,512.0]","[1.4623350365920293,0.6365397033128509,1.411826743396237]",0
1,5,1409990.0,16,256.0,"[1409990.0,16.0,256.0]","[2.217096719582356,1.2730794066257018,0.7059133716981185]",0
1,5,1299990.0,16,128.0,"[1299990.0,16.0,128.0]","[2.04413050056374,1.2730794066257018,0.35295668584905926]",0
1,5,1499990.0,16,512.0,"[1499990.0,16.0,512.0]","[2.3586145351430425,1.2730794066257018,1.411826743396237]",0
1,5,749990.0,8,256.0,"[749990.0,8.0,256.0]","[1.1792994054706567,0.6365397033128509,0.7059133716981185]",0
1,5,1559990.0,16,1024.0,"[1559990.0,16.0,1024.0]","[2.4529597455168335,1.2730794066257018,2.823653486792474]",1
1,5,2899990.0,16,1024.0,"[2899990.0,16.0,1024.0]","[4.560002777198163,1.2730794066257018,2.823653486792474]",1
1,5,1599990.0,16,1024.0,"[1599990.0,16.0,1024.0]","[2.515856552432694,1.2730794066257018,2.823653486792474]",1
1,5,959990.0,8,512.0,"[959990.0,8.0,512.0]","[1.5095076417789248,0.6365397033128509,1.411826743396237]",0
1,5,1699990.0,16,1024.0,"[1699990.0,16.0,1024.0]","[2.6730985697223453,1.2730794066257018,2.823653486792474]",1
1,5,1059990.0,8,512.0,"[1059990.0,8.0,512.0]","[1.6667496590685762,0.6365397033128509,1.411826743396237]",0
1,5,1729990.0,16,512.0,"[1729990.0,16.0,512.0]","[2.7202711749092408,1.2730794066257018,1.411826743396237]",0
1,5,469990.0,4,128.0,"[469990.0,4.0,128.0]","[0.7390217570596328,0.31826985165642546,0.35295668584905926]",0
1,5,999999.0,16,512.0,"[999999.0,16.0,512.0]","[1.5724186004763414,1.2730794066257018,1.411826743396237]",0
1,5,1029990.0,8,512.0,"[1029990.0,8.0,512.0]","[1.619577053881681,0.6365397033128509,1.411826743396237]",0
1,5,979990.0,16,512.0,"[979990.0,16.0,512.0]","[1.5409560452368551,1.2730794066257018,1.411826743396237]",0
0,5,1699990.0,16,512.0,"[1699990.0,16.0,512.0]","[2.6730985697223453,1.2730794066257018,1.411826743396237]",0
0,5,2199990.0,16,1024.0,"[2199990.0,16.0,1024.0]","[3.459308656170603,1.2730794066257018,2.823653486792474]",1
0,5,899990.0,8,1024.0,"[899990.0,8.0,1024.0]","[1.4151624314051339,0.6365397033128509,2.823653486792474]",0
0,5,1259990.0,16,512.0,"[1259990.0,16.0,512.0]","[1.9812336936478792,1.2730794066257018,1.411826743396237]",0
0,5,839990.0,16,512.0,"[839990.0,16.0,512.0]","[1.3208172210313431,1.2730794066257018,1.411826743396237]",0
0,5,1559990.0,16,1024.0,"[1559990.0,16.0,1024.0]","[2.4529597455168335,1.2730794066257018,2.823653486792474]",1
3,5,1299990.0,16,512.0,"[1299990.0,16.0,512.0]","[2.04413050056374,1.2730794066257018,1.411826743396237]",0
3,5,849990.0,8,512.0,"[849990.0,8.0,512.0]","[1.3365414227603083,0.6365397033128509,1.411826743396237]",0
1,5,2759990.0,16,1024.0,"[2759990.0,16.0,1024.0]","[4.33986395299265,1.2730794066257018,2.823653486792474]",1
1,5,1369990.0,8,256.0,"[1369990.0,8.0,256.0]","[2.154199912666496,0.6365397033128509,0.7059133716981185]",0
1,5,2879990.0,32,1024.0,"[2879990.0,32.0,1024.0]","[4.528554373740232,2.5461588132514037,2.823653486792474]",1
1,5,1219990.0,16,512.0,"[1219990.0,16.0,512.0]","[1.9183368867320185,1.2730794066257018,1.411826743396237]",0
1,5,1219990.0,8,256.0,"[1219990.0,8.0,256.0]","[1.9183368867320185,0.6365397033128509,0.7059133716981185]",0
1,5,1659990.0,8,512.0,"[1659990.0,8.0,512.0]","[2.610201762806485,0.6365397033128509,1.411826743396237]",0
24,5,1479990.0,16,256.0,"[1479990.0,16.0,256.0]","[2.327166131685112,1.2730794066257018,0.7059133716981185]",0
1,5,1349990.0,8,256.0,"[1349990.0,8.0,256.0]","[2.1227515092085656,0.6365397033128509,0.7059133716981185]",0
1,5,789990.0,4,256.0,"[789990.0,4.0,256.0]","[1.2421962123865173,0.31826985165642546,0.7059133716981185]",0
1,5,399990.0,8,512.0,"[399990.0,8.0,512.0]","[0.6289523449568768,0.6365397033128509,1.411826743396237]",0
1,5,3129990.0,8,512.0,"[3129990.0,8.0,512.0]","[4.921659416964361,0.6365397033128509,1.411826743396237]",1
1,5,1359990.0,16,512.0,"[1359990.0,16.0,512.0]","[2.1384757109375307,1.2730794066257018,1.411826743396237]",0
1,5,1189990.0,16,512.0,"[1189990.0,16.0,512.0]","[1.871164281545123,1.2730794066257018,1.411826743396237]",0
1,5,2569990.0,16,512.0,"[2569990.0,16.0,512.0]","[4.041104120142313,1.2730794066257018,1.411826743396237]",1
1,5,1739990.0,16,512.0,"[1739990.0,16.0,512.0]","[2.735995376638206,1.2730794066257018,1.411826743396237]",0
1,5,1699990.0,16,1024.0,"[1699990.0,16.0,1024.0]","[2.6730985697223453,1.2730794066257018,2.823653486792474]",1
1,5,1149990.0,8,512.0,"[1149990.0,8.0,512.0]","[1.8082674746292626,0.6365397033128509,1.411826743396237]",0
1,5,759990.0,16,256.0,"[759990.0,16.0,256.0]","[1.1950236071996219,1.2730794066257018,0.7059133716981185]",0
1,5,1159990.0,16,256.0,"[1159990.0,16.0,256.0]","[1.8239916763582278,1.2730794066257018,0.7059133716981185]",0
1,5,2579990.0,16,512.0,"[2579990.0,16.0,512.0]","[4.056828321871278,1.2730794066257018,1.411826743396237]",1
1,5,1259990.0,8,256.0,"[1259990.0,8.0,256.0]","[1.9812336936478792,0.6365397033128509,0.7059133716981185]",0
1,5,1599990.0,16,512.0,"[1599990.0,16.0,512.0]","[2.515856552432694,1.2730794066257018,1.411826743396237]",0
1,5,949990.0,8,512.0,"[949990.0,8.0,512.0]","[1.4937834400499597,0.6365397033128509,1.411826743396237]",0
1,5,1219990.0,8,512.0,"[1219990.0,8.0,512.0]","[1.9183368867320185,0.6365397033128509,1.411826743396237]",0
1,5,919990.0,8,256.0,"[919990.0,8.0,256.0]","[1.4466108348630642,0.6365397033128509,0.7059133716981185]",0
1,5,1369990.0,16,512.0,"[1369990.0,16.0,512.0]","[2.154199912666496,1.2730794066257018,1.411826743396237]",0
1,5,1229990.0,16,256.0,"[1229990.0,16.0,256.0]","[1.9340610884609837,1.2730794066257018,0.7059133716981185]",0
1,5,969990.0,8,512.0,"[969990.0,8.0,512.0]","[1.52523184350789,0.6365397033128509,1.411826743396237]",0
1,5,979990.0,8,512.0,"[979990.0,8.0,512.0]","[1.5409560452368551,0.6365397033128509,1.411826743396237]",0
1,5,2599990.0,16,1024.0,"[2599990.0,16.0,1024.0]","[4.088276725329209,1.2730794066257018,2.823653486792474]",1
5,2,879990.0,16,512.0,"[879990.0,16.0,512.0]","[1.3837140279472038,1.2730794066257018,1.411826743396237]",0
1,2,999990.0,5,512.0,"[999990.0,5.0,512.0]","[1.5724044486947855,0.39783731457053184,1.411826743396237]",0
5,2,679990.0,12,512.0,"[679990.0,12.0,512.0]","[1.0692299933679008,0.9548095549692763,1.411826743396237]",0
1,2,989990.0,16,512.0,"[989990.0,16.0,512.0]","[1.5566802469658203,1.2730794066257018,1.411826743396237]",0
0,2,649990.0,8,512.0,"[649990.0,8.0,512.0]","[1.0220573881810053,0.6365397033128509,1.411826743396237]",0
1,2,549990.0,8,512.0,"[549990.0,8.0,512.0]","[0.864815370891354,0.6365397033128509,1.411826743396237]",0
2,2,1397673.0,16,512.0,"[1397673.0,16.0,512.0]","[2.19772922031279,1.2730794066257018,1.411826743396237]",0
4,2,749990.0,8,512.0,"[749990.0,8.0,512.0]","[1.1792994054706567,0.6365397033128509,1.411826743396237]",0
2,2,539550.0,8,512.0,"[539550.0,8.0,512.0]","[0.8483993042863144,0.6365397033128509,1.411826743396237]",0
5,2,1849990.0,32,512.0,"[1849990.0,32.0,512.0]","[2.9089615956568227,2.5461588132514037,1.411826743396237]",1
1,2,529990.0,8,512.0,"[529990.0,8.0,512.0]","[0.8333669674334236,0.6365397033128509,1.411826743396237]",0
0,2,584990.0,8,512.0,"[584990.0,8.0,512.0]","[0.9198500769427319,0.6365397033128509,1.411826743396237]",0
0,2,479990.0,8,256.0,"[479990.0,8.0,256.0]","[0.754745958788598,0.6365397033128509,0.7059133716981185]",0
1,2,1339990.0,16,1024.0,"[1339990.0,16.0,1024.0]","[2.1070273074796004,1.2730794066257018,2.823653486792474]",1
21,2,279835.0,16,256.0,"[279835.0,16.0,256.0]","[0.4400181990824961,1.2730794066257018,0.7059133716981185]",0
2,2,1339990.0,32,512.0,"[1339990.0,32.0,512.0]","[2.1070273074796004,2.5461588132514037,1.411826743396237]",0
0,2,1579990.0,16,512.0,"[1579990.0,16.0,512.0]","[2.484408148974764,1.2730794066257018,1.411826743396237]",0
0,2,333241.0,4,128.0,"[333241.0,4.0,128.0]","[0.5239948708362073,0.31826985165642546,0.35295668584905926]",0
2,2,1629990.0,32,512.0,"[1629990.0,32.0,512.0]","[2.5630291576195896,2.5461588132514037,1.411826743396237]",1
0,2,548000.0,8,512.0,"[548000.0,8.0,512.0]","[0.8616862547472899,0.6365397033128509,1.411826743396237]",0
0,2,829990.0,8,512.0,"[829990.0,8.0,512.0]","[1.305093019302378,0.6365397033128509,1.411826743396237]",0
1,2,289990.0,8,256.0,"[289990.0,8.0,256.0]","[0.4559861259382602,0.6365397033128509,0.7059133716981185]",0
5,2,1499990.0,24,512.0,"[1499990.0,24.0,512.0]","[2.3586145351430425,1.9096191099385527,1.411826743396237]",0
0,2,1169990.0,16,1024.0,"[1169990.0,16.0,1024.0]","[1.839715878087193,1.2730794066257018,2.823653486792474]",1
0,2,617280.0,4,128.0,"[617280.0,4.0,128.0]","[0.9706235243255604,0.31826985165642546,0.35295668584905926]",0
0,2,479990.0,8,256.0,"[479990.0,8.0,256.0]","[0.754745958788598,0.6365397033128509,0.7059133716981185]",0
12,2,999990.0,16,512.0,"[999990.0,16.0,512.0]","[1.5724044486947855,1.2730794066257018,1.411826743396237]",0
0,2,1049990.0,16,512.0,"[1049990.0,16.0,512.0]","[1.651025457339611,1.2730794066257018,1.411826743396237]",0
0,2,1149990.0,16,1024.0,"[1149990.0,16.0,1024.0]","[1.8082674746292626,1.2730794066257018,2.823653486792474]",1
4,2,1299990.0,8,512.0,"[1299990.0,8.0,512.0]","[2.04413050056374,0.6365397033128509,1.411826743396237]",0
2,2,829990.0,16,512.0,"[829990.0,16.0,512.0]","[1.305093019302378,1.2730794066257018,1.411826743396237]",0
1,2,3599990.0,32,2048.0,"[3599990.0,32.0,2048.0]","[5.660696898225723,2.5461588132514037,5.647306973584948]",1
5,2,498827.0,16,512.0,"[498827.0,16.0,512.0]","[0.7843656375854495,1.2730794066257018,1.411826743396237]",0
1,5,1799990.0,32,1024.0,"[1799990.0,32.0,1024.0]","[2.830340587011997,2.5461588132514037,2.823653486792474]",1
0,5,2259990.0,32,1024.0,"[2259990.0,32.0,1024.0]","[3.5536538665443933,2.5461588132514037,2.823653486792474]",1
0,5,759990.0,8,256.0,"[759990.0,8.0,256.0]","[1.1950236071996219,0.6365397033128509,0.7059133716981185]",0
0,5,759990.0,8,512.0,"[759990.0,8.0,512.0]","[1.1950236071996219,0.6365397033128509,1.411826743396237]",0
0,5,1799990.0,32,1024.0,"[1799990.0,32.0,1024.0]","[2.830340587011997,2.5461588132514037,2.823653486792474]",1
0,5,2099990.0,32,512.0,"[2099990.0,32.0,512.0]","[3.302066638880951,2.5461588132514037,1.411826743396237]",1
0,5,659990.0,8,256.0,"[659990.0,8.0,256.0]","[1.0377815899099705,0.6365397033128509,0.7059133716981185]",0
0,5,1349990.0,16,512.0,"[1349990.0,16.0,512.0]","[2.1227515092085656,1.2730794066257018,1.411826743396237]",0
0,5,759990.0,8,512.0,"[759990.0,8.0,512.0]","[1.1950236071996219,0.6365397033128509,1.411826743396237]",0
0,5,999990.0,8,512.0,"[999990.0,8.0,512.0]","[1.5724044486947855,0.6365397033128509,1.411826743396237]",0
0,5,1599990.0,32,1024.0,"[1599990.0,32.0,1024.0]","[2.515856552432694,2.5461588132514037,2.823653486792474]",1
2,5,579990.0,8,256.0,"[579990.0,8.0,256.0]","[0.9119879760782493,0.6365397033128509,0.7059133716981185]",0
2,13,539990.0,16,512.0,"[539990.0,16.0,512.0]","[0.8490911691623888,1.2730794066257018,1.411826743396237]",0
1,13,699990.0,16,512.0,"[699990.0,16.0,512.0]","[1.1006783968258311,1.2730794066257018,1.411826743396237]",0
0,13,699990.0,16,512.0,"[699990.0,16.0,512.0]","[1.1006783968258311,1.2730794066257018,1.411826743396237]",0
2,13,429990.0,12,256.0,"[429990.0,12.0,256.0]","[0.6761249501437722,0.9548095549692763,0.7059133716981185]",0
2,13,599990.0,16,512.0,"[599990.0,16.0,512.0]","[0.9434363795361796,1.2730794066257018,1.411826743396237]",0
5,13,539990.0,16,1024.0,"[539990.0,16.0,1024.0]","[0.8490911691623888,1.2730794066257018,2.823653486792474]",0
2,13,699990.0,16,512.0,"[699990.0,16.0,512.0]","[1.1006783968258311,1.2730794066257018,1.411826743396237]",0
2,13,669990.0,16,512.0,"[669990.0,16.0,512.0]","[1.0535057916389357,1.2730794066257018,1.411826743396237]",0
5,13,719990.0,16,512.0,"[719990.0,16.0,512.0]","[1.1321268002837614,1.2730794066257018,1.411826743396237]",0
2,13,649990.0,16,512.0,"[649990.0,16.0,512.0]","[1.0220573881810053,1.2730794066257018,1.411826743396237]",0
0,13,649990.0,16,512.0,"[649990.0,16.0,512.0]","[1.0220573881810053,1.2730794066257018,1.411826743396237]",0
2,13,529990.0,16,512.0,"[529990.0,16.0,512.0]","[0.8333669674334236,1.2730794066257018,1.411826743396237]",0
1,13,699990.0,16,512.0,"[699990.0,16.0,512.0]","[1.1006783968258311,1.2730794066257018,1.411826743396237]",0
1,13,539990.0,16,256.0,"[539990.0,16.0,256.0]","[0.8490911691623888,1.2730794066257018,0.7059133716981185]",0
2,13,629990.0,16,512.0,"[629990.0,16.0,512.0]","[0.9906089847230751,1.2730794066257018,1.411826743396237]",0
1,13,519990.0,16,128.0,"[519990.0,16.0,128.0]","[0.8176427657044585,1.2730794066257018,0.35295668584905926]",0
2,13,459990.0,16,256.0,"[459990.0,16.0,256.0]","[0.7232975553306676,1.2730794066257018,0.7059133716981185]",0
1,13,469990.0,16,512.0,"[469990.0,16.0,512.0]","[0.7390217570596328,1.2730794066257018,1.411826743396237]",0
0,13,739990.0,16,512.0,"[739990.0,16.0,512.0]","[1.1635752037416918,1.2730794066257018,1.411826743396237]",0
1,13,739990.0,16,512.0,"[739990.0,16.0,512.0]","[1.1635752037416918,1.2730794066257018,1.411826743396237]",0
1,13,739990.0,16,512.0,"[739990.0,16.0,512.0]","[1.1635752037416918,1.2730794066257018,1.411826743396237]",0
0,13,799990.0,16,1024.0,"[799990.0,16.0,1024.0]","[1.2579204141154825,1.2730794066257018,2.823653486792474]",0
0,13,1499990.0,16,1024.0,"[1499990.0,16.0,1024.0]","[2.3586145351430425,1.2730794066257018,2.823653486792474]",1
5,13,1099990.0,32,512.0,"[1099990.0,32.0,512.0]","[1.7296464659844368,2.5461588132514037,1.411826743396237]",0
2,13,799990.0,16,512.0,"[799990.0,16.0,512.0]","[1.2579204141154825,1.2730794066257018,1.411826743396237]",0
2,13,799990.0,16,512.0,"[799990.0,16.0,512.0]","[1.2579204141154825,1.2730794066257018,1.411826743396237]",0
0,13,889990.0,32,512.0,"[889990.0,32.0,512.0]","[1.399438229676169,2.5461588132514037,1.411826743396237]",0
1,13,1899990.0,32,1024.0,"[1899990.0,32.0,1024.0]","[2.9875826043016485,2.5461588132514037,2.823653486792474]",1
1,13,999990.0,32,512.0,"[999990.0,32.0,512.0]","[1.5724044486947855,2.5461588132514037,1.411826743396237]",0
2,13,1599990.0,32,1024.0,"[1599990.0,32.0,1024.0]","[2.515856552432694,2.5461588132514037,2.823653486792474]",1
1,13,799990.0,16,512.0,"[799990.0,16.0,512.0]","[1.2579204141154825,1.2730794066257018,1.411826743396237]",0
0,7,809910.0,16,1024.0,"[809910.0,16.0,1024.0]","[1.273518822230616,1.2730794066257018,2.823653486792474]",0
1,7,349900.0,8,256.0,"[349900.0,8.0,256.0]","[0.5501898184964904,0.6365397033128509,0.7059133716981185]",0
0,7,674910.0,32,512.0,"[674910.0,32.0,512.0]","[1.0612420988895865,2.5461588132514037,1.411826743396237]",0
0,7,719900.0,8,500.0,"[719900.0,8.0,500.0]","[1.1319852824682006,0.6365397033128509,1.3787370540978878]",0
6,7,404910.0,16,500.0,"[404910.0,16.0,500.0]","[0.6366886522075277,1.2730794066257018,1.3787370540978878]",0
1,7,289900.0,8,240.0,"[289900.0,8.0,240.0]","[0.4558446081226995,0.6365397033128509,0.6617937859669861]",0
1,7,549990.0,8,512.0,"[549990.0,8.0,512.0]","[0.864815370891354,0.6365397033128509,1.411826743396237]",0
0,7,1980000.0,16,1024.0,"[1980000.0,16.0,1024.0]","[3.1133919423350984,1.2730794066257018,2.823653486792474]",1
8,7,1199000.0,16,1024.0,"[1199000.0,16.0,1024.0]","[1.8853317873029207,1.2730794066257018,2.823653486792474]",1
8,7,789900.0,16,480.0,"[789900.0,16.0,480.0]","[1.2420546945709567,1.2730794066257018,1.3235875719339723]",0
8,7,1190000.0,16,1024.0,"[1190000.0,16.0,1024.0]","[1.8711800057468522,1.2730794066257018,2.823653486792474]",1
2,10,1655980.0,32,1024.0,"[1655980.0,32.0,1024.0]","[2.60389635791317,2.5461588132514037,2.823653486792474]",1
0,10,1030422.0,8,512.0,"[1030422.0,8.0,512.0]","[1.620256339396372,0.6365397033128509,1.411826743396237]",0
1,10,986854.0,16,512.0,"[986854.0,16.0,512.0]","[1.5517491373036167,1.2730794066257018,1.411826743396237]",0
3,10,1120219.0,16,86.0,"[1120219.0,16.0,86.0]","[1.7614549536619604,1.2730794066257018,0.23714277330483668]",0
2,10,1103858.0,16,1024.0,"[1103858.0,16.0,1024.0]","[1.7357285872132007,1.2730794066257018,2.823653486792474]",0
2,10,1384507.0,16,512.0,"[1384507.0,16.0,512.0]","[2.1770267363164346,1.2730794066257018,1.411826743396237]",0
1,10,1570643.0,16,512.0,"[1570643.0,16.0,512.0]","[2.4697107376187,1.2730794066257018,1.411826743396237]",0
3,10,1752987.0,32,1024.0,"[1752987.0,32.0,1024.0]","[2.756432121625342,2.5461588132514037,2.823653486792474]",1
6,10,675064.0,8,512.0,"[675064.0,8.0,512.0]","[1.0614842515962126,0.6365397033128509,1.411826743396237]",0
0,10,1881301.0,32,2048.0,"[1881301.0,32.0,2048.0]","[2.9581956436903853,2.5461588132514037,5.647306973584948]",1
2,10,1619699.0,32,1024.0,"[1619699.0,32.0,1024.0]","[2.5468473816203114,2.5461588132514037,2.823653486792474]",1
2,10,611357.0,8,512.0,"[611357.0,8.0,512.0]","[0.9613100796414943,0.6365397033128509,1.411826743396237]",0
0,10,524503.0,8,256.0,"[524503.0,8.0,256.0]","[0.8247390979447404,0.6365397033128509,0.7059133716981185]",0
0,13,599990.0,16,512.0,"[599990.0,16.0,512.0]","[0.9434363795361796,1.2730794066257018,1.411826743396237]",0
0,13,699990.0,16,512.0,"[699990.0,16.0,512.0]","[1.1006783968258311,1.2730794066257018,1.411826743396237]",0
2,13,699990.0,16,512.0,"[699990.0,16.0,512.0]","[1.1006783968258311,1.2730794066257018,1.411826743396237]",0
1,13,539990.0,16,256.0,"[539990.0,16.0,256.0]","[0.8490911691623888,1.2730794066257018,0.7059133716981185]",0
2,13,769990.0,16,512.0,"[769990.0,16.0,512.0]","[1.210747808928587,1.2730794066257018,1.411826743396237]",0
8,13,639990.0,24,512.0,"[639990.0,24.0,512.0]","[1.0063331864520402,1.9096191099385527,1.411826743396237]",0
1,13,699990.0,16,128.0,"[699990.0,16.0,128.0]","[1.1006783968258311,1.2730794066257018,0.35295668584905926]",0
2,13,869990.0,16,512.0,"[869990.0,16.0,512.0]","[1.3679898262182386,1.2730794066257018,1.411826743396237]",0
0,13,799990.0,24,512.0,"[799990.0,24.0,512.0]","[1.2579204141154825,1.9096191099385527,1.411826743396237]",0
2,13,999990.0,24,512.0,"[999990.0,24.0,512.0]","[1.5724044486947855,1.9096191099385527,1.411826743396237]",0
2,13,899990.0,16,512.0,"[899990.0,16.0,512.0]","[1.4151624314051339,1.2730794066257018,1.411826743396237]",0
6,10,972871.0,16,512.0,"[972871.0,16.0,512.0]","[1.5297619860260048,1.2730794066257018,1.411826743396237]",0
1,10,1331107.0,7,1024.0,"[1331107.0,7.0,1024.0]","[2.0930594990837608,0.5569722403987446,2.823653486792474]",0
2,10,979258.0,16,512.0,"[979258.0,16.0,512.0]","[1.5398050336702949,1.2730794066257018,1.411826743396237]",0
0,10,3425418.0,64,1024.0,"[3425418.0,64.0,1024.0]","[5.386196363802832,5.092317626502807,2.823653486792474]",2
1,10,2107420.0,16,512.0,"[2107420.0,16.0,512.0]","[3.313749720765572,1.2730794066257018,1.411826743396237]",1
1,10,2058119.0,16,1024.0,"[2058119.0,16.0,1024.0]","[3.236227833821601,1.2730794066257018,2.823653486792474]",1
1,10,2247918.0,32,1024.0,"[2247918.0,32.0,1024.0]","[3.534671610217187,2.5461588132514037,2.823653486792474]",1
1,10,2635020.0,32,1024.0,"[2635020.0,32.0,1024.0]","[4.1433586039857735,2.5461588132514037,2.823653486792474]",1
0,9,949990.0,16,1024.0,"[949990.0,16.0,1024.0]","[1.4937834400499597,1.2730794066257018,2.823653486792474]",0
4,12,549990.0,8,512.0,"[549990.0,8.0,512.0]","[0.864815370891354,0.6365397033128509,1.411826743396237]",0
8,12,999990.0,16,512.0,"[999990.0,16.0,512.0]","[1.5724044486947855,1.2730794066257018,1.411826743396237]",0
8,12,2199990.0,32,1024.0,"[2199990.0,32.0,1024.0]","[3.459308656170603,2.5461588132514037,2.823653486792474]",1
4,12,549990.0,8,256.0,"[549990.0,8.0,256.0]","[0.864815370891354,0.6365397033128509,0.7059133716981185]",0
2,12,1699990.0,16,1024.0,"[1699990.0,16.0,1024.0]","[2.6730985697223453,1.2730794066257018,2.823653486792474]",1
1,12,499990.0,16,256.0,"[499990.0,16.0,256.0]","[0.7861943622465282,1.2730794066257018,0.7059133716981185]",0
8,12,1399990.0,16,512.0,"[1399990.0,16.0,512.0]","[2.201372517853391,1.2730794066257018,1.411826743396237]",0
1,12,599990.0,16,256.0,"[599990.0,16.0,256.0]","[0.9434363795361796,1.2730794066257018,0.7059133716981185]",0
4,12,529990.0,16,512.0,"[529990.0,16.0,512.0]","[0.8333669674334236,1.2730794066257018,1.411826743396237]",0
4,12,549990.0,8,256.0,"[549990.0,8.0,256.0]","[0.864815370891354,0.6365397033128509,0.7059133716981185]",0
3,12,349990.0,8,512.0,"[349990.0,8.0,512.0]","[0.5503313363120511,0.6365397033128509,1.411826743396237]",0
4,12,649990.0,16,256.0,"[649990.0,16.0,256.0]","[1.0220573881810053,1.2730794066257018,0.7059133716981185]",0
0,12,1399990.0,16,512.0,"[1399990.0,16.0,512.0]","[2.201372517853391,1.2730794066257018,1.411826743396237]",0
3,12,599990.0,32,512.0,"[599990.0,32.0,512.0]","[0.9434363795361796,2.5461588132514037,1.411826743396237]",0
8,12,1799990.0,16,1024.0,"[1799990.0,16.0,1024.0]","[2.830340587011997,1.2730794066257018,2.823653486792474]",1
8,12,1399990.0,16,512.0,"[1399990.0,16.0,512.0]","[2.201372517853391,1.2730794066257018,1.411826743396237]",0
1,12,1699990.0,32,2048.0,"[1699990.0,32.0,2048.0]","[2.6730985697223453,2.5461588132514037,5.647306973584948]",1
3,12,499990.0,16,512.0,"[499990.0,16.0,512.0]","[0.7861943622465282,1.2730794066257018,1.411826743396237]",0
5,12,1799990.0,16,1024.0,"[1799990.0,16.0,1024.0]","[2.830340587011997,1.2730794066257018,2.823653486792474]",1
5,12,849990.0,16,512.0,"[849990.0,16.0,512.0]","[1.3365414227603083,1.2730794066257018,1.411826743396237]",0
1,12,1399990.0,16,512.0,"[1399990.0,16.0,512.0]","[2.201372517853391,1.2730794066257018,1.411826743396237]",0
1,12,629990.0,16,256.0,"[629990.0,16.0,256.0]","[0.9906089847230751,1.2730794066257018,0.7059133716981185]",0
2,12,1549990.0,16,1024.0,"[1549990.0,16.0,1024.0]","[2.4372355437878683,1.2730794066257018,2.823653486792474]",1
1,12,599990.0,16,256.0,"[599990.0,16.0,256.0]","[0.9434363795361796,1.2730794066257018,0.7059133716981185]",0
4,12,749990.0,32,1024.0,"[749990.0,32.0,1024.0]","[1.1792994054706567,2.5461588132514037,2.823653486792474]",1
4,12,699990.0,8,512.0,"[699990.0,8.0,512.0]","[1.1006783968258311,0.6365397033128509,1.411826743396237]",0
1,12,349990.0,16,512.0,"[349990.0,16.0,512.0]","[0.5503313363120511,1.2730794066257018,1.411826743396237]",0
8,12,1999990.0,16,1024.0,"[1999990.0,16.0,1024.0]","[3.1448246215912996,1.2730794066257018,2.823653486792474]",1
2,12,699990.0,16,1024.0,"[699990.0,16.0,1024.0]","[1.1006783968258311,1.2730794066257018,2.823653486792474]",0
4,12,649990.0,8,512.0,"[649990.0,8.0,512.0]","[1.0220573881810053,0.6365397033128509,1.411826743396237]",0
0,12,549990.0,16,256.0,"[549990.0,16.0,256.0]","[0.864815370891354,1.2730794066257018,0.7059133716981185]",0
8,12,2999990.0,16,1024.0,"[2999990.0,16.0,1024.0]","[4.717244794487814,1.2730794066257018,2.823653486792474]",1
4,12,649990.0,16,1024.0,"[649990.0,16.0,1024.0]","[1.0220573881810053,1.2730794066257018,2.823653486792474]",0
1,12,1099990.0,16,512.0,"[1099990.0,16.0,512.0]","[1.7296464659844368,1.2730794066257018,1.411826743396237]",0
4,12,599990.0,16,256.0,"[599990.0,16.0,256.0]","[0.9434363795361796,1.2730794066257018,0.7059133716981185]",0
23,12,449990.0,16,256.0,"[449990.0,16.0,256.0]","[0.7075733536017025,1.2730794066257018,0.7059133716981185]",0
0,12,1599990.0,32,1024.0,"[1599990.0,32.0,1024.0]","[2.515856552432694,2.5461588132514037,2.823653486792474]",1
1,12,799990.0,16,512.0,"[799990.0,16.0,512.0]","[1.2579204141154825,1.2730794066257018,1.411826743396237]",0
4,12,849990.0,8,256.0,"[849990.0,8.0,256.0]","[1.3365414227603083,0.6365397033128509,0.7059133716981185]",0
1,12,599990.0,16,256.0,"[599990.0,16.0,256.0]","[0.9434363795361796,1.2730794066257018,0.7059133716981185]",0
0,12,449990.0,8,256.0,"[449990.0,8.0,256.0]","[0.7075733536017025,0.6365397033128509,0.7059133716981185]",0
4,12,649990.0,16,512.0,"[649990.0,16.0,512.0]","[1.0220573881810053,1.2730794066257018,1.411826743396237]",0
3,12,319990.0,8,256.0,"[319990.0,8.0,256.0]","[0.5031587311251556,0.6365397033128509,0.7059133716981185]",0
4,12,649990.0,16,1024.0,"[649990.0,16.0,1024.0]","[1.0220573881810053,1.2730794066257018,2.823653486792474]",0
1,12,799990.0,16,512.0,"[799990.0,16.0,512.0]","[1.2579204141154825,1.2730794066257018,1.411826743396237]",0
0,15,529990.0,8,512.0,"[529990.0,8.0,512.0]","[0.8333669674334236,0.6365397033128509,1.411826743396237]",0
0,15,579990.0,12,512.0,"[579990.0,12.0,512.0]","[0.9119879760782493,0.9548095549692763,1.411826743396237]",0
1,15,699990.0,16,512.0,"[699990.0,16.0,512.0]","[1.1006783968258311,1.2730794066257018,1.411826743396237]",0
8,15,699990.0,16,512.0,"[699990.0,16.0,512.0]","[1.1006783968258311,1.2730794066257018,1.411826743396237]",0
2,15,739990.0,12,512.0,"[739990.0,12.0,512.0]","[1.1635752037416918,0.9548095549692763,1.411826743396237]",0
0,15,949990.0,16,512.0,"[949990.0,16.0,512.0]","[1.4937834400499597,1.2730794066257018,1.411826743396237]",0
5,15,999990.0,16,512.0,"[999990.0,16.0,512.0]","[1.5724044486947855,1.2730794066257018,1.411826743396237]",0
3,15,1099990.0,32,256.0,"[1099990.0,32.0,256.0]","[1.7296464659844368,2.5461588132514037,0.7059133716981185]",0
8,15,1199990.0,16,512.0,"[1199990.0,16.0,512.0]","[1.8868884832740882,1.2730794066257018,1.411826743396237]",0
48,15,1199990.0,16,1024.0,"[1199990.0,16.0,1024.0]","[1.8868884832740882,1.2730794066257018,2.823653486792474]",1
8,15,1299990.0,32,1024.0,"[1299990.0,32.0,1024.0]","[2.04413050056374,2.5461588132514037,2.823653486792474]",1
0,15,1599990.0,16,1024.0,"[1599990.0,16.0,1024.0]","[2.515856552432694,1.2730794066257018,2.823653486792474]",1
0,15,1599990.0,32,1024.0,"[1599990.0,32.0,1024.0]","[2.515856552432694,2.5461588132514037,2.823653486792474]",1
2,15,1699990.0,32,1024.0,"[1699990.0,32.0,1024.0]","[2.6730985697223453,2.5461588132514037,2.823653486792474]",1
1,15,1799990.0,16,1024.0,"[1799990.0,16.0,1024.0]","[2.830340587011997,1.2730794066257018,2.823653486792474]",1
1,15,1799990.0,32,1024.0,"[1799990.0,32.0,1024.0]","[2.830340587011997,2.5461588132514037,2.823653486792474]",1
0,15,1899990.0,32,1024.0,"[1899990.0,32.0,1024.0]","[2.9875826043016485,2.5461588132514037,2.823653486792474]",1
1,15,1999990.0,32,1024.0,"[1999990.0,32.0,1024.0]","[3.1448246215912996,2.5461588132514037,2.823653486792474]",1
0,15,1999990.0,32,1024.0,"[1999990.0,32.0,1024.0]","[3.1448246215912996,2.5461588132514037,2.823653486792474]",1
2,15,1999990.0,16,1024.0,"[1999990.0,16.0,1024.0]","[3.1448246215912996,1.2730794066257018,2.823653486792474]",1
8,15,2099990.0,16,512.0,"[2099990.0,16.0,512.0]","[3.302066638880951,1.2730794066257018,1.411826743396237]",1
0,8,402990.0,8,256.0,"[402990.0,8.0,256.0]","[0.6336696054755663,0.6365397033128509,0.7059133716981185]",0
0,8,504990.0,8,512.0,"[504990.0,8.0,512.0]","[0.7940564631110107,0.6365397033128509,1.411826743396237]",0
0,8,549990.0,8,512.0,"[549990.0,8.0,512.0]","[0.864815370891354,0.6365397033128509,1.411826743396237]",0
0,8,610990.0,8,512.0,"[610990.0,8.0,512.0]","[0.9607330014380413,0.6365397033128509,1.411826743396237]",0
0,8,614990.0,8,512.0,"[614990.0,8.0,512.0]","[0.9670226821296274,0.6365397033128509,1.411826743396237]",0
3,8,653990.0,8,512.0,"[653990.0,8.0,512.0]","[1.0283470688725915,0.6365397033128509,1.411826743396237]",0
0,8,656990.0,16,512.0,"[656990.0,16.0,512.0]","[1.033064329391281,1.2730794066257018,1.411826743396237]",0
0,8,684990.0,16,512.0,"[684990.0,16.0,512.0]","[1.0770920942323834,1.2730794066257018,1.411826743396237]",0
3,8,692990.0,8,512.0,"[692990.0,8.0,512.0]","[1.0896714556155556,0.6365397033128509,1.411826743396237]",0
0,8,784990.0,8,512.0,"[784990.0,8.0,512.0]","[1.2343341115220348,0.6365397033128509,1.411826743396237]",0
0,8,803990.0,16,512.0,"[803990.0,16.0,512.0]","[1.2642100948070687,1.2730794066257018,1.411826743396237]",0
0,8,836990.0,8,512.0,"[836990.0,8.0,512.0]","[1.3160999605126535,0.6365397033128509,1.411826743396237]",0
3,8,868990.0,8,512.0,"[868990.0,8.0,512.0]","[1.366417406045342,0.6365397033128509,1.411826743396237]",0
0,8,890990.0,16,512.0,"[890990.0,16.0,512.0]","[1.4010106498490653,1.2730794066257018,1.411826743396237]",0
1,8,896990.0,8,512.0,"[896990.0,8.0,512.0]","[1.4104451708864445,0.6365397033128509,1.411826743396237]",0
0,8,909990.0,16,512.0,"[909990.0,16.0,512.0]","[1.430886633134099,1.2730794066257018,1.411826743396237]",0
3,8,937990.0,16,512.0,"[937990.0,16.0,512.0]","[1.4749143979752015,1.2730794066257018,1.411826743396237]",0
3,8,1024990.0,16,512.0,"[1024990.0,16.0,512.0]","[1.6117149530171984,1.2730794066257018,1.411826743396237]",0
0,8,1025990.0,16,512.0,"[1025990.0,16.0,512.0]","[1.6132873731900947,1.2730794066257018,1.411826743396237]",0
1,8,1041990.0,16,512.0,"[1041990.0,16.0,512.0]","[1.638446095956439,1.2730794066257018,1.411826743396237]",0
3,8,1093990.0,16,512.0,"[1093990.0,16.0,512.0]","[1.7202119449470576,1.2730794066257018,1.411826743396237]",0
0,8,1124990.0,16,512.0,"[1124990.0,16.0,512.0]","[1.7689569703068497,1.2730794066257018,1.411826743396237]",0
0,8,1129990.0,16,512.0,"[1129990.0,16.0,512.0]","[1.7768190711713323,1.2730794066257018,1.411826743396237]",0
1,8,1146990.0,16,512.0,"[1146990.0,16.0,512.0]","[1.803550214110573,1.2730794066257018,1.411826743396237]",0
0,8,1148990.0,32,512.0,"[1148990.0,32.0,512.0]","[1.806695054456366,2.5461588132514037,1.411826743396237]",0
1,8,1190990.0,32,1024.0,"[1190990.0,32.0,1024.0]","[1.8727367017180196,2.5461588132514037,2.823653486792474]",1
3,8,1197990.0,16,512.0,"[1197990.0,16.0,512.0]","[1.8837436429282952,1.2730794066257018,1.411826743396237]",0
3,8,1224990.0,16,512.0,"[1224990.0,16.0,512.0]","[1.926198987596501,1.2730794066257018,1.411826743396237]",0
0,9,1700990.0,32,1024.0,"[1700990.0,32.0,1024.0]","[2.674670989895242,2.5461588132514037,2.823653486792474]",1
0,9,879990.0,8,512.0,"[879990.0,8.0,512.0]","[1.3837140279472038,0.6365397033128509,1.411826743396237]",0
0,9,1799990.0,32,1024.0,"[1799990.0,32.0,1024.0]","[2.830340587011997,2.5461588132514037,2.823653486792474]",1
1,8,1299990.0,16,512.0,"[1299990.0,16.0,512.0]","[2.04413050056374,1.2730794066257018,1.411826743396237]",0
0,8,1428990.0,32,1024.0,"[1428990.0,32.0,1024.0]","[2.24697270286739,2.5461588132514037,2.823653486792474]",1
1,8,1563990.0,16,1024.0,"[1563990.0,16.0,1024.0]","[2.4592494262084195,1.2730794066257018,2.823653486792474]",1
0,8,1646990.0,16,512.0,"[1646990.0,16.0,512.0]","[2.5897603005588303,1.2730794066257018,1.411826743396237]",0
0,8,1844990.0,16,512.0,"[1844990.0,16.0,512.0]","[2.90109949479234,1.2730794066257018,1.411826743396237]",0
0,8,2012990.0,32,1024.0,"[2012990.0,32.0,1024.0]","[3.1652660838389544,2.5461588132514037,2.823653486792474]",1
0,8,2178990.0,32,1024.0,"[2178990.0,32.0,1024.0]","[3.4262878325397756,2.5461588132514037,2.823653486792474]",1
0,8,2206990.0,32,1024.0,"[2206990.0,32.0,1024.0]","[3.4703155973808784,2.5461588132514037,2.823653486792474]",1
0,8,2272990.0,32,512.0,"[2272990.0,32.0,512.0]","[3.574095328792048,2.5461588132514037,1.411826743396237]",1
3,8,2369990.0,32,1024.0,"[2369990.0,32.0,1024.0]","[3.72662008556301,2.5461588132514037,2.823653486792474]",1
0,8,2537990.0,32,1024.0,"[2537990.0,32.0,1024.0]","[3.9907866746096246,2.5461588132514037,2.823653486792474]",1
1,0,1799990.0,32,1024.0,"[1799990.0,32.0,1024.0]","[2.830340587011997,2.5461588132514037,2.823653486792474]",1
1,0,1999990.0,32,512.0,"[1999990.0,32.0,512.0]","[3.1448246215912996,2.5461588132514037,1.411826743396237]",1
4,0,899990.0,16,512.0,"[899990.0,16.0,512.0]","[1.4151624314051339,1.2730794066257018,1.411826743396237]",0
3,0,989990.0,32,1024.0,"[989990.0,32.0,1024.0]","[1.5566802469658203,2.5461588132514037,2.823653486792474]",1
0,18,269990.0,8,256.0,"[269990.0,8.0,256.0]","[0.4245377224803299,0.6365397033128509,0.7059133716981185]",0
3,18,274990.0,8,256.0,"[274990.0,8.0,256.0]","[0.4323998233448125,0.6365397033128509,0.7059133716981185]",0
3,18,289990.0,16,256.0,"[289990.0,16.0,256.0]","[0.4559861259382602,1.2730794066257018,0.7059133716981185]",0
3,18,329990.0,8,512.0,"[329990.0,8.0,512.0]","[0.5188829328541208,0.6365397033128509,1.411826743396237]",0
3,18,349990.0,16,512.0,"[349990.0,16.0,512.0]","[0.5503313363120511,1.2730794066257018,1.411826743396237]",0
0,18,379990.0,8,256.0,"[379990.0,8.0,256.0]","[0.5975039414989465,0.6365397033128509,0.7059133716981185]",0
1,18,389990.0,8,256.0,"[389990.0,8.0,256.0]","[0.6132281432279116,0.6365397033128509,0.7059133716981185]",0
2,18,393990.0,8,256.0,"[393990.0,8.0,256.0]","[0.6195178239194977,0.6365397033128509,0.7059133716981185]",0
1,18,394990.0,8,256.0,"[394990.0,8.0,256.0]","[0.6210902440923942,0.6365397033128509,0.7059133716981185]",0
0,18,399990.0,8,512.0,"[399990.0,8.0,512.0]","[0.6289523449568768,0.6365397033128509,1.411826743396237]",0
0,18,409990.0,8,512.0,"[409990.0,8.0,512.0]","[0.644676546685842,0.6365397033128509,1.411826743396237]",0
3,18,415990.0,8,512.0,"[415990.0,8.0,512.0]","[0.654111067723221,0.6365397033128509,1.411826743396237]",0
0,18,419990.0,8,512.0,"[419990.0,8.0,512.0]","[0.6604007484148071,0.6365397033128509,1.411826743396237]",0
1,18,429990.0,8,512.0,"[429990.0,8.0,512.0]","[0.6761249501437722,0.6365397033128509,1.411826743396237]",0
1,18,429990.0,8,512.0,"[429990.0,8.0,512.0]","[0.6761249501437722,0.6365397033128509,1.411826743396237]",0
2,18,429990.0,8,512.0,"[429990.0,8.0,512.0]","[0.6761249501437722,0.6365397033128509,1.411826743396237]",0
0,18,429990.0,8,512.0,"[429990.0,8.0,512.0]","[0.6761249501437722,0.6365397033128509,1.411826743396237]",0
0,18,439990.0,8,256.0,"[439990.0,8.0,256.0]","[0.6918491518727373,0.6365397033128509,0.7059133716981185]",0
0,18,469990.0,8,512.0,"[469990.0,8.0,512.0]","[0.7390217570596328,0.6365397033128509,1.411826743396237]",0
4,0,3292990.0,36,1024.0,"[3292990.0,36.0,1024.0]","[5.177963905146493,2.864428664907829,2.823653486792474]",1
4,0,1902990.0,24,512.0,"[1902990.0,24.0,512.0]","[2.992299864820338,1.9096191099385527,1.411826743396237]",1
1,23,1089990.0,16,512.0,"[1089990.0,16.0,512.0]","[1.7139222642554717,1.2730794066257018,1.411826743396237]",0
3,23,1015990.0,16,512.0,"[1015990.0,16.0,512.0]","[1.5975631714611296,1.2730794066257018,1.411826743396237]",0
2,23,889990.0,16,512.0,"[889990.0,16.0,512.0]","[1.399438229676169,1.2730794066257018,1.411826743396237]",0
2,23,871990.0,16,512.0,"[871990.0,16.0,512.0]","[1.3711346665640316,1.2730794066257018,1.411826743396237]",0
2,23,839990.0,16,512.0,"[839990.0,16.0,512.0]","[1.3208172210313431,1.2730794066257018,1.411826743396237]",0
3,23,795990.0,8,512.0,"[795990.0,8.0,512.0]","[1.2516307334238965,0.6365397033128509,1.411826743396237]",0
0,23,745990.0,16,512.0,"[745990.0,16.0,512.0]","[1.1730097247790707,1.2730794066257018,1.411826743396237]",0
8,23,697990.0,16,512.0,"[697990.0,16.0,512.0]","[1.0975335564800381,1.2730794066257018,1.411826743396237]",0
0,23,579990.0,8,512.0,"[579990.0,8.0,512.0]","[0.9119879760782493,0.6365397033128509,1.411826743396237]",0
2,21,888362.0,16,512.0,"[888362.0,16.0,512.0]","[1.3968783296346934,1.2730794066257018,1.411826743396237]",0
0,22,385478.0,8,512.0,"[385478.0,8.0,512.0]","[0.6061333834078025,0.6365397033128509,1.411826743396237]",0
2,22,614495.0,8,512.0,"[614495.0,8.0,512.0]","[0.9662443341440436,0.6365397033128509,1.411826743396237]",0
0,22,426063.0,8,256.0,"[426063.0,8.0,256.0]","[0.6699500561248076,0.6365397033128509,0.7059133716981185]",0
3,22,1152216.0,16,512.0,"[1152216.0,16.0,512.0]","[1.8117676819341302,1.2730794066257018,1.411826743396237]",0
1,25,1789990.0,32,1024.0,"[1789990.0,32.0,1024.0]","[2.8146163852830317,2.5461588132514037,2.823653486792474]",1
1,25,2579990.0,16,1024.0,"[2579990.0,16.0,1024.0]","[4.056828321871278,1.2730794066257018,2.823653486792474]",1
0,25,1965990.0,32,1024.0,"[1965990.0,32.0,1024.0]","[3.091362335712818,2.5461588132514037,2.823653486792474]",1
0,25,1954990.0,32,1024.0,"[1954990.0,32.0,1024.0]","[3.0740657138109566,2.5461588132514037,2.823653486792474]",1
0,25,2549990.0,32,512.0,"[2549990.0,32.0,512.0]","[4.0096557166843825,2.5461588132514037,1.411826743396237]",1
1,5,1099990.0,16,512.0,"[1099990.0,16.0,512.0]","[1.7296464659844368,1.2730794066257018,1.411826743396237]",0
1,5,1599990.0,16,512.0,"[1599990.0,16.0,512.0]","[2.515856552432694,1.2730794066257018,1.411826743396237]",0
1,5,599990.0,8,512.0,"[599990.0,8.0,512.0]","[0.9434363795361796,0.6365397033128509,1.411826743396237]",0
2,5,579990.0,8,256.0,"[579990.0,8.0,256.0]","[0.9119879760782493,0.6365397033128509,0.7059133716981185]",0
1,5,1999990.0,32,512.0,"[1999990.0,32.0,512.0]","[3.1448246215912996,2.5461588132514037,1.411826743396237]",1
1,5,999990.0,8,256.0,"[999990.0,8.0,256.0]","[1.5724044486947855,0.6365397033128509,0.7059133716981185]",0
1,5,1699990.0,8,512.0,"[1699990.0,8.0,512.0]","[2.6730985697223453,0.6365397033128509,1.411826743396237]",0
1,5,1949990.0,16,1024.0,"[1949990.0,16.0,1024.0]","[3.0662036129464743,1.2730794066257018,2.823653486792474]",1
1,5,1099990.0,16,512.0,"[1099990.0,16.0,512.0]","[1.7296464659844368,1.2730794066257018,1.411826743396237]",0
1,5,1599990.0,16,512.0,"[1599990.0,16.0,512.0]","[2.515856552432694,1.2730794066257018,1.411826743396237]",0
1,5,1099990.0,16,512.0,"[1099990.0,16.0,512.0]","[1.7296464659844368,1.2730794066257018,1.411826743396237]",0
1,5,1799990.0,16,1024.0,"[1799990.0,16.0,1024.0]","[2.830340587011997,1.2730794066257018,2.823653486792474]",1
1,5,1999990.0,16,512.0,"[1999990.0,16.0,512.0]","[3.1448246215912996,1.2730794066257018,1.411826743396237]",1
1,5,899990.0,16,512.0,"[899990.0,16.0,512.0]","[1.4151624314051339,1.2730794066257018,1.411826743396237]",0
1,5,2089990.0,32,512.0,"[2089990.0,32.0,512.0]","[3.286342437151986,2.5461588132514037,1.411826743396237]",1
1,5,1399990.0,16,512.0,"[1399990.0,16.0,512.0]","[2.201372517853391,1.2730794066257018,1.411826743396237]",0
1,5,1099990.0,16,512.0,"[1099990.0,16.0,512.0]","[1.7296464659844368,1.2730794066257018,1.411826743396237]",0
1,5,799990.0,8,512.0,"[799990.0,8.0,512.0]","[1.2579204141154825,0.6365397033128509,1.411826743396237]",0
1,5,1179990.0,16,512.0,"[1179990.0,16.0,512.0]","[1.8554400798161579,1.2730794066257018,1.411826743396237]",0
1,1,914990.0,16,512.0,"[914990.0,16.0,512.0]","[1.4387487339985816,1.2730794066257018,1.411826743396237]",0
0,1,867990.0,8,512.0,"[867990.0,8.0,512.0]","[1.3648449858724454,0.6365397033128509,1.411826743396237]",0
3,1,1161990.0,16,512.0,"[1161990.0,16.0,512.0]","[1.8271365167040208,1.2730794066257018,1.411826743396237]",0
0,1,699990.0,16,1024.0,"[699990.0,16.0,1024.0]","[1.1006783968258311,1.2730794066257018,2.823653486792474]",0
3,1,607990.0,8,512.0,"[607990.0,8.0,512.0]","[0.9560157409193518,0.6365397033128509,1.411826743396237]",0
3,1,756990.0,16,512.0,"[756990.0,16.0,512.0]","[1.1903063466809325,1.2730794066257018,1.411826743396237]",0
1,1,787990.0,16,512.0,"[787990.0,16.0,512.0]","[1.2390513720407244,1.2730794066257018,1.411826743396237]",0
1,1,1045990.0,16,512.0,"[1045990.0,16.0,512.0]","[1.644735776648025,1.2730794066257018,1.411826743396237]",0
1,1,1163990.0,16,512.0,"[1163990.0,16.0,512.0]","[1.8302813570498138,1.2730794066257018,1.411826743396237]",0
3,1,970990.0,16,512.0,"[970990.0,16.0,512.0]","[1.5268042636807866,1.2730794066257018,1.411826743396237]",0
2,1,830990.0,16,512.0,"[830990.0,16.0,512.0]","[1.3066654394752746,1.2730794066257018,1.411826743396237]",0
1,1,663990.0,8,512.0,"[663990.0,8.0,512.0]","[1.0440712706015565,0.6365397033128509,1.411826743396237]",0
1,1,776990.0,16,512.0,"[776990.0,16.0,512.0]","[1.2217547501388628,1.2730794066257018,1.411826743396237]",0
1,1,1380990.0,32,512.0,"[1380990.0,32.0,512.0]","[2.1714965345683575,2.5461588132514037,1.411826743396237]",0
1,1,2255990.0,16,1024.0,"[2255990.0,16.0,1024.0]","[3.5473641858528073,1.2730794066257018,2.823653486792474]",1
0,1,480990.0,8,512.0,"[480990.0,8.0,512.0]","[0.7563183789614945,0.6365397033128509,1.411826743396237]",0
3,1,2284990.0,32,1024.0,"[2284990.0,32.0,1024.0]","[3.5929643708668064,2.5461588132514037,2.823653486792474]",1
0,1,515990.0,8,512.0,"[515990.0,8.0,512.0]","[0.8113530850128724,0.6365397033128509,1.411826743396237]",0
0,1,825990.0,16,512.0,"[825990.0,16.0,512.0]","[1.298803338610792,1.2730794066257018,1.411826743396237]",0
3,1,1502990.0,32,1024.0,"[1502990.0,32.0,1024.0]","[2.363331795661732,2.5461588132514037,2.823653486792474]",1
1,1,921990.0,16,512.0,"[921990.0,16.0,512.0]","[1.4497556752088572,1.2730794066257018,1.411826743396237]",0
1,1,1809990.0,32,1024.0,"[1809990.0,32.0,1024.0]","[2.846064788740962,2.5461588132514037,2.823653486792474]",1
1,1,1260990.0,16,512.0,"[1260990.0,16.0,512.0]","[1.9828061138207758,1.2730794066257018,1.411826743396237]",0
3,1,1800990.0,32,1024.0,"[1800990.0,32.0,1024.0]","[2.8319130071848932,2.5461588132514037,2.823653486792474]",1
2,1,1165990.0,16,512.0,"[1165990.0,16.0,512.0]","[1.8334261973956067,1.2730794066257018,1.411826743396237]",0
2,1,1333990.0,16,1024.0,"[1333990.0,16.0,1024.0]","[2.0975927864422212,1.2730794066257018,2.823653486792474]",1
1,1,1211990.0,16,512.0,"[1211990.0,16.0,512.0]","[1.9057575253488463,1.2730794066257018,1.411826743396237]",0
1,1,1176990.0,16,512.0,"[1176990.0,16.0,512.0]","[1.8507228192974685,1.2730794066257018,1.411826743396237]",0
1,1,2551990.0,16,1024.0,"[2551990.0,16.0,1024.0]","[4.012800557030176,1.2730794066257018,2.823653486792474]",1
0,1,1938990.0,32,512.0,"[1938990.0,32.0,512.0]","[3.0489069910446123,2.5461588132514037,1.411826743396237]",1
0,1,1129990.0,8,512.0,"[1129990.0,8.0,512.0]","[1.7768190711713323,0.6365397033128509,1.411826743396237]",0
0,1,2446990.0,32,512.0,"[2446990.0,32.0,512.0]","[3.8476964388760417,2.5461588132514037,1.411826743396237]",1
2,1,807990.0,16,512.0,"[807990.0,16.0,512.0]","[1.2704997754986547,1.2730794066257018,1.411826743396237]",0
2,1,765990.0,8,512.0,"[765990.0,8.0,512.0]","[1.204458128237001,0.6365397033128509,1.411826743396237]",0
2,1,799990.0,8,512.0,"[799990.0,8.0,512.0]","[1.2579204141154825,0.6365397033128509,1.411826743396237]",0
0,1,649990.0,16,1024.0,"[649990.0,16.0,1024.0]","[1.0220573881810053,1.2730794066257018,2.823653486792474]",0
0,1,369990.0,16,512.0,"[369990.0,16.0,512.0]","[0.5817797397699813,1.2730794066257018,1.411826743396237]",0
0,1,538990.0,16,512.0,"[538990.0,16.0,512.0]","[0.8475187489894923,1.2730794066257018,1.411826743396237]",0
0,1,299990.0,16,256.0,"[299990.0,16.0,256.0]","[0.47171032766722537,1.2730794066257018,0.7059133716981185]",0
2,1,2499990.0,32,1024.0,"[2499990.0,32.0,1024.0]","[3.931034708039557,2.5461588132514037,2.823653486792474]",1
2,1,1307990.0,16,512.0,"[1307990.0,16.0,512.0]","[2.0567098619469117,1.2730794066257018,1.411826743396237]",0
0,1,369990.0,16,512.0,"[369990.0,16.0,512.0]","[0.5817797397699813,1.2730794066257018,1.411826743396237]",0
2,1,799990.0,16,1024.0,"[799990.0,16.0,1024.0]","[1.2579204141154825,1.2730794066257018,2.823653486792474]",0
0,1,278990.0,8,256.0,"[278990.0,8.0,256.0]","[0.43868950403639856,0.6365397033128509,0.7059133716981185]",0
0,1,369990.0,16,512.0,"[369990.0,16.0,512.0]","[0.5817797397699813,1.2730794066257018,1.411826743396237]",0
0,1,383990.0,8,512.0,"[383990.0,8.0,512.0]","[0.6037936221905326,0.6365397033128509,1.411826743396237]",0
3,1,529990.0,16,1024.0,"[529990.0,16.0,1024.0]","[0.8333669674334236,1.2730794066257018,2.823653486792474]",0
0,1,399990.0,16,1024.0,"[399990.0,16.0,1024.0]","[0.6289523449568768,1.2730794066257018,2.823653486792474]",0
0,1,287990.0,8,256.0,"[287990.0,8.0,256.0]","[0.45284128559246717,0.6365397033128509,0.7059133716981185]",0
0,1,369990.0,8,256.0,"[369990.0,8.0,256.0]","[0.5817797397699813,0.6365397033128509,0.7059133716981185]",0
0,1,559990.0,8,256.0,"[559990.0,8.0,256.0]","[0.8805395726203191,0.6365397033128509,0.7059133716981185]",0
0,1,499990.0,16,1024.0,"[499990.0,16.0,1024.0]","[0.7861943622465282,1.2730794066257018,2.823653486792474]",0
0,1,508990.0,16,512.0,"[508990.0,16.0,512.0]","[0.8003461438025968,1.2730794066257018,1.411826743396237]",0
0,1,469990.0,8,512.0,"[469990.0,8.0,512.0]","[0.7390217570596328,0.6365397033128509,1.411826743396237]",0
1,1,329990.0,8,256.0,"[329990.0,8.0,256.0]","[0.5188829328541208,0.6365397033128509,0.7059133716981185]",0
2,1,1554990.0,16,512.0,"[1554990.0,16.0,512.0]","[2.4450976446523507,1.2730794066257018,1.411826743396237]",0
2,1,978990.0,16,512.0,"[978990.0,16.0,512.0]","[1.5393836250639585,1.2730794066257018,1.411826743396237]",0
0,1,515990.0,8,256.0,"[515990.0,8.0,256.0]","[0.8113530850128724,0.6365397033128509,0.7059133716981185]",0
0,1,1364990.0,16,512.0,"[1364990.0,16.0,512.0]","[2.146337811802013,1.2730794066257018,1.411826743396237]",0
1,1,349990.0,8,256.0,"[349990.0,8.0,256.0]","[0.5503313363120511,0.6365397033128509,0.7059133716981185]",0
0,1,1940990.0,16,1024.0,"[1940990.0,16.0,1024.0]","[3.0520518313904055,1.2730794066257018,2.823653486792474]",1
10,1,3617990.0,32,1024.0,"[3617990.0,32.0,1024.0]","[5.68900046133786,2.5461588132514037,2.823653486792474]",1
0,1,1882990.0,16,512.0,"[1882990.0,16.0,512.0]","[2.9608514613624077,1.2730794066257018,1.411826743396237]",0
0,1,979990.0,16,512.0,"[979990.0,16.0,512.0]","[1.5409560452368551,1.2730794066257018,1.411826743396237]",0
10,1,908990.0,8,512.0,"[908990.0,8.0,512.0]","[1.4293142129612026,0.6365397033128509,1.411826743396237]",0
0,1,689990.0,8,256.0,"[689990.0,8.0,256.0]","[1.084954195096866,0.6365397033128509,0.7059133716981185]",0
3,1,1015990.0,8,256.0,"[1015990.0,8.0,256.0]","[1.5975631714611296,0.6365397033128509,0.7059133716981185]",0
1,1,1730990.0,16,512.0,"[1730990.0,16.0,512.0]","[2.7218435950821376,1.2730794066257018,1.411826743396237]",0
0,1,477990.0,8,256.0,"[477990.0,8.0,256.0]","[0.7516011184428049,0.6365397033128509,0.7059133716981185]",0
0,1,1111990.0,8,512.0,"[1111990.0,8.0,512.0]","[1.748515508059195,0.6365397033128509,1.411826743396237]",0
0,1,734990.0,8,256.0,"[734990.0,8.0,256.0]","[1.1557131028772092,0.6365397033128509,0.7059133716981185]",0
3,1,627990.0,8,256.0,"[627990.0,8.0,256.0]","[0.987464144377282,0.6365397033128509,0.7059133716981185]",0
0,1,764990.0,8,256.0,"[764990.0,8.0,256.0]","[1.2028857080641044,0.6365397033128509,0.7059133716981185]",0
0,1,736990.0,8,512.0,"[736990.0,8.0,512.0]","[1.1588579432230022,0.6365397033128509,1.411826743396237]",0
0,1,802990.0,8,512.0,"[802990.0,8.0,512.0]","[1.262637674634172,0.6365397033128509,1.411826743396237]",0
0,1,862990.0,8,256.0,"[862990.0,8.0,256.0]","[1.356982885007963,0.6365397033128509,0.7059133716981185]",0
1,1,875990.0,4,256.0,"[875990.0,4.0,256.0]","[1.3774243472556176,0.31826985165642546,0.7059133716981185]",0
0,1,305990.0,4,500.0,"[305990.0,4.0,500.0]","[0.48114484870460444,0.31826985165642546,1.3787370540978878]",0
3,1,420990.0,8,256.0,"[420990.0,8.0,256.0]","[0.6619731685877036,0.6365397033128509,0.7059133716981185]",0
2,1,364990.0,4,256.0,"[364990.0,4.0,256.0]","[0.5739176389054987,0.31826985165642546,0.7059133716981185]",0
10,1,1092990.0,16,512.0,"[1092990.0,16.0,512.0]","[1.7186395247741613,1.2730794066257018,1.411826743396237]",0
0,1,582990.0,4,1024.0,"[582990.0,4.0,1024.0]","[0.9167052365969389,0.31826985165642546,2.823653486792474]",0
0,1,1377990.0,16,512.0,"[1377990.0,16.0,512.0]","[2.166779274049668,1.2730794066257018,1.411826743396237]",0
3,1,1195990.0,8,256.0,"[1195990.0,8.0,256.0]","[1.8805988025825022,0.6365397033128509,0.7059133716981185]",0
0,1,389990.0,8,256.0,"[389990.0,8.0,256.0]","[0.6132281432279116,0.6365397033128509,0.7059133716981185]",0
0,1,569990.0,16,512.0,"[569990.0,16.0,512.0]","[0.8962637743492843,1.2730794066257018,1.411826743396237]",0
1,1,639990.0,8,512.0,"[639990.0,8.0,512.0]","[1.0063331864520402,0.6365397033128509,1.411826743396237]",0
1,1,1059990.0,16,512.0,"[1059990.0,16.0,512.0]","[1.6667496590685762,1.2730794066257018,1.411826743396237]",0
3,1,1632990.0,32,1024.0,"[1632990.0,32.0,1024.0]","[2.567746418138279,2.5461588132514037,2.823653486792474]",1
3,1,1134990.0,16,512.0,"[1134990.0,16.0,512.0]","[1.7846811720358149,1.2730794066257018,1.411826743396237]",0
0,1,1933990.0,16,512.0,"[1933990.0,16.0,512.0]","[3.04104489018013,1.2730794066257018,1.411826743396237]",1
1,4,932990.0,8,512.0,"[932990.0,8.0,512.0]","[1.467052297110719,0.6365397033128509,1.411826743396237]",0
0,1,509990.0,8,512.0,"[509990.0,8.0,512.0]","[0.8019185639754933,0.6365397033128509,1.411826743396237]",0
2,1,899990.0,32,1024.0,"[899990.0,32.0,1024.0]","[1.4151624314051339,2.5461588132514037,2.823653486792474]",1
2,1,1249990.0,16,512.0,"[1249990.0,16.0,512.0]","[1.965509491918914,1.2730794066257018,1.411826743396237]",0
0,1,799990.0,16,512.0,"[799990.0,16.0,512.0]","[1.2579204141154825,1.2730794066257018,1.411826743396237]",0
0,1,699990.0,8,512.0,"[699990.0,8.0,512.0]","[1.1006783968258311,0.6365397033128509,1.411826743396237]",0
0,1,629990.0,8,512.0,"[629990.0,8.0,512.0]","[0.9906089847230751,0.6365397033128509,1.411826743396237]",0
2,1,769990.0,16,1024.0,"[769990.0,16.0,1024.0]","[1.210747808928587,1.2730794066257018,2.823653486792474]",0
0,1,699990.0,12,512.0,"[699990.0,12.0,512.0]","[1.1006783968258311,0.9548095549692763,1.411826743396237]",0
0,1,589990.0,12,512.0,"[589990.0,12.0,512.0]","[0.9277121778072145,0.9548095549692763,1.411826743396237]",0
0,1,529990.0,16,512.0,"[529990.0,16.0,512.0]","[0.8333669674334236,1.2730794066257018,1.411826743396237]",0
0,1,299990.0,8,256.0,"[299990.0,8.0,256.0]","[0.47171032766722537,0.6365397033128509,0.7059133716981185]",0
2,1,899990.0,8,1024.0,"[899990.0,8.0,1024.0]","[1.4151624314051339,0.6365397033128509,2.823653486792474]",0
0,1,629990.0,16,512.0,"[629990.0,16.0,512.0]","[0.9906089847230751,1.2730794066257018,1.411826743396237]",0
0,1,599990.0,8,512.0,"[599990.0,8.0,512.0]","[0.9434363795361796,0.6365397033128509,1.411826743396237]",0
0,1,559990.0,8,512.0,"[559990.0,8.0,512.0]","[0.8805395726203191,0.6365397033128509,1.411826743396237]",0
2,1,589990.0,16,1024.0,"[589990.0,16.0,1024.0]","[0.9277121778072145,1.2730794066257018,2.823653486792474]",0
2,1,549990.0,16,512.0,"[549990.0,16.0,512.0]","[0.864815370891354,1.2730794066257018,1.411826743396237]",0
10,1,599990.0,8,512.0,"[599990.0,8.0,512.0]","[0.9434363795361796,0.6365397033128509,1.411826743396237]",0
10,1,777990.0,16,512.0,"[777990.0,16.0,512.0]","[1.2233271703117592,1.2730794066257018,1.411826743396237]",0
0,1,548990.0,16,512.0,"[548990.0,16.0,512.0]","[0.8632429507184575,1.2730794066257018,1.411826743396237]",0
0,1,529990.0,16,1024.0,"[529990.0,16.0,1024.0]","[0.8333669674334236,1.2730794066257018,2.823653486792474]",0
0,1,499990.0,16,512.0,"[499990.0,16.0,512.0]","[0.7861943622465282,1.2730794066257018,1.411826743396237]",0
0,1,469990.0,8,512.0,"[469990.0,8.0,512.0]","[0.7390217570596328,0.6365397033128509,1.411826743396237]",0
1,1,2133990.0,16,1024.0,"[2133990.0,16.0,1024.0]","[3.3555289247594327,1.2730794066257018,2.823653486792474]",1
1,1,1672990.0,16,512.0,"[1672990.0,16.0,512.0]","[2.6306432250541394,1.2730794066257018,1.411826743396237]",0
1,1,1595990.0,32,512.0,"[1595990.0,32.0,512.0]","[2.509566871741108,2.5461588132514037,1.411826743396237]",1
1,1,649990.0,16,512.0,"[649990.0,16.0,512.0]","[1.0220573881810053,1.2730794066257018,1.411826743396237]",0
1,1,999990.0,8,512.0,"[999990.0,8.0,512.0]","[1.5724044486947855,0.6365397033128509,1.411826743396237]",0
0,1,529990.0,8,256.0,"[529990.0,8.0,256.0]","[0.8333669674334236,0.6365397033128509,0.7059133716981185]",0
0,1,2299990.0,16,1024.0,"[2299990.0,16.0,1024.0]","[3.616550673460254,1.2730794066257018,2.823653486792474]",1
10,1,1175990.0,16,512.0,"[1175990.0,16.0,512.0]","[1.849150399124572,1.2730794066257018,1.411826743396237]",0
0,1,1268990.0,16,512.0,"[1268990.0,16.0,512.0]","[1.9953854752039477,1.2730794066257018,1.411826743396237]",0
0,1,1620990.0,16,1024.0,"[1620990.0,16.0,1024.0]","[2.548877376063521,1.2730794066257018,2.823653486792474]",1
0,1,1280990.0,8,512.0,"[1280990.0,8.0,512.0]","[2.014254517278706,0.6365397033128509,1.411826743396237]",0
0,1,2895990.0,16,1024.0,"[2895990.0,16.0,1024.0]","[4.553713096506577,1.2730794066257018,2.823653486792474]",1
0,1,2207990.0,16,1024.0,"[2207990.0,16.0,1024.0]","[3.4718880175537747,1.2730794066257018,2.823653486792474]",1
0,1,1983990.0,16,1024.0,"[1983990.0,16.0,1024.0]","[3.1196658988249557,1.2730794066257018,2.823653486792474]",1
0,1,1826990.0,32,1024.0,"[1826990.0,32.0,1024.0]","[2.8727959316802028,2.5461588132514037,2.823653486792474]",1
0,1,2501990.0,16,1024.0,"[2501990.0,16.0,1024.0]","[3.93417954838535,1.2730794066257018,2.823653486792474]",1
0,1,1096990.0,16,512.0,"[1096990.0,16.0,512.0]","[1.7249292054657472,1.2730794066257018,1.411826743396237]",0
0,1,2149990.0,16,1024.0,"[2149990.0,16.0,1024.0]","[3.380687647525777,1.2730794066257018,2.823653486792474]",1
0,1,639990.0,16,512.0,"[639990.0,16.0,512.0]","[1.0063331864520402,1.2730794066257018,1.411826743396237]",0
2,1,752990.0,8,512.0,"[752990.0,8.0,512.0]","[1.1840166659893463,0.6365397033128509,1.411826743396237]",0
2,1,986990.0,16,1024.0,"[986990.0,16.0,1024.0]","[1.5519629864471307,1.2730794066257018,2.823653486792474]",0
2,1,897990.0,16,512.0,"[897990.0,16.0,512.0]","[1.4120175910593409,1.2730794066257018,1.411826743396237]",0
2,1,491990.0,8,256.0,"[491990.0,8.0,256.0]","[0.7736150008633561,0.6365397033128509,0.7059133716981185]",0
0,1,1110990.0,16,512.0,"[1110990.0,16.0,512.0]","[1.7469430878862986,1.2730794066257018,1.411826743396237]",0
0,1,722990.0,16,512.0,"[722990.0,16.0,512.0]","[1.1368440608024508,1.2730794066257018,1.411826743396237]",0
1,1,1332990.0,8,512.0,"[1332990.0,8.0,512.0]","[2.096020366269325,0.6365397033128509,1.411826743396237]",0
1,1,1979990.0,16,1024.0,"[1979990.0,16.0,1024.0]","[3.1133762181333693,1.2730794066257018,2.823653486792474]",1
1,1,1540990.0,16,1024.0,"[1540990.0,16.0,1024.0]","[2.4230837622317996,1.2730794066257018,2.823653486792474]",1
0,1,1796990.0,16,1024.0,"[1796990.0,16.0,1024.0]","[2.8256233264933073,1.2730794066257018,2.823653486792474]",1
1,1,2090990.0,16,512.0,"[2090990.0,16.0,512.0]","[3.2879148573248824,1.2730794066257018,1.411826743396237]",1
1,1,1095990.0,16,512.0,"[1095990.0,16.0,512.0]","[1.7233567852928509,1.2730794066257018,1.411826743396237]",0
1,1,1124990.0,16,1024.0,"[1124990.0,16.0,1024.0]","[1.7689569703068497,1.2730794066257018,2.823653486792474]",1
0,1,1394990.0,16,512.0,"[1394990.0,16.0,512.0]","[2.1935104169889086,1.2730794066257018,1.411826743396237]",0
0,1,1395990.0,32,1024.0,"[1395990.0,32.0,1024.0]","[2.195082837161805,2.5461588132514037,2.823653486792474]",1
0,1,413990.0,8,512.0,"[413990.0,8.0,512.0]","[0.6509662273774279,0.6365397033128509,1.411826743396237]",0
0,1,543990.0,8,512.0,"[543990.0,8.0,512.0]","[0.8553808498539749,0.6365397033128509,1.411826743396237]",0
0,1,433990.0,8,256.0,"[433990.0,8.0,256.0]","[0.6824146308353582,0.6365397033128509,0.7059133716981185]",0
0,1,2945990.0,32,1024.0,"[2945990.0,32.0,1024.0]","[4.632334105151402,2.5461588132514037,2.823653486792474]",1
0,1,586990.0,8,512.0,"[586990.0,8.0,512.0]","[0.922994917288525,0.6365397033128509,1.411826743396237]",0
0,1,1476990.0,16,512.0,"[1476990.0,16.0,512.0]","[2.3224488711664226,1.2730794066257018,1.411826743396237]",0
0,1,922990.0,8,512.0,"[922990.0,8.0,512.0]","[1.4513280953817538,0.6365397033128509,1.411826743396237]",0
0,1,1202990.0,16,512.0,"[1202990.0,16.0,512.0]","[1.8916057437927778,1.2730794066257018,1.411826743396237]",0
3,1,645990.0,8,512.0,"[645990.0,8.0,512.0]","[1.0157677074894194,0.6365397033128509,1.411826743396237]",0
3,1,1354990.0,16,512.0,"[1354990.0,16.0,512.0]","[2.130613610073048,1.2730794066257018,1.411826743396237]",0
2,1,604990.0,16,512.0,"[604990.0,16.0,512.0]","[0.9512984804006622,1.2730794066257018,1.411826743396237]",0
2,1,1303990.0,16,1024.0,"[1303990.0,16.0,1024.0]","[2.0504201812553258,1.2730794066257018,2.823653486792474]",1
2,1,2918990.0,32,1024.0,"[2918990.0,32.0,1024.0]","[4.589878760483196,2.5461588132514037,2.823653486792474]",1
2,1,422990.0,8,512.0,"[422990.0,8.0,512.0]","[0.6651180089334966,0.6365397033128509,1.411826743396237]",0
2,1,1231990.0,16,512.0,"[1231990.0,16.0,512.0]","[1.9372059288067767,1.2730794066257018,1.411826743396237]",0
0,1,920990.0,16,512.0,"[920990.0,16.0,512.0]","[1.4481832550359608,1.2730794066257018,1.411826743396237]",0
0,1,611990.0,8,512.0,"[611990.0,8.0,512.0]","[0.9623054216109378,0.6365397033128509,1.411826743396237]",0
0,1,544990.0,8,512.0,"[544990.0,8.0,512.0]","[0.8569532700268714,0.6365397033128509,1.411826743396237]",0
1,1,599990.0,16,512.0,"[599990.0,16.0,512.0]","[0.9434363795361796,1.2730794066257018,1.411826743396237]",0
1,1,599990.0,8,512.0,"[599990.0,8.0,512.0]","[0.9434363795361796,0.6365397033128509,1.411826743396237]",0
0,1,599990.0,16,512.0,"[599990.0,16.0,512.0]","[0.9434363795361796,1.2730794066257018,1.411826743396237]",0
0,1,399990.0,8,512.0,"[399990.0,8.0,512.0]","[0.6289523449568768,0.6365397033128509,1.411826743396237]",0
0,1,439990.0,8,512.0,"[439990.0,8.0,512.0]","[0.6918491518727373,0.6365397033128509,1.411826743396237]",0
0,1,469990.0,16,512.0,"[469990.0,16.0,512.0]","[0.7390217570596328,1.2730794066257018,1.411826743396237]",0
1,1,479990.0,8,256.0,"[479990.0,8.0,256.0]","[0.754745958788598,0.6365397033128509,0.7059133716981185]",0
0,1,489990.0,16,256.0,"[489990.0,16.0,256.0]","[0.7704701605175631,1.2730794066257018,0.7059133716981185]",0
0,1,959990.0,32,1024.0,"[959990.0,32.0,1024.0]","[1.5095076417789248,2.5461588132514037,2.823653486792474]",1
3,1,912990.0,16,512.0,"[912990.0,16.0,512.0]","[1.4356038936527886,1.2730794066257018,1.411826743396237]",0
0,1,449990.0,8,256.0,"[449990.0,8.0,256.0]","[0.7075733536017025,0.6365397033128509,0.7059133716981185]",0
0,1,428990.0,8,256.0,"[428990.0,8.0,256.0]","[0.6745525299708757,0.6365397033128509,0.7059133716981185]",0
0,1,629990.0,16,512.0,"[629990.0,16.0,512.0]","[0.9906089847230751,1.2730794066257018,1.411826743396237]",0
0,1,329990.0,8,1024.0,"[329990.0,8.0,1024.0]","[0.5188829328541208,0.6365397033128509,2.823653486792474]",0
1,1,2819990.0,16,1024.0,"[2819990.0,16.0,1024.0]","[4.434209163366441,1.2730794066257018,2.823653486792474]",1
0,1,1195990.0,16,512.0,"[1195990.0,16.0,512.0]","[1.8805988025825022,1.2730794066257018,1.411826743396237]",0
0,1,749990.0,16,1024.0,"[749990.0,16.0,1024.0]","[1.1792994054706567,1.2730794066257018,2.823653486792474]",0
1,1,2113990.0,32,1024.0,"[2113990.0,32.0,1024.0]","[3.3240805213015023,2.5461588132514037,2.823653486792474]",1
2,1,1462990.0,32,1024.0,"[1462990.0,32.0,1024.0]","[2.3004349887458715,2.5461588132514037,2.823653486792474]",1
3,1,1064990.0,16,512.0,"[1064990.0,16.0,512.0]","[1.6746117599330588,1.2730794066257018,1.411826743396237]",0
3,1,499990.0,8,512.0,"[499990.0,8.0,512.0]","[0.7861943622465282,0.6365397033128509,1.411826743396237]",0
0,1,799990.0,16,1024.0,"[799990.0,16.0,1024.0]","[1.2579204141154825,1.2730794066257018,2.823653486792474]",0
0,1,689990.0,16,512.0,"[689990.0,16.0,512.0]","[1.084954195096866,1.2730794066257018,1.411826743396237]",0
1,1,749990.0,16,1024.0,"[749990.0,16.0,1024.0]","[1.1792994054706567,1.2730794066257018,2.823653486792474]",0
1,1,729990.0,16,512.0,"[729990.0,16.0,512.0]","[1.1478510020127266,1.2730794066257018,1.411826743396237]",0
1,1,449990.0,8,256.0,"[449990.0,8.0,256.0]","[0.7075733536017025,0.6365397033128509,0.7059133716981185]",0
0,1,658990.0,16,512.0,"[658990.0,16.0,512.0]","[1.036209169737074,1.2730794066257018,1.411826743396237]",0
1,1,1449990.0,16,1024.0,"[1449990.0,16.0,1024.0]","[2.2799935264982167,1.2730794066257018,2.823653486792474]",1
1,1,1782990.0,32,1024.0,"[1782990.0,32.0,1024.0]","[2.803609444072756,2.5461588132514037,2.823653486792474]",1
0,1,788990.0,8,512.0,"[788990.0,8.0,512.0]","[1.240623792213621,0.6365397033128509,1.411826743396237]",0
1,1,1965990.0,32,1024.0,"[1965990.0,32.0,1024.0]","[3.091362335712818,2.5461588132514037,2.823653486792474]",1
1,1,2273990.0,32,1024.0,"[2273990.0,32.0,1024.0]","[3.575667748964945,2.5461588132514037,2.823653486792474]",1
1,1,1843990.0,16,512.0,"[1843990.0,16.0,512.0]","[2.8995270746194435,1.2730794066257018,1.411826743396237]",0
0,1,757990.0,8,512.0,"[757990.0,8.0,512.0]","[1.1918787668538289,0.6365397033128509,1.411826743396237]",0
3,1,1472990.0,16,512.0,"[1472990.0,16.0,512.0]","[2.3161591904748366,1.2730794066257018,1.411826743396237]",0
3,1,786990.0,8,512.0,"[786990.0,8.0,512.0]","[1.2374789518678277,0.6365397033128509,1.411826743396237]",0
1,1,1373990.0,16,512.0,"[1373990.0,16.0,512.0]","[2.160489593358082,1.2730794066257018,1.411826743396237]",0
1,1,1044990.0,16,512.0,"[1044990.0,16.0,512.0]","[1.6431633564751285,1.2730794066257018,1.411826743396237]",0
0,1,3963990.0,32,2048.0,"[3963990.0,32.0,2048.0]","[6.233057841160054,2.5461588132514037,5.647306973584948]",1
0,1,3948990.0,32,2048.0,"[3948990.0,32.0,2048.0]","[6.209471538566606,2.5461588132514037,5.647306973584948]",1
0,1,1687990.0,16,512.0,"[1687990.0,16.0,512.0]","[2.6542295276475874,1.2730794066257018,1.411826743396237]",0
3,1,2999990.0,32,1024.0,"[2999990.0,32.0,1024.0]","[4.717244794487814,2.5461588132514037,2.823653486792474]",1
3,1,943990.0,8,512.0,"[943990.0,8.0,512.0]","[1.4843489190125807,0.6365397033128509,1.411826743396237]",0
0,1,2100990.0,32,1024.0,"[2100990.0,32.0,1024.0]","[3.3036390590538476,2.5461588132514037,2.823653486792474]",1
10,1,3119990.0,32,1024.0,"[3119990.0,32.0,1024.0]","[4.905935215235396,2.5461588132514037,2.823653486792474]",1
3,1,999999.0,16,512.0,"[999999.0,16.0,512.0]","[1.5724186004763414,1.2730794066257018,1.411826743396237]",0
3,1,1560990.0,16,512.0,"[1560990.0,16.0,512.0]","[2.45453216568973,1.2730794066257018,1.411826743396237]",0
3,1,870990.0,8,256.0,"[870990.0,8.0,256.0]","[1.369562246391135,0.6365397033128509,0.7059133716981185]",0
0,1,1941990.0,32,1024.0,"[1941990.0,32.0,1024.0]","[3.053624251563302,2.5461588132514037,2.823653486792474]",1
10,1,1072990.0,32,1024.0,"[1072990.0,32.0,1024.0]","[1.687191121316231,2.5461588132514037,2.823653486792474]",1
0,1,367990.0,8,256.0,"[367990.0,8.0,256.0]","[0.5786348994241883,0.6365397033128509,0.7059133716981185]",0
0,1,589990.0,16,512.0,"[589990.0,16.0,512.0]","[0.9277121778072145,1.2730794066257018,1.411826743396237]",0
0,1,448990.0,8,512.0,"[448990.0,8.0,512.0]","[0.706000933428806,0.6365397033128509,1.411826743396237]",0
1,1,531990.0,8,512.0,"[531990.0,8.0,512.0]","[0.8365118077792166,0.6365397033128509,1.411826743396237]",0
1,1,1109990.0,16,512.0,"[1109990.0,16.0,512.0]","[1.745370667713402,1.2730794066257018,1.411826743396237]",0
0,1,560990.0,8,512.0,"[560990.0,8.0,512.0]","[0.8821119927932156,0.6365397033128509,1.411826743396237]",0
1,1,1149990.0,16,512.0,"[1149990.0,16.0,512.0]","[1.8082674746292626,1.2730794066257018,1.411826743396237]",0
1,1,2136990.0,32,1024.0,"[2136990.0,32.0,1024.0]","[3.3602461852781222,2.5461588132514037,2.823653486792474]",1
0,1,1364990.0,16,1024.0,"[1364990.0,16.0,1024.0]","[2.146337811802013,1.2730794066257018,2.823653486792474]",1
1,1,1272990.0,16,512.0,"[1272990.0,16.0,512.0]","[2.001675155895534,1.2730794066257018,1.411826743396237]",0
1,1,570990.0,8,512.0,"[570990.0,8.0,512.0]","[0.8978361945221808,0.6365397033128509,1.411826743396237]",0
0,1,499990.0,8,512.0,"[499990.0,8.0,512.0]","[0.7861943622465282,0.6365397033128509,1.411826743396237]",0
1,1,918990.0,16,512.0,"[918990.0,16.0,512.0]","[1.4450384146901678,1.2730794066257018,1.411826743396237]",0
3,1,2199990.0,16,512.0,"[2199990.0,16.0,512.0]","[3.459308656170603,1.2730794066257018,1.411826743396237]",1
1,1,1540990.0,16,1024.0,"[1540990.0,16.0,1024.0]","[2.4230837622317996,1.2730794066257018,2.823653486792474]",1
1,1,1698990.0,32,1024.0,"[1698990.0,32.0,1024.0]","[2.671526149549449,2.5461588132514037,2.823653486792474]",1
10,1,899990.0,16,512.0,"[899990.0,16.0,512.0]","[1.4151624314051339,1.2730794066257018,1.411826743396237]",0
3,1,1009990.0,8,512.0,"[1009990.0,8.0,512.0]","[1.5881286504237506,0.6365397033128509,1.411826743396237]",0
3,1,883990.0,8,256.0,"[883990.0,8.0,256.0]","[1.3900037086387897,0.6365397033128509,0.7059133716981185]",0
2,1,715990.0,8,512.0,"[715990.0,8.0,512.0]","[1.1258371195921753,0.6365397033128509,1.411826743396237]",0
2,1,547990.0,8,512.0,"[547990.0,8.0,512.0]","[0.8616705305455609,0.6365397033128509,1.411826743396237]",0
1,1,498990.0,8,512.0,"[498990.0,8.0,512.0]","[0.7846219420736317,0.6365397033128509,1.411826743396237]",0
1,1,509990.0,16,512.0,"[509990.0,16.0,512.0]","[0.8019185639754933,1.2730794066257018,1.411826743396237]",0
1,1,489990.0,8,512.0,"[489990.0,8.0,512.0]","[0.7704701605175631,0.6365397033128509,1.411826743396237]",0
1,1,2304990.0,32,1024.0,"[2304990.0,32.0,1024.0]","[3.6244127743247367,2.5461588132514037,2.823653486792474]",1
1,1,1799990.0,16,1024.0,"[1799990.0,16.0,1024.0]","[2.830340587011997,1.2730794066257018,2.823653486792474]",1
2,1,1452990.0,32,1024.0,"[1452990.0,32.0,1024.0]","[2.2847107870169063,2.5461588132514037,2.823653486792474]",1
2,1,864990.0,16,512.0,"[864990.0,16.0,512.0]","[1.360127725353756,1.2730794066257018,1.411826743396237]",0
2,1,1333990.0,16,1024.0,"[1333990.0,16.0,1024.0]","[2.0975927864422212,1.2730794066257018,2.823653486792474]",1
1,1,863990.0,16,512.0,"[863990.0,16.0,512.0]","[1.3585553051808594,1.2730794066257018,1.411826743396237]",0
2,1,859990.0,16,1024.0,"[859990.0,16.0,1024.0]","[1.3522656244892735,1.2730794066257018,2.823653486792474]",0
0,1,1322990.0,16,512.0,"[1322990.0,16.0,512.0]","[2.0802961645403597,1.2730794066257018,1.411826743396237]",0
1,1,1267990.0,16,512.0,"[1267990.0,16.0,512.0]","[1.9938130550310513,1.2730794066257018,1.411826743396237]",0
1,1,2107990.0,32,1024.0,"[2107990.0,32.0,1024.0]","[3.314646000264123,2.5461588132514037,2.823653486792474]",1
1,1,1504990.0,16,512.0,"[1504990.0,16.0,512.0]","[2.3664766360075253,1.2730794066257018,1.411826743396237]",0
0,1,599990.0,16,512.0,"[599990.0,16.0,512.0]","[0.9434363795361796,1.2730794066257018,1.411826743396237]",0
1,1,679990.0,16,1024.0,"[679990.0,16.0,1024.0]","[1.0692299933679008,1.2730794066257018,2.823653486792474]",0
1,1,649990.0,16,512.0,"[649990.0,16.0,512.0]","[1.0220573881810053,1.2730794066257018,1.411826743396237]",0
0,1,399990.0,8,256.0,"[399990.0,8.0,256.0]","[0.6289523449568768,0.6365397033128509,0.7059133716981185]",0
0,1,449990.0,8,256.0,"[449990.0,8.0,256.0]","[0.7075733536017025,0.6365397033128509,0.7059133716981185]",0
0,1,299990.0,8,256.0,"[299990.0,8.0,256.0]","[0.47171032766722537,0.6365397033128509,0.7059133716981185]",0
0,1,279990.0,8,256.0,"[279990.0,8.0,256.0]","[0.44026192420929505,0.6365397033128509,0.7059133716981185]",0
0,1,359990.0,8,256.0,"[359990.0,8.0,256.0]","[0.5660555380410162,0.6365397033128509,0.7059133716981185]",0
3,1,729990.0,16,512.0,"[729990.0,16.0,512.0]","[1.1478510020127266,1.2730794066257018,1.411826743396237]",0
0,1,769990.0,8,512.0,"[769990.0,8.0,512.0]","[1.210747808928587,0.6365397033128509,1.411826743396237]",0
0,1,359990.0,8,256.0,"[359990.0,8.0,256.0]","[0.5660555380410162,0.6365397033128509,0.7059133716981185]",0
0,1,429990.0,8,512.0,"[429990.0,8.0,512.0]","[0.6761249501437722,0.6365397033128509,1.411826743396237]",0
1,1,629990.0,16,512.0,"[629990.0,16.0,512.0]","[0.9906089847230751,1.2730794066257018,1.411826743396237]",0
1,1,599990.0,8,512.0,"[599990.0,8.0,512.0]","[0.9434363795361796,0.6365397033128509,1.411826743396237]",0
0,1,373990.0,8,256.0,"[373990.0,8.0,256.0]","[0.5880694204615674,0.6365397033128509,0.7059133716981185]",0
3,1,659990.0,8,512.0,"[659990.0,8.0,512.0]","[1.0377815899099705,0.6365397033128509,1.411826743396237]",0
0,1,699990.0,32,1024.0,"[699990.0,32.0,1024.0]","[1.1006783968258311,2.5461588132514037,2.823653486792474]",1
0,1,549990.0,16,1024.0,"[549990.0,16.0,1024.0]","[0.864815370891354,1.2730794066257018,2.823653486792474]",0
2,1,649990.0,16,1024.0,"[649990.0,16.0,1024.0]","[1.0220573881810053,1.2730794066257018,2.823653486792474]",0
0,1,599990.0,16,512.0,"[599990.0,16.0,512.0]","[0.9434363795361796,1.2730794066257018,1.411826743396237]",0
0,1,599990.0,8,512.0,"[599990.0,8.0,512.0]","[0.9434363795361796,0.6365397033128509,1.411826743396237]",0
0,1,532990.0,8,512.0,"[532990.0,8.0,512.0]","[0.8380842279521132,0.6365397033128509,1.411826743396237]",0
2,1,629990.0,16,512.0,"[629990.0,16.0,512.0]","[0.9906089847230751,1.2730794066257018,1.411826743396237]",0
2,1,549990.0,8,256.0,"[549990.0,8.0,256.0]","[0.864815370891354,0.6365397033128509,0.7059133716981185]",0
0,1,349990.0,8,512.0,"[349990.0,8.0,512.0]","[0.5503313363120511,0.6365397033128509,1.411826743396237]",0
10,1,1476990.0,8,512.0,"[1476990.0,8.0,512.0]","[2.3224488711664226,0.6365397033128509,1.411826743396237]",0
10,1,1170990.0,8,256.0,"[1170990.0,8.0,256.0]","[1.8412882982600893,0.6365397033128509,0.7059133716981185]",0
10,1,1558990.0,8,512.0,"[1558990.0,8.0,512.0]","[2.451387325343937,0.6365397033128509,1.411826743396237]",0
1,1,571990.0,8,512.0,"[571990.0,8.0,512.0]","[0.8994086146950773,0.6365397033128509,1.411826743396237]",0
10,1,1790990.0,32,512.0,"[1790990.0,32.0,512.0]","[2.816188805455928,2.5461588132514037,1.411826743396237]",1
10,1,1476990.0,8,512.0,"[1476990.0,8.0,512.0]","[2.3224488711664226,0.6365397033128509,1.411826743396237]",0
2,1,1713990.0,16,1024.0,"[1713990.0,16.0,1024.0]","[2.695112452142897,1.2730794066257018,2.823653486792474]",1
2,1,825990.0,16,1024.0,"[825990.0,16.0,1024.0]","[1.298803338610792,1.2730794066257018,2.823653486792474]",0
2,1,841990.0,8,512.0,"[841990.0,8.0,512.0]","[1.3239620613771361,0.6365397033128509,1.411826743396237]",0
10,1,1170990.0,8,256.0,"[1170990.0,8.0,256.0]","[1.8412882982600893,0.6365397033128509,0.7059133716981185]",0
2,1,727990.0,8,512.0,"[727990.0,8.0,512.0]","[1.1447061616669334,0.6365397033128509,1.411826743396237]",0
2,1,897990.0,16,512.0,"[897990.0,16.0,512.0]","[1.4120175910593409,1.2730794066257018,1.411826743396237]",0
2,1,3530990.0,32,1024.0,"[3530990.0,32.0,1024.0]","[5.552199906295863,2.5461588132514037,2.823653486792474]",1
2,1,1407990.0,16,1024.0,"[1407990.0,16.0,1024.0]","[2.2139518792365633,1.2730794066257018,2.823653486792474]",1
3,1,1101990.0,16,512.0,"[1101990.0,16.0,512.0]","[1.7327913063302298,1.2730794066257018,1.411826743396237]",0
1,1,468990.0,8,512.0,"[468990.0,8.0,512.0]","[0.7374493368867363,0.6365397033128509,1.411826743396237]",0
1,1,219990.0,16,1024.0,"[219990.0,16.0,1024.0]","[0.3459167138355042,1.2730794066257018,2.823653486792474]",0
1,1,1385990.0,8,256.0,"[1385990.0,8.0,256.0]","[2.17935863543284,0.6365397033128509,0.7059133716981185]",0
1,1,980990.0,16,512.0,"[980990.0,16.0,512.0]","[1.5425284654097515,1.2730794066257018,1.411826743396237]",0
1,1,1458990.0,16,1024.0,"[1458990.0,16.0,1024.0]","[2.2941453080542855,1.2730794066257018,2.823653486792474]",1
1,1,1034990.0,8,512.0,"[1034990.0,8.0,512.0]","[1.6274391547461635,0.6365397033128509,1.411826743396237]",0
0,1,1174990.0,8,512.0,"[1174990.0,8.0,512.0]","[1.8475779789516755,0.6365397033128509,1.411826743396237]",0
0,1,1137990.0,8,256.0,"[1137990.0,8.0,256.0]","[1.7893984325545045,0.6365397033128509,0.7059133716981185]",0
0,1,1152990.0,8,512.0,"[1152990.0,8.0,512.0]","[1.812984735147952,0.6365397033128509,1.411826743396237]",0
0,1,374990.0,4,256.0,"[374990.0,4.0,256.0]","[0.5896418406344639,0.31826985165642546,0.7059133716981185]",0
0,1,289990.0,8,256.0,"[289990.0,8.0,256.0]","[0.4559861259382602,0.6365397033128509,0.7059133716981185]",0
0,1,843990.0,16,512.0,"[843990.0,16.0,512.0]","[1.327106901722929,1.2730794066257018,1.411826743396237]",0
0,1,847990.0,16,512.0,"[847990.0,16.0,512.0]","[1.3333965824145153,1.2730794066257018,1.411826743396237]",0
0,1,706990.0,8,512.0,"[706990.0,8.0,512.0]","[1.1116853380361067,0.6365397033128509,1.411826743396237]",0
0,1,667990.0,16,512.0,"[667990.0,16.0,512.0]","[1.0503609512931427,1.2730794066257018,1.411826743396237]",0
0,1,528990.0,8,256.0,"[528990.0,8.0,256.0]","[0.8317945472605272,0.6365397033128509,0.7059133716981185]",0
0,1,611990.0,8,1024.0,"[611990.0,8.0,1024.0]","[0.9623054216109378,0.6365397033128509,2.823653486792474]",0
0,1,1272990.0,16,512.0,"[1272990.0,16.0,512.0]","[2.001675155895534,1.2730794066257018,1.411826743396237]",0
0,1,1546990.0,16,512.0,"[1546990.0,16.0,512.0]","[2.4325182832691787,1.2730794066257018,1.411826743396237]",0
3,1,1421990.0,32,1024.0,"[1421990.0,32.0,1024.0]","[2.2359657616571145,2.5461588132514037,2.823653486792474]",1
3,1,1331990.0,32,1024.0,"[1331990.0,32.0,1024.0]","[2.094447946096428,2.5461588132514037,2.823653486792474]",1
3,1,930990.0,8,512.0,"[930990.0,8.0,512.0]","[1.463907456764926,0.6365397033128509,1.411826743396237]",0
3,1,642990.0,8,512.0,"[642990.0,8.0,512.0]","[1.0110504469707298,0.6365397033128509,1.411826743396237]",0
0,1,889990.0,16,512.0,"[889990.0,16.0,512.0]","[1.399438229676169,1.2730794066257018,1.411826743396237]",0
0,1,457990.0,8,256.0,"[457990.0,8.0,256.0]","[0.7201527149848747,0.6365397033128509,0.7059133716981185]",0
0,1,1041990.0,8,512.0,"[1041990.0,8.0,512.0]","[1.638446095956439,0.6365397033128509,1.411826743396237]",0
0,1,515990.0,8,512.0,"[515990.0,8.0,512.0]","[0.8113530850128724,0.6365397033128509,1.411826743396237]",0
0,1,1014990.0,16,1024.0,"[1014990.0,16.0,1024.0]","[1.5959907512882332,1.2730794066257018,2.823653486792474]",0
0,1,1508990.0,16,1024.0,"[1508990.0,16.0,1024.0]","[2.3727663166991113,1.2730794066257018,2.823653486792474]",1
0,1,901990.0,16,512.0,"[901990.0,16.0,512.0]","[1.418307271750927,1.2730794066257018,1.411826743396237]",0
0,1,686990.0,16,512.0,"[686990.0,16.0,512.0]","[1.0802369345781764,1.2730794066257018,1.411826743396237]",0
0,1,614990.0,8,512.0,"[614990.0,8.0,512.0]","[0.9670226821296274,0.6365397033128509,1.411826743396237]",0
3,1,2359990.0,16,1024.0,"[2359990.0,16.0,1024.0]","[3.710895883834045,1.2730794066257018,2.823653486792474]",1
10,1,370990.0,8,256.0,"[370990.0,8.0,256.0]","[0.5833521599428778,0.6365397033128509,0.7059133716981185]",0
1,1,815990.0,8,512.0,"[815990.0,8.0,512.0]","[1.2830791368818268,0.6365397033128509,1.411826743396237]",0
10,1,1936990.0,8,512.0,"[1936990.0,8.0,512.0]","[3.0457621506988195,0.6365397033128509,1.411826743396237]",0
1,1,1517990.0,16,512.0,"[1517990.0,16.0,512.0]","[2.3869180982551796,1.2730794066257018,1.411826743396237]",0
1,1,1703990.0,16,512.0,"[1703990.0,16.0,512.0]","[2.6793882504139317,1.2730794066257018,1.411826743396237]",0
1,1,835990.0,8,512.0,"[835990.0,8.0,512.0]","[1.314527540339757,0.6365397033128509,1.411826743396237]",0
1,1,454990.0,16,1024.0,"[454990.0,16.0,1024.0]","[0.7154354544661851,1.2730794066257018,2.823653486792474]",0
0,1,986990.0,16,512.0,"[986990.0,16.0,512.0]","[1.5519629864471307,1.2730794066257018,1.411826743396237]",0
0,1,783990.0,16,512.0,"[783990.0,16.0,512.0]","[1.2327616913491384,1.2730794066257018,1.411826743396237]",0
0,1,649990.0,8,512.0,"[649990.0,8.0,512.0]","[1.0220573881810053,0.6365397033128509,1.411826743396237]",0
0,1,995990.0,16,1024.0,"[995990.0,16.0,1024.0]","[1.5661147680031993,1.2730794066257018,2.823653486792474]",0
3,1,594990.0,8,256.0,"[594990.0,8.0,256.0]","[0.9355742786716971,0.6365397033128509,0.7059133716981185]",0
1,1,1482990.0,32,1024.0,"[1482990.0,32.0,1024.0]","[2.331883392203802,2.5461588132514037,2.823653486792474]",1
10,1,539990.0,8,512.0,"[539990.0,8.0,512.0]","[0.8490911691623888,0.6365397033128509,1.411826743396237]",0
8,1,2458990.0,16,1024.0,"[2458990.0,16.0,1024.0]","[3.8665654809507997,1.2730794066257018,2.823653486792474]",1
8,1,932990.0,16,512.0,"[932990.0,16.0,512.0]","[1.467052297110719,1.2730794066257018,1.411826743396237]",0
10,1,2955990.0,18,512.0,"[2955990.0,18.0,512.0]","[4.648058306880367,1.4322143324539145,1.411826743396237]",1
10,1,1405990.0,8,256.0,"[1405990.0,8.0,256.0]","[2.21080703889077,0.6365397033128509,0.7059133716981185]",0
10,1,1354990.0,8,256.0,"[1354990.0,8.0,256.0]","[2.130613610073048,0.6365397033128509,0.7059133716981185]",0
10,1,1354990.0,8,256.0,"[1354990.0,8.0,256.0]","[2.130613610073048,0.6365397033128509,0.7059133716981185]",0
10,1,3362990.0,36,512.0,"[3362990.0,36.0,512.0]","[5.288033317249249,2.864428664907829,1.411826743396237]",1
1,1,542990.0,32,1024.0,"[542990.0,32.0,1024.0]","[0.8538084296810783,2.5461588132514037,2.823653486792474]",0
3,3,1049990.0,16,1024.0,"[1049990.0,16.0,1024.0]","[1.651025457339611,1.2730794066257018,2.823653486792474]",0
3,3,1299990.0,32,1024.0,"[1299990.0,32.0,1024.0]","[2.04413050056374,2.5461588132514037,2.823653486792474]",1
2,3,859990.0,16,512.0,"[859990.0,16.0,512.0]","[1.3522656244892735,1.2730794066257018,1.411826743396237]",0
2,3,979990.0,16,1024.0,"[979990.0,16.0,1024.0]","[1.5409560452368551,1.2730794066257018,2.823653486792474]",0
3,3,699990.0,16,512.0,"[699990.0,16.0,512.0]","[1.1006783968258311,1.2730794066257018,1.411826743396237]",0
3,3,799990.0,32,512.0,"[799990.0,32.0,512.0]","[1.2579204141154825,2.5461588132514037,1.411826743396237]",0
2,3,1499990.0,64,1024.0,"[1499990.0,64.0,1024.0]","[2.3586145351430425,5.092317626502807,2.823653486792474]",2
3,3,829990.0,16,1024.0,"[829990.0,16.0,1024.0]","[1.305093019302378,1.2730794066257018,2.823653486792474]",0
0,3,715990.0,16,512.0,"[715990.0,16.0,512.0]","[1.1258371195921753,1.2730794066257018,1.411826743396237]",0
3,3,899990.0,32,1024.0,"[899990.0,32.0,1024.0]","[1.4151624314051339,2.5461588132514037,2.823653486792474]",1
2,3,989990.0,64,512.0,"[989990.0,64.0,512.0]","[1.5566802469658203,5.092317626502807,1.411826743396237]",2
2,3,679990.0,16,512.0,"[679990.0,16.0,512.0]","[1.0692299933679008,1.2730794066257018,1.411826743396237]",0
3,3,1499990.0,64,1024.0,"[1499990.0,64.0,1024.0]","[2.3586145351430425,5.092317626502807,2.823653486792474]",2
3,3,1399990.0,32,2048.0,"[1399990.0,32.0,2048.0]","[2.201372517853391,2.5461588132514037,5.647306973584948]",1
3,3,1149990.0,16,2048.0,"[1149990.0,16.0,2048.0]","[1.8082674746292626,1.2730794066257018,5.647306973584948]",1
2,3,849990.0,16,1024.0,"[849990.0,16.0,1024.0]","[1.3365414227603083,1.2730794066257018,2.823653486792474]",0
3,3,1599990.0,64,2048.0,"[1599990.0,64.0,2048.0]","[2.515856552432694,5.092317626502807,5.647306973584948]",2
2,3,999990.0,32,1024.0,"[999990.0,32.0,1024.0]","[1.5724044486947855,2.5461588132514037,2.823653486792474]",1
2,3,1259990.0,64,1024.0,"[1259990.0,64.0,1024.0]","[1.9812336936478792,5.092317626502807,2.823653486792474]",2
2,3,1099990.0,64,1024.0,"[1099990.0,64.0,1024.0]","[1.7296464659844368,5.092317626502807,2.823653486792474]",2
0,3,669990.0,16,1024.0,"[669990.0,16.0,1024.0]","[1.0535057916389357,1.2730794066257018,2.823653486792474]",0
0,3,1994990.0,32,1024.0,"[1994990.0,32.0,1024.0]","[3.1369625207268172,2.5461588132514037,2.823653486792474]",1
2,3,900990.0,16,1024.0,"[900990.0,16.0,1024.0]","[1.4167348515780305,1.2730794066257018,2.823653486792474]",0
2,3,766990.0,16,512.0,"[766990.0,16.0,512.0]","[1.2060305484098977,1.2730794066257018,1.411826743396237]",0
3,3,1165990.0,16,512.0,"[1165990.0,16.0,512.0]","[1.8334261973956067,1.2730794066257018,1.411826743396237]",0
2,3,712990.0,16,512.0,"[712990.0,16.0,512.0]","[1.1211198590734859,1.2730794066257018,1.411826743396237]",0
2,3,1069990.0,32,1024.0,"[1069990.0,32.0,1024.0]","[1.6824738607975414,2.5461588132514037,2.823653486792474]",1
3,3,1549990.0,32,1024.0,"[1549990.0,32.0,1024.0]","[2.4372355437878683,2.5461588132514037,2.823653486792474]",1
0,3,583990.0,8,256.0,"[583990.0,8.0,256.0]","[0.9182776567698354,0.6365397033128509,0.7059133716981185]",0
0,3,1081990.0,16,512.0,"[1081990.0,16.0,512.0]","[1.7013429028722995,1.2730794066257018,1.411826743396237]",0
3,3,1173990.0,16,512.0,"[1173990.0,16.0,512.0]","[1.846005558778779,1.2730794066257018,1.411826743396237]",0
3,3,1583990.0,32,1024.0,"[1583990.0,32.0,1024.0]","[2.49069782966635,2.5461588132514037,2.823653486792474]",1
3,1,3075990.0,32,1024.0,"[3075990.0,32.0,1024.0]","[4.836748727627949,2.5461588132514037,2.823653486792474]",1
3,1,1444990.0,16,512.0,"[1444990.0,16.0,512.0]","[2.2721314256337344,1.2730794066257018,1.411826743396237]",0
1,1,219990.0,16,512.0,"[219990.0,16.0,512.0]","[0.3459167138355042,1.2730794066257018,1.411826743396237]",0
1,1,1375990.0,16,1024.0,"[1375990.0,16.0,1024.0]","[2.1636344337038746,1.2730794066257018,2.823653486792474]",1
1,1,523990.0,16,1024.0,"[523990.0,16.0,1024.0]","[0.8239324463960446,1.2730794066257018,2.823653486792474]",0
1,1,1022990.0,8,512.0,"[1022990.0,8.0,512.0]","[1.6085701126714052,0.6365397033128509,1.411826743396237]",0
1,1,2490990.0,16,1024.0,"[2490990.0,16.0,1024.0]","[3.9168829264834883,1.2730794066257018,2.823653486792474]",1
3,1,2330990.0,16,512.0,"[2330990.0,16.0,512.0]","[3.6652956988200462,1.2730794066257018,1.411826743396237]",1
1,1,1022990.0,8,512.0,"[1022990.0,8.0,512.0]","[1.6085701126714052,0.6365397033128509,1.411826743396237]",0
3,1,2152990.0,16,1024.0,"[2152990.0,16.0,1024.0]","[3.3854049080444666,1.2730794066257018,2.823653486792474]",1
3,1,930990.0,8,512.0,"[930990.0,8.0,512.0]","[1.463907456764926,0.6365397033128509,1.411826743396237]",0
3,1,1445990.0,16,1024.0,"[1445990.0,16.0,1024.0]","[2.2737038458066308,1.2730794066257018,2.823653486792474]",1
3,1,1131990.0,8,512.0,"[1131990.0,8.0,512.0]","[1.7799639115171253,0.6365397033128509,1.411826743396237]",0
3,1,2278990.0,16,1024.0,"[2278990.0,16.0,1024.0]","[3.5835298498294272,1.2730794066257018,2.823653486792474]",1
1,1,588990.0,16,512.0,"[588990.0,16.0,512.0]","[0.926139757634318,1.2730794066257018,1.411826743396237]",0
3,1,1088990.0,16,512.0,"[1088990.0,16.0,512.0]","[1.7123498440825753,1.2730794066257018,1.411826743396237]",0
1,1,543990.0,4,256.0,"[543990.0,4.0,256.0]","[0.8553808498539749,0.31826985165642546,0.7059133716981185]",0
10,1,706990.0,8,512.0,"[706990.0,8.0,512.0]","[1.1116853380361067,0.6365397033128509,1.411826743396237]",0
2,1,733990.0,8,512.0,"[733990.0,8.0,512.0]","[1.1541406827043126,0.6365397033128509,1.411826743396237]",0
2,1,1578990.0,16,512.0,"[1578990.0,16.0,512.0]","[2.4828357288018674,1.2730794066257018,1.411826743396237]",0
2,1,1367990.0,16,512.0,"[1367990.0,16.0,512.0]","[2.1510550723207027,1.2730794066257018,1.411826743396237]",0
2,1,1811990.0,16,512.0,"[1811990.0,16.0,512.0]","[2.8492096290867552,1.2730794066257018,1.411826743396237]",0
2,1,1937990.0,16,512.0,"[1937990.0,16.0,512.0]","[3.047334570871716,1.2730794066257018,1.411826743396237]",1
2,1,843990.0,16,512.0,"[843990.0,16.0,512.0]","[1.327106901722929,1.2730794066257018,1.411826743396237]",0
2,1,1752990.0,16,512.0,"[1752990.0,16.0,512.0]","[2.7564368388858607,1.2730794066257018,1.411826743396237]",0
1,1,883990.0,16,1024.0,"[883990.0,16.0,1024.0]","[1.3900037086387897,1.2730794066257018,2.823653486792474]",0
1,1,883990.0,16,1024.0,"[883990.0,16.0,1024.0]","[1.3900037086387897,1.2730794066257018,2.823653486792474]",0
1,1,171990.0,8,512.0,"[171990.0,8.0,512.0]","[0.2704405455364715,0.6365397033128509,1.411826743396237]",0
1,1,171990.0,8,512.0,"[171990.0,8.0,512.0]","[0.2704405455364715,0.6365397033128509,1.411826743396237]",0
0,1,1340990.0,8,1024.0,"[1340990.0,8.0,1024.0]","[2.108599727652497,0.6365397033128509,2.823653486792474]",0
0,1,705990.0,8,512.0,"[705990.0,8.0,512.0]","[1.11011291786321,0.6365397033128509,1.411826743396237]",0
2,1,1320990.0,16,512.0,"[1320990.0,16.0,512.0]","[2.0771513241945665,1.2730794066257018,1.411826743396237]",0
2,1,1077990.0,16,512.0,"[1077990.0,16.0,512.0]","[1.6950532221807135,1.2730794066257018,1.411826743396237]",0
2,1,717990.0,8,256.0,"[717990.0,8.0,256.0]","[1.1289819599379685,0.6365397033128509,0.7059133716981185]",0
2,1,1111990.0,8,512.0,"[1111990.0,8.0,512.0]","[1.748515508059195,0.6365397033128509,1.411826743396237]",0
2,1,1199990.0,16,512.0,"[1199990.0,16.0,512.0]","[1.8868884832740882,1.2730794066257018,1.411826743396237]",0
0,1,1414990.0,16,512.0,"[1414990.0,16.0,512.0]","[2.224958820446839,1.2730794066257018,1.411826743396237]",0
1,1,1932990.0,16,1024.0,"[1932990.0,16.0,1024.0]","[3.0394724700072335,1.2730794066257018,2.823653486792474]",1
1,1,1220990.0,16,512.0,"[1220990.0,16.0,512.0]","[1.9199093069049151,1.2730794066257018,1.411826743396237]",0
0,1,1943990.0,16,512.0,"[1943990.0,16.0,512.0]","[3.056769091909095,1.2730794066257018,1.411826743396237]",1
3,1,800990.0,8,256.0,"[800990.0,8.0,256.0]","[1.259492834288379,0.6365397033128509,0.7059133716981185]",0
0,1,817990.0,8,512.0,"[817990.0,8.0,512.0]","[1.2862239772276198,0.6365397033128509,1.411826743396237]",0
1,1,1442990.0,16,512.0,"[1442990.0,16.0,512.0]","[2.268986585287941,1.2730794066257018,1.411826743396237]",0
1,1,1249990.0,8,512.0,"[1249990.0,8.0,512.0]","[1.965509491918914,0.6365397033128509,1.411826743396237]",0
1,1,558990.0,8,512.0,"[558990.0,8.0,512.0]","[0.8789671524474225,0.6365397033128509,1.411826743396237]",0
3,1,1298990.0,16,512.0,"[1298990.0,16.0,512.0]","[2.0425580803908434,1.2730794066257018,1.411826743396237]",0
1,1,801990.0,8,256.0,"[801990.0,8.0,256.0]","[1.2610652544612755,0.6365397033128509,0.7059133716981185]",0
1,1,1713990.0,16,1024.0,"[1713990.0,16.0,1024.0]","[2.695112452142897,1.2730794066257018,2.823653486792474]",1
1,1,922990.0,8,256.0,"[922990.0,8.0,256.0]","[1.4513280953817538,0.6365397033128509,0.7059133716981185]",0
1,1,2499990.0,16,1024.0,"[2499990.0,16.0,1024.0]","[3.931034708039557,1.2730794066257018,2.823653486792474]",1
1,1,1104990.0,8,512.0,"[1104990.0,8.0,512.0]","[1.7375085668489194,0.6365397033128509,1.411826743396237]",0
0,3,1545990.0,32,1024.0,"[1545990.0,32.0,1024.0]","[2.4309458630962824,2.5461588132514037,2.823653486792474]",1
3,3,835990.0,16,512.0,"[835990.0,16.0,512.0]","[1.314527540339757,1.2730794066257018,1.411826743396237]",0
3,3,875990.0,16,512.0,"[875990.0,16.0,512.0]","[1.3774243472556176,1.2730794066257018,1.411826743396237]",0
3,3,999990.0,16,512.0,"[999990.0,16.0,512.0]","[1.5724044486947855,1.2730794066257018,1.411826743396237]",0
0,3,875990.0,16,512.0,"[875990.0,16.0,512.0]","[1.3774243472556176,1.2730794066257018,1.411826743396237]",0
0,3,846990.0,16,512.0,"[846990.0,16.0,512.0]","[1.3318241622416187,1.2730794066257018,1.411826743396237]",0
0,3,860990.0,16,512.0,"[860990.0,16.0,512.0]","[1.3538380446621698,1.2730794066257018,1.411826743396237]",0
0,3,994990.0,24,512.0,"[994990.0,24.0,512.0]","[1.5645423478303029,1.9096191099385527,1.411826743396237]",0
2,3,1099990.0,32,512.0,"[1099990.0,32.0,512.0]","[1.7296464659844368,2.5461588132514037,1.411826743396237]",0
0,3,438990.0,8,1024.0,"[438990.0,8.0,1024.0]","[0.6902767316998408,0.6365397033128509,2.823653486792474]",0
0,3,1089990.0,32,512.0,"[1089990.0,32.0,512.0]","[1.7139222642554717,2.5461588132514037,1.411826743396237]",0
0,3,1199990.0,32,1024.0,"[1199990.0,32.0,1024.0]","[1.8868884832740882,2.5461588132514037,2.823653486792474]",1
0,3,959990.0,16,1024.0,"[959990.0,16.0,1024.0]","[1.5095076417789248,1.2730794066257018,2.823653486792474]",0
1,3,1489990.0,16,512.0,"[1489990.0,16.0,512.0]","[2.3428903334140774,1.2730794066257018,1.411826743396237]",0
2,3,1399990.0,64,512.0,"[1399990.0,64.0,512.0]","[2.201372517853391,5.092317626502807,1.411826743396237]",2
3,3,549990.0,8,512.0,"[549990.0,8.0,512.0]","[0.864815370891354,0.6365397033128509,1.411826743396237]",0
2,3,929990.0,32,512.0,"[929990.0,32.0,512.0]","[1.4623350365920293,2.5461588132514037,1.411826743396237]",0
3,3,699990.0,16,512.0,"[699990.0,16.0,512.0]","[1.1006783968258311,1.2730794066257018,1.411826743396237]",0
3,3,769990.0,32,512.0,"[769990.0,32.0,512.0]","[1.210747808928587,2.5461588132514037,1.411826743396237]",0
3,3,799990.0,16,1024.0,"[799990.0,16.0,1024.0]","[1.2579204141154825,1.2730794066257018,2.823653486792474]",0
3,3,1489990.0,32,512.0,"[1489990.0,32.0,512.0]","[2.3428903334140774,2.5461588132514037,1.411826743396237]",1
2,3,1159990.0,64,512.0,"[1159990.0,64.0,512.0]","[1.8239916763582278,5.092317626502807,1.411826743396237]",2
2,3,979990.0,16,1024.0,"[979990.0,16.0,1024.0]","[1.5409560452368551,1.2730794066257018,2.823653486792474]",0
3,3,1189990.0,32,512.0,"[1189990.0,32.0,512.0]","[1.871164281545123,2.5461588132514037,1.411826743396237]",0
3,3,1399990.0,64,512.0,"[1399990.0,64.0,512.0]","[2.201372517853391,5.092317626502807,1.411826743396237]",2
2,3,1199990.0,32,1024.0,"[1199990.0,32.0,1024.0]","[1.8868884832740882,2.5461588132514037,2.823653486792474]",1
2,3,1099990.0,32,1024.0,"[1099990.0,32.0,1024.0]","[1.7296464659844368,2.5461588132514037,2.823653486792474]",1
0,3,559990.0,16,512.0,"[559990.0,16.0,512.0]","[0.8805395726203191,1.2730794066257018,1.411826743396237]",0
0,3,629990.0,8,1024.0,"[629990.0,8.0,1024.0]","[0.9906089847230751,0.6365397033128509,2.823653486792474]",0
3,3,1079990.0,32,512.0,"[1079990.0,32.0,512.0]","[1.6981980625265065,2.5461588132514037,1.411826743396237]",0
3,3,899990.0,16,1024.0,"[899990.0,16.0,1024.0]","[1.4151624314051339,1.2730794066257018,2.823653486792474]",0
3,3,1149990.0,32,1024.0,"[1149990.0,32.0,1024.0]","[1.8082674746292626,2.5461588132514037,2.823653486792474]",1
3,3,1049990.0,16,1024.0,"[1049990.0,16.0,1024.0]","[1.651025457339611,1.2730794066257018,2.823653486792474]",0
3,3,1299990.0,32,1024.0,"[1299990.0,32.0,1024.0]","[2.04413050056374,2.5461588132514037,2.823653486792474]",1
2,3,859990.0,16,512.0,"[859990.0,16.0,512.0]","[1.3522656244892735,1.2730794066257018,1.411826743396237]",0
2,3,979990.0,16,1024.0,"[979990.0,16.0,1024.0]","[1.5409560452368551,1.2730794066257018,2.823653486792474]",0
3,3,699990.0,16,512.0,"[699990.0,16.0,512.0]","[1.1006783968258311,1.2730794066257018,1.411826743396237]",0
3,3,799990.0,32,512.0,"[799990.0,32.0,512.0]","[1.2579204141154825,2.5461588132514037,1.411826743396237]",0
2,3,1499990.0,64,1024.0,"[1499990.0,64.0,1024.0]","[2.3586145351430425,5.092317626502807,2.823653486792474]",2
3,3,829990.0,16,1024.0,"[829990.0,16.0,1024.0]","[1.305093019302378,1.2730794066257018,2.823653486792474]",0
0,3,715990.0,16,512.0,"[715990.0,16.0,512.0]","[1.1258371195921753,1.2730794066257018,1.411826743396237]",0
3,3,899990.0,32,1024.0,"[899990.0,32.0,1024.0]","[1.4151624314051339,2.5461588132514037,2.823653486792474]",1
2,3,989990.0,64,512.0,"[989990.0,64.0,512.0]","[1.5566802469658203,5.092317626502807,1.411826743396237]",2
2,3,679990.0,16,512.0,"[679990.0,16.0,512.0]","[1.0692299933679008,1.2730794066257018,1.411826743396237]",0
3,3,1499990.0,64,1024.0,"[1499990.0,64.0,1024.0]","[2.3586145351430425,5.092317626502807,2.823653486792474]",2
3,3,1399990.0,32,2048.0,"[1399990.0,32.0,2048.0]","[2.201372517853391,2.5461588132514037,5.647306973584948]",1
3,3,1149990.0,16,2048.0,"[1149990.0,16.0,2048.0]","[1.8082674746292626,1.2730794066257018,5.647306973584948]",1
2,3,849990.0,16,1024.0,"[849990.0,16.0,1024.0]","[1.3365414227603083,1.2730794066257018,2.823653486792474]",0
3,3,1599990.0,64,2048.0,"[1599990.0,64.0,2048.0]","[2.515856552432694,5.092317626502807,5.647306973584948]",2
2,3,999990.0,32,1024.0,"[999990.0,32.0,1024.0]","[1.5724044486947855,2.5461588132514037,2.823653486792474]",1
2,3,1259990.0,64,1024.0,"[1259990.0,64.0,1024.0]","[1.9812336936478792,5.092317626502807,2.823653486792474]",2
2,3,1099990.0,64,1024.0,"[1099990.0,64.0,1024.0]","[1.7296464659844368,5.092317626502807,2.823653486792474]",2
0,3,669990.0,16,1024.0,"[669990.0,16.0,1024.0]","[1.0535057916389357,1.2730794066257018,2.823653486792474]",0
0,3,1994990.0,32,1024.0,"[1994990.0,32.0,1024.0]","[3.1369625207268172,2.5461588132514037,2.823653486792474]",1
2,3,900990.0,16,1024.0,"[900990.0,16.0,1024.0]","[1.4167348515780305,1.2730794066257018,2.823653486792474]",0
2,3,766990.0,16,512.0,"[766990.0,16.0,512.0]","[1.2060305484098977,1.2730794066257018,1.411826743396237]",0
3,3,1165990.0,16,512.0,"[1165990.0,16.0,512.0]","[1.8334261973956067,1.2730794066257018,1.411826743396237]",0
2,3,712990.0,16,512.0,"[712990.0,16.0,512.0]","[1.1211198590734859,1.2730794066257018,1.411826743396237]",0
2,3,1069990.0,32,1024.0,"[1069990.0,32.0,1024.0]","[1.6824738607975414,2.5461588132514037,2.823653486792474]",1
3,3,1549990.0,32,1024.0,"[1549990.0,32.0,1024.0]","[2.4372355437878683,2.5461588132514037,2.823653486792474]",1
0,3,583990.0,8,256.0,"[583990.0,8.0,256.0]","[0.9182776567698354,0.6365397033128509,0.7059133716981185]",0
0,3,1081990.0,16,512.0,"[1081990.0,16.0,512.0]","[1.7013429028722995,1.2730794066257018,1.411826743396237]",0
3,3,1173990.0,16,512.0,"[1173990.0,16.0,512.0]","[1.846005558778779,1.2730794066257018,1.411826743396237]",0
3,3,1583990.0,32,1024.0,"[1583990.0,32.0,1024.0]","[2.49069782966635,2.5461588132514037,2.823653486792474]",1
0,1,859990.0,16,512.0,"[859990.0,16.0,512.0]","[1.3522656244892735,1.2730794066257018,1.411826743396237]",0
2,1,892990.0,16,512.0,"[892990.0,16.0,512.0]","[1.4041554901948583,1.2730794066257018,1.411826743396237]",0
0,1,2284990.0,32,1024.0,"[2284990.0,32.0,1024.0]","[3.5929643708668064,2.5461588132514037,2.823653486792474]",1
0,1,2398990.0,32,512.0,"[2398990.0,32.0,512.0]","[3.772220270577009,2.5461588132514037,1.411826743396237]",1
1,1,1079990.0,32,1024.0,"[1079990.0,32.0,1024.0]","[1.6981980625265065,2.5461588132514037,2.823653486792474]",1
1,1,1988990.0,32,1024.0,"[1988990.0,32.0,1024.0]","[3.127527999689438,2.5461588132514037,2.823653486792474]",1
1,1,737990.0,16,512.0,"[737990.0,16.0,512.0]","[1.1604303633958986,1.2730794066257018,1.411826743396237]",0
1,1,2026990.0,32,512.0,"[2026990.0,32.0,512.0]","[3.1872799662595055,2.5461588132514037,1.411826743396237]",1
1,1,1345990.0,16,1024.0,"[1345990.0,16.0,1024.0]","[2.116461828516979,1.2730794066257018,2.823653486792474]",1
1,1,1119990.0,16,512.0,"[1119990.0,16.0,512.0]","[1.7610948694423672,1.2730794066257018,1.411826743396237]",0
1,1,1018990.0,16,512.0,"[1018990.0,16.0,512.0]","[1.6022804319798192,1.2730794066257018,1.411826743396237]",0
1,1,1107990.0,16,512.0,"[1107990.0,16.0,512.0]","[1.742225827367609,1.2730794066257018,1.411826743396237]",0
0,1,812990.0,16,512.0,"[812990.0,16.0,512.0]","[1.2783618763631373,1.2730794066257018,1.411826743396237]",0
0,1,1242990.0,32,512.0,"[1242990.0,32.0,512.0]","[1.9545025507086384,2.5461588132514037,1.411826743396237]",0
0,1,710990.0,8,512.0,"[710990.0,8.0,512.0]","[1.1179750187276927,0.6365397033128509,1.411826743396237]",0
2,1,755990.0,16,512.0,"[755990.0,16.0,512.0]","[1.1887339265080359,1.2730794066257018,1.411826743396237]",0
2,1,774990.0,16,512.0,"[774990.0,16.0,512.0]","[1.2186099097930696,1.2730794066257018,1.411826743396237]",0
2,1,926990.0,16,1024.0,"[926990.0,16.0,1024.0]","[1.4576177760733398,1.2730794066257018,2.823653486792474]",0
2,1,1323990.0,16,1024.0,"[1323990.0,16.0,1024.0]","[2.081868584713256,1.2730794066257018,2.823653486792474]",1
1,1,555990.0,8,512.0,"[555990.0,8.0,512.0]","[0.874249891928733,0.6365397033128509,1.411826743396237]",0
1,1,1020990.0,16,512.0,"[1020990.0,16.0,512.0]","[1.6054252723256122,1.2730794066257018,1.411826743396237]",0
1,1,1651990.0,16,1024.0,"[1651990.0,16.0,1024.0]","[2.5976224014233127,1.2730794066257018,2.823653486792474]",1
2,1,1327990.0,32,1024.0,"[1327990.0,32.0,1024.0]","[2.088158265404842,2.5461588132514037,2.823653486792474]",1
2,1,1020990.0,16,512.0,"[1020990.0,16.0,512.0]","[1.6054252723256122,1.2730794066257018,1.411826743396237]",0
2,1,2182990.0,64,1024.0,"[2182990.0,64.0,1024.0]","[3.432577513231362,5.092317626502807,2.823653486792474]",2
0,1,771990.0,8,512.0,"[771990.0,8.0,512.0]","[1.2138926492743802,0.6365397033128509,1.411826743396237]",0
0,1,2262990.0,32,1024.0,"[2262990.0,32.0,1024.0]","[3.558371127063083,2.5461588132514037,2.823653486792474]",1
0,1,2070990.0,32,1024.0,"[2070990.0,32.0,1024.0]","[3.256466453866952,2.5461588132514037,2.823653486792474]",1
0,1,1978990.0,32,1024.0,"[1978990.0,32.0,1024.0]","[3.111803797960473,2.5461588132514037,2.823653486792474]",1
0,1,2084990.0,32,1024.0,"[2084990.0,32.0,1024.0]","[3.2784803362875037,2.5461588132514037,2.823653486792474]",1
0,1,2237990.0,32,1024.0,"[2237990.0,32.0,1024.0]","[3.51906062274067,2.5461588132514037,2.823653486792474]",1
3,3,1049990.0,16,1024.0,"[1049990.0,16.0,1024.0]","[1.651025457339611,1.2730794066257018,2.823653486792474]",0
3,3,1299990.0,32,1024.0,"[1299990.0,32.0,1024.0]","[2.04413050056374,2.5461588132514037,2.823653486792474]",1
2,3,859990.0,16,512.0,"[859990.0,16.0,512.0]","[1.3522656244892735,1.2730794066257018,1.411826743396237]",0
2,3,979990.0,16,1024.0,"[979990.0,16.0,1024.0]","[1.5409560452368551,1.2730794066257018,2.823653486792474]",0
3,3,699990.0,16,512.0,"[699990.0,16.0,512.0]","[1.1006783968258311,1.2730794066257018,1.411826743396237]",0
3,3,799990.0,32,512.0,"[799990.0,32.0,512.0]","[1.2579204141154825,2.5461588132514037,1.411826743396237]",0
2,3,1499990.0,64,1024.0,"[1499990.0,64.0,1024.0]","[2.3586145351430425,5.092317626502807,2.823653486792474]",2
3,3,829990.0,16,1024.0,"[829990.0,16.0,1024.0]","[1.305093019302378,1.2730794066257018,2.823653486792474]",0
0,3,715990.0,16,512.0,"[715990.0,16.0,512.0]","[1.1258371195921753,1.2730794066257018,1.411826743396237]",0
3,3,899990.0,32,1024.0,"[899990.0,32.0,1024.0]","[1.4151624314051339,2.5461588132514037,2.823653486792474]",1
2,3,989990.0,64,512.0,"[989990.0,64.0,512.0]","[1.5566802469658203,5.092317626502807,1.411826743396237]",2
2,3,679990.0,16,512.0,"[679990.0,16.0,512.0]","[1.0692299933679008,1.2730794066257018,1.411826743396237]",0
3,3,1499990.0,64,1024.0,"[1499990.0,64.0,1024.0]","[2.3586145351430425,5.092317626502807,2.823653486792474]",2
3,3,1399990.0,32,2048.0,"[1399990.0,32.0,2048.0]","[2.201372517853391,2.5461588132514037,5.647306973584948]",1
3,3,1149990.0,16,2048.0,"[1149990.0,16.0,2048.0]","[1.8082674746292626,1.2730794066257018,5.647306973584948]",1
2,3,849990.0,16,1024.0,"[849990.0,16.0,1024.0]","[1.3365414227603083,1.2730794066257018,2.823653486792474]",0
3,3,1599990.0,64,2048.0,"[1599990.0,64.0,2048.0]","[2.515856552432694,5.092317626502807,5.647306973584948]",2
2,3,999990.0,32,1024.0,"[999990.0,32.0,1024.0]","[1.5724044486947855,2.5461588132514037,2.823653486792474]",1
2,3,1259990.0,64,1024.0,"[1259990.0,64.0,1024.0]","[1.9812336936478792,5.092317626502807,2.823653486792474]",2
2,3,1099990.0,64,1024.0,"[1099990.0,64.0,1024.0]","[1.7296464659844368,5.092317626502807,2.823653486792474]",2
0,3,669990.0,16,1024.0,"[669990.0,16.0,1024.0]","[1.0535057916389357,1.2730794066257018,2.823653486792474]",0
0,3,1994990.0,32,1024.0,"[1994990.0,32.0,1024.0]","[3.1369625207268172,2.5461588132514037,2.823653486792474]",1
2,3,900990.0,16,1024.0,"[900990.0,16.0,1024.0]","[1.4167348515780305,1.2730794066257018,2.823653486792474]",0
2,3,766990.0,16,512.0,"[766990.0,16.0,512.0]","[1.2060305484098977,1.2730794066257018,1.411826743396237]",0
3,3,1165990.0,16,512.0,"[1165990.0,16.0,512.0]","[1.8334261973956067,1.2730794066257018,1.411826743396237]",0
2,3,712990.0,16,512.0,"[712990.0,16.0,512.0]","[1.1211198590734859,1.2730794066257018,1.411826743396237]",0
2,3,1069990.0,32,1024.0,"[1069990.0,32.0,1024.0]","[1.6824738607975414,2.5461588132514037,2.823653486792474]",1
3,3,1549990.0,32,1024.0,"[1549990.0,32.0,1024.0]","[2.4372355437878683,2.5461588132514037,2.823653486792474]",1
0,3,583990.0,8,256.0,"[583990.0,8.0,256.0]","[0.9182776567698354,0.6365397033128509,0.7059133716981185]",0
0,3,1081990.0,16,512.0,"[1081990.0,16.0,512.0]","[1.7013429028722995,1.2730794066257018,1.411826743396237]",0
3,3,1173990.0,16,512.0,"[1173990.0,16.0,512.0]","[1.846005558778779,1.2730794066257018,1.411826743396237]",0
3,3,1583990.0,32,1024.0,"[1583990.0,32.0,1024.0]","[2.49069782966635,2.5461588132514037,2.823653486792474]",1
3,3,1049990.0,16,1024.0,"[1049990.0,16.0,1024.0]","[1.651025457339611,1.2730794066257018,2.823653486792474]",0
3,3,1299990.0,32,1024.0,"[1299990.0,32.0,1024.0]","[2.04413050056374,2.5461588132514037,2.823653486792474]",1
2,3,859990.0,16,512.0,"[859990.0,16.0,512.0]","[1.3522656244892735,1.2730794066257018,1.411826743396237]",0
2,3,979990.0,16,1024.0,"[979990.0,16.0,1024.0]","[1.5409560452368551,1.2730794066257018,2.823653486792474]",0
3,3,699990.0,16,512.0,"[699990.0,16.0,512.0]","[1.1006783968258311,1.2730794066257018,1.411826743396237]",0
3,3,799990.0,32,512.0,"[799990.0,32.0,512.0]","[1.2579204141154825,2.5461588132514037,1.411826743396237]",0
2,3,1499990.0,64,1024.0,"[1499990.0,64.0,1024.0]","[2.3586145351430425,5.092317626502807,2.823653486792474]",2
3,3,829990.0,16,1024.0,"[829990.0,16.0,1024.0]","[1.305093019302378,1.2730794066257018,2.823653486792474]",0
0,3,715990.0,16,512.0,"[715990.0,16.0,512.0]","[1.1258371195921753,1.2730794066257018,1.411826743396237]",0
3,3,899990.0,32,1024.0,"[899990.0,32.0,1024.0]","[1.4151624314051339,2.5461588132514037,2.823653486792474]",1
2,3,989990.0,64,512.0,"[989990.0,64.0,512.0]","[1.5566802469658203,5.092317626502807,1.411826743396237]",2
2,3,679990.0,16,512.0,"[679990.0,16.0,512.0]","[1.0692299933679008,1.2730794066257018,1.411826743396237]",0
3,3,1499990.0,64,1024.0,"[1499990.0,64.0,1024.0]","[2.3586145351430425,5.092317626502807,2.823653486792474]",2
3,3,1399990.0,32,2048.0,"[1399990.0,32.0,2048.0]","[2.201372517853391,2.5461588132514037,5.647306973584948]",1
3,3,1149990.0,16,2048.0,"[1149990.0,16.0,2048.0]","[1.8082674746292626,1.2730794066257018,5.647306973584948]",1
2,3,849990.0,16,1024.0,"[849990.0,16.0,1024.0]","[1.3365414227603083,1.2730794066257018,2.823653486792474]",0
3,3,1599990.0,64,2048.0,"[1599990.0,64.0,2048.0]","[2.515856552432694,5.092317626502807,5.647306973584948]",2
2,3,999990.0,32,1024.0,"[999990.0,32.0,1024.0]","[1.5724044486947855,2.5461588132514037,2.823653486792474]",1
2,3,1259990.0,64,1024.0,"[1259990.0,64.0,1024.0]","[1.9812336936478792,5.092317626502807,2.823653486792474]",2
2,3,1099990.0,64,1024.0,"[1099990.0,64.0,1024.0]","[1.7296464659844368,5.092317626502807,2.823653486792474]",2
0,3,669990.0,16,1024.0,"[669990.0,16.0,1024.0]","[1.0535057916389357,1.2730794066257018,2.823653486792474]",0
0,3,1994990.0,32,1024.0,"[1994990.0,32.0,1024.0]","[3.1369625207268172,2.5461588132514037,2.823653486792474]",1
2,3,900990.0,16,1024.0,"[900990.0,16.0,1024.0]","[1.4167348515780305,1.2730794066257018,2.823653486792474]",0
2,3,766990.0,16,512.0,"[766990.0,16.0,512.0]","[1.2060305484098977,1.2730794066257018,1.411826743396237]",0
3,3,1165990.0,16,512.0,"[1165990.0,16.0,512.0]","[1.8334261973956067,1.2730794066257018,1.411826743396237]",0
2,3,712990.0,16,512.0,"[712990.0,16.0,512.0]","[1.1211198590734859,1.2730794066257018,1.411826743396237]",0
2,3,1069990.0,32,1024.0,"[1069990.0,32.0,1024.0]","[1.6824738607975414,2.5461588132514037,2.823653486792474]",1
3,3,1549990.0,32,1024.0,"[1549990.0,32.0,1024.0]","[2.4372355437878683,2.5461588132514037,2.823653486792474]",1
0,3,583990.0,8,256.0,"[583990.0,8.0,256.0]","[0.9182776567698354,0.6365397033128509,0.7059133716981185]",0
0,3,1081990.0,16,512.0,"[1081990.0,16.0,512.0]","[1.7013429028722995,1.2730794066257018,1.411826743396237]",0
3,3,1173990.0,16,512.0,"[1173990.0,16.0,512.0]","[1.846005558778779,1.2730794066257018,1.411826743396237]",0
3,3,1583990.0,32,1024.0,"[1583990.0,32.0,1024.0]","[2.49069782966635,2.5461588132514037,2.823653486792474]",1
3,1,1484990.0,16,512.0,"[1484990.0,16.0,512.0]","[2.335028232549595,1.2730794066257018,1.411826743396237]",0
0,1,305990.0,4,500.0,"[305990.0,4.0,500.0]","[0.48114484870460444,0.31826985165642546,1.3787370540978878]",0
1,1,316990.0,8,256.0,"[316990.0,8.0,256.0]","[0.4984414706064661,0.6365397033128509,0.7059133716981185]",0
0,1,1582990.0,32,512.0,"[1582990.0,32.0,512.0]","[2.4891254094934534,2.5461588132514037,1.411826743396237]",1
1,1,854990.0,8,256.0,"[854990.0,8.0,256.0]","[1.3444035236247909,0.6365397033128509,0.7059133716981185]",0
1,1,1394990.0,16,1024.0,"[1394990.0,16.0,1024.0]","[2.1935104169889086,1.2730794066257018,2.823653486792474]",1
1,1,1057990.0,16,512.0,"[1057990.0,16.0,512.0]","[1.6636048187227832,1.2730794066257018,1.411826743396237]",0
1,1,1639990.0,16,1024.0,"[1639990.0,16.0,1024.0]","[2.5787533593485548,1.2730794066257018,2.823653486792474]",1
1,1,966990.0,16,512.0,"[966990.0,16.0,512.0]","[1.5205145829892004,1.2730794066257018,1.411826743396237]",0
1,1,700000.0,8,256.0,"[700000.0,8.0,256.0]","[1.10069412102756,0.6365397033128509,0.7059133716981185]",0
1,1,800990.0,8,256.0,"[800990.0,8.0,256.0]","[1.259492834288379,0.6365397033128509,0.7059133716981185]",0
3,1,404990.0,8,256.0,"[404990.0,8.0,256.0]","[0.6368144458213594,0.6365397033128509,0.7059133716981185]",0
3,1,386361.0,8,256.0,"[386361.0,8.0,256.0]","[0.6075218304204701,0.6365397033128509,0.7059133716981185]",0
3,1,916990.0,8,256.0,"[916990.0,8.0,256.0]","[1.4418935743443748,0.6365397033128509,0.7059133716981185]",0
3,1,605990.0,8,1024.0,"[605990.0,8.0,1024.0]","[0.9528709005735587,0.6365397033128509,2.823653486792474]",0
3,1,861990.0,8,256.0,"[861990.0,8.0,256.0]","[1.3554104648350664,0.6365397033128509,0.7059133716981185]",0
0,1,1273990.0,8,256.0,"[1273990.0,8.0,256.0]","[2.0032475760684303,0.6365397033128509,0.7059133716981185]",0
0,1,1159990.0,8,512.0,"[1159990.0,8.0,512.0]","[1.8239916763582278,0.6365397033128509,1.411826743396237]",0
0,1,860990.0,4,256.0,"[860990.0,4.0,256.0]","[1.3538380446621698,0.31826985165642546,0.7059133716981185]",0
1,1,487990.0,4,256.0,"[487990.0,4.0,256.0]","[0.76732532017177,0.31826985165642546,0.7059133716981185]",0
1,1,1584990.0,16,512.0,"[1584990.0,16.0,512.0]","[2.492270249839246,1.2730794066257018,1.411826743396237]",0
1,1,1131990.0,16,512.0,"[1131990.0,16.0,512.0]","[1.7799639115171253,1.2730794066257018,1.411826743396237]",0
2,1,2499990.0,32,1024.0,"[2499990.0,32.0,1024.0]","[3.931034708039557,2.5461588132514037,2.823653486792474]",1
2,1,1161990.0,8,256.0,"[1161990.0,8.0,256.0]","[1.8271365167040208,0.6365397033128509,0.7059133716981185]",0
28,1,699990.0,8,256.0,"[699990.0,8.0,256.0]","[1.1006783968258311,0.6365397033128509,0.7059133716981185]",0
1,1,409990.0,8,512.0,"[409990.0,8.0,512.0]","[0.644676546685842,0.6365397033128509,1.411826743396237]",0
10,1,1112990.0,32,1024.0,"[1112990.0,32.0,1024.0]","[1.7500879282320916,2.5461588132514037,2.823653486792474]",1
2,1,1145990.0,8,512.0,"[1145990.0,8.0,512.0]","[1.8019777939376764,0.6365397033128509,1.411826743396237]",0
10,1,804990.0,8,256.0,"[804990.0,8.0,256.0]","[1.265782514979965,0.6365397033128509,0.7059133716981185]",0
0,1,1008990.0,8,512.0,"[1008990.0,8.0,512.0]","[1.586556230250854,0.6365397033128509,1.411826743396237]",0
0,1,855990.0,16,512.0,"[855990.0,16.0,512.0]","[1.3459759437976873,1.2730794066257018,1.411826743396237]",0
3,1,873990.0,8,256.0,"[873990.0,8.0,256.0]","[1.3742795069098246,0.6365397033128509,0.7059133716981185]",0
0,1,2623990.0,16,1024.0,"[2623990.0,16.0,1024.0]","[4.126014809478725,1.2730794066257018,2.823653486792474]",1
3,1,1839990.0,16,512.0,"[1839990.0,16.0,512.0]","[2.8932373939278575,1.2730794066257018,1.411826743396237]",0
1,1,265990.0,16,1024.0,"[265990.0,16.0,1024.0]","[0.41824804178874386,1.2730794066257018,2.823653486792474]",0
1,1,1158990.0,8,512.0,"[1158990.0,8.0,512.0]","[1.8224192561853312,0.6365397033128509,1.411826743396237]",0
3,1,2618990.0,32,1024.0,"[2618990.0,32.0,1024.0]","[4.118152708614242,2.5461588132514037,2.823653486792474]",1
3,1,1211990.0,16,512.0,"[1211990.0,16.0,512.0]","[1.9057575253488463,1.2730794066257018,1.411826743396237]",0
0,1,1377990.0,16,512.0,"[1377990.0,16.0,512.0]","[2.166779274049668,1.2730794066257018,1.411826743396237]",0
1,1,1350990.0,16,512.0,"[1350990.0,16.0,512.0]","[2.124323929381462,1.2730794066257018,1.411826743396237]",0
1,1,1804990.0,16,512.0,"[1804990.0,16.0,512.0]","[2.8382026878764797,1.2730794066257018,1.411826743396237]",0
1,1,1116990.0,16,512.0,"[1116990.0,16.0,512.0]","[1.7563776089236776,1.2730794066257018,1.411826743396237]",0
3,1,1306990.0,16,512.0,"[1306990.0,16.0,512.0]","[2.0551374417740154,1.2730794066257018,1.411826743396237]",0
1,1,1158990.0,8,256.0,"[1158990.0,8.0,256.0]","[1.8224192561853312,0.6365397033128509,0.7059133716981185]",0
1,1,1815990.0,16,512.0,"[1815990.0,16.0,512.0]","[2.855499309778341,1.2730794066257018,1.411826743396237]",0
0,1,2244990.0,32,512.0,"[2244990.0,32.0,512.0]","[3.530067563950946,2.5461588132514037,1.411826743396237]",1
0,1,1881990.0,16,1024.0,"[1881990.0,16.0,1024.0]","[2.959279041189511,1.2730794066257018,2.823653486792474]",1
0,1,1808990.0,16,1024.0,"[1808990.0,16.0,1024.0]","[2.8444923685680656,1.2730794066257018,2.823653486792474]",1
0,1,1366990.0,16,512.0,"[1366990.0,16.0,512.0]","[2.1494826521478063,1.2730794066257018,1.411826743396237]",0
0,1,2080990.0,16,1024.0,"[2080990.0,16.0,1024.0]","[3.2721906555959173,1.2730794066257018,2.823653486792474]",1
0,1,2046951.0,32,1024.0,"[2046951.0,32.0,1024.0]","[3.218667045330693,2.5461588132514037,2.823653486792474]",1
0,1,629990.0,8,256.0,"[629990.0,8.0,256.0]","[0.9906089847230751,0.6365397033128509,0.7059133716981185]",0
1,1,1387990.0,16,512.0,"[1387990.0,16.0,512.0]","[2.182503475778633,1.2730794066257018,1.411826743396237]",0
0,1,2418990.0,32,1024.0,"[2418990.0,32.0,1024.0]","[3.8036686740349395,2.5461588132514037,2.823653486792474]",1
0,1,1780990.0,16,1024.0,"[1780990.0,16.0,1024.0]","[2.800464603726963,1.2730794066257018,2.823653486792474]",1
0,1,1160990.0,16,512.0,"[1160990.0,16.0,512.0]","[1.8255640965311242,1.2730794066257018,1.411826743396237]",0
3,3,1049990.0,16,1024.0,"[1049990.0,16.0,1024.0]","[1.651025457339611,1.2730794066257018,2.823653486792474]",0
3,3,1299990.0,32,1024.0,"[1299990.0,32.0,1024.0]","[2.04413050056374,2.5461588132514037,2.823653486792474]",1
2,3,859990.0,16,512.0,"[859990.0,16.0,512.0]","[1.3522656244892735,1.2730794066257018,1.411826743396237]",0
2,3,979990.0,16,1024.0,"[979990.0,16.0,1024.0]","[1.5409560452368551,1.2730794066257018,2.823653486792474]",0
3,3,699990.0,16,512.0,"[699990.0,16.0,512.0]","[1.1006783968258311,1.2730794066257018,1.411826743396237]",0
3,3,799990.0,32,512.0,"[799990.0,32.0,512.0]","[1.2579204141154825,2.5461588132514037,1.411826743396237]",0
2,3,1499990.0,64,1024.0,"[1499990.0,64.0,1024.0]","[2.3586145351430425,5.092317626502807,2.823653486792474]",2
3,3,829990.0,16,1024.0,"[829990.0,16.0,1024.0]","[1.305093019302378,1.2730794066257018,2.823653486792474]",0
0,3,715990.0,16,512.0,"[715990.0,16.0,512.0]","[1.1258371195921753,1.2730794066257018,1.411826743396237]",0
3,3,899990.0,32,1024.0,"[899990.0,32.0,1024.0]","[1.4151624314051339,2.5461588132514037,2.823653486792474]",1
2,3,989990.0,64,512.0,"[989990.0,64.0,512.0]","[1.5566802469658203,5.092317626502807,1.411826743396237]",2
2,3,679990.0,16,512.0,"[679990.0,16.0,512.0]","[1.0692299933679008,1.2730794066257018,1.411826743396237]",0
3,3,1499990.0,64,1024.0,"[1499990.0,64.0,1024.0]","[2.3586145351430425,5.092317626502807,2.823653486792474]",2
3,3,1399990.0,32,2048.0,"[1399990.0,32.0,2048.0]","[2.201372517853391,2.5461588132514037,5.647306973584948]",1
3,3,1149990.0,16,2048.0,"[1149990.0,16.0,2048.0]","[1.8082674746292626,1.2730794066257018,5.647306973584948]",1
2,3,849990.0,16,1024.0,"[849990.0,16.0,1024.0]","[1.3365414227603083,1.2730794066257018,2.823653486792474]",0
3,3,1599990.0,64,2048.0,"[1599990.0,64.0,2048.0]","[2.515856552432694,5.092317626502807,5.647306973584948]",2
2,3,999990.0,32,1024.0,"[999990.0,32.0,1024.0]","[1.5724044486947855,2.5461588132514037,2.823653486792474]",1
2,3,1259990.0,64,1024.0,"[1259990.0,64.0,1024.0]","[1.9812336936478792,5.092317626502807,2.823653486792474]",2
2,3,1099990.0,64,1024.0,"[1099990.0,64.0,1024.0]","[1.7296464659844368,5.092317626502807,2.823653486792474]",2
0,3,669990.0,16,1024.0,"[669990.0,16.0,1024.0]","[1.0535057916389357,1.2730794066257018,2.823653486792474]",0
0,3,1994990.0,32,1024.0,"[1994990.0,32.0,1024.0]","[3.1369625207268172,2.5461588132514037,2.823653486792474]",1
2,3,900990.0,16,1024.0,"[900990.0,16.0,1024.0]","[1.4167348515780305,1.2730794066257018,2.823653486792474]",0
2,3,766990.0,16,512.0,"[766990.0,16.0,512.0]","[1.2060305484098977,1.2730794066257018,1.411826743396237]",0
3,3,1165990.0,16,512.0,"[1165990.0,16.0,512.0]","[1.8334261973956067,1.2730794066257018,1.411826743396237]",0
2,3,712990.0,16,512.0,"[712990.0,16.0,512.0]","[1.1211198590734859,1.2730794066257018,1.411826743396237]",0
2,3,1069990.0,32,1024.0,"[1069990.0,32.0,1024.0]","[1.6824738607975414,2.5461588132514037,2.823653486792474]",1
3,3,1549990.0,32,1024.0,"[1549990.0,32.0,1024.0]","[2.4372355437878683,2.5461588132514037,2.823653486792474]",1
0,3,583990.0,8,256.0,"[583990.0,8.0,256.0]","[0.9182776567698354,0.6365397033128509,0.7059133716981185]",0
0,3,1081990.0,16,512.0,"[1081990.0,16.0,512.0]","[1.7013429028722995,1.2730794066257018,1.411826743396237]",0
3,3,1173990.0,16,512.0,"[1173990.0,16.0,512.0]","[1.846005558778779,1.2730794066257018,1.411826743396237]",0
3,3,1583990.0,32,1024.0,"[1583990.0,32.0,1024.0]","[2.49069782966635,2.5461588132514037,2.823653486792474]",1
3,3,1049990.0,16,1024.0,"[1049990.0,16.0,1024.0]","[1.651025457339611,1.2730794066257018,2.823653486792474]",0
3,3,1299990.0,32,1024.0,"[1299990.0,32.0,1024.0]","[2.04413050056374,2.5461588132514037,2.823653486792474]",1
2,3,859990.0,16,512.0,"[859990.0,16.0,512.0]","[1.3522656244892735,1.2730794066257018,1.411826743396237]",0
2,3,979990.0,16,1024.0,"[979990.0,16.0,1024.0]","[1.5409560452368551,1.2730794066257018,2.823653486792474]",0
3,3,699990.0,16,512.0,"[699990.0,16.0,512.0]","[1.1006783968258311,1.2730794066257018,1.411826743396237]",0
3,3,799990.0,32,512.0,"[799990.0,32.0,512.0]","[1.2579204141154825,2.5461588132514037,1.411826743396237]",0
2,3,1499990.0,64,1024.0,"[1499990.0,64.0,1024.0]","[2.3586145351430425,5.092317626502807,2.823653486792474]",2
3,3,829990.0,16,1024.0,"[829990.0,16.0,1024.0]","[1.305093019302378,1.2730794066257018,2.823653486792474]",0
0,3,715990.0,16,512.0,"[715990.0,16.0,512.0]","[1.1258371195921753,1.2730794066257018,1.411826743396237]",0
3,3,899990.0,32,1024.0,"[899990.0,32.0,1024.0]","[1.4151624314051339,2.5461588132514037,2.823653486792474]",1
2,3,989990.0,64,512.0,"[989990.0,64.0,512.0]","[1.5566802469658203,5.092317626502807,1.411826743396237]",2
2,3,679990.0,16,512.0,"[679990.0,16.0,512.0]","[1.0692299933679008,1.2730794066257018,1.411826743396237]",0
3,3,1499990.0,64,1024.0,"[1499990.0,64.0,1024.0]","[2.3586145351430425,5.092317626502807,2.823653486792474]",2
3,3,1399990.0,32,2048.0,"[1399990.0,32.0,2048.0]","[2.201372517853391,2.5461588132514037,5.647306973584948]",1
3,3,1149990.0,16,2048.0,"[1149990.0,16.0,2048.0]","[1.8082674746292626,1.2730794066257018,5.647306973584948]",1
2,3,849990.0,16,1024.0,"[849990.0,16.0,1024.0]","[1.3365414227603083,1.2730794066257018,2.823653486792474]",0
3,3,1599990.0,64,2048.0,"[1599990.0,64.0,2048.0]","[2.515856552432694,5.092317626502807,5.647306973584948]",2
2,3,999990.0,32,1024.0,"[999990.0,32.0,1024.0]","[1.5724044486947855,2.5461588132514037,2.823653486792474]",1
2,3,1259990.0,64,1024.0,"[1259990.0,64.0,1024.0]","[1.9812336936478792,5.092317626502807,2.823653486792474]",2
2,3,1099990.0,64,1024.0,"[1099990.0,64.0,1024.0]","[1.7296464659844368,5.092317626502807,2.823653486792474]",2
0,3,669990.0,16,1024.0,"[669990.0,16.0,1024.0]","[1.0535057916389357,1.2730794066257018,2.823653486792474]",0
0,3,1994990.0,32,1024.0,"[1994990.0,32.0,1024.0]","[3.1369625207268172,2.5461588132514037,2.823653486792474]",1
2,3,900990.0,16,1024.0,"[900990.0,16.0,1024.0]","[1.4167348515780305,1.2730794066257018,2.823653486792474]",0
2,3,766990.0,16,512.0,"[766990.0,16.0,512.0]","[1.2060305484098977,1.2730794066257018,1.411826743396237]",0
3,3,1165990.0,16,512.0,"[1165990.0,16.0,512.0]","[1.8334261973956067,1.2730794066257018,1.411826743396237]",0
2,3,712990.0,16,512.0,"[712990.0,16.0,512.0]","[1.1211198590734859,1.2730794066257018,1.411826743396237]",0
2,3,1069990.0,32,1024.0,"[1069990.0,32.0,1024.0]","[1.6824738607975414,2.5461588132514037,2.823653486792474]",1
3,3,1549990.0,32,1024.0,"[1549990.0,32.0,1024.0]","[2.4372355437878683,2.5461588132514037,2.823653486792474]",1
0,3,583990.0,8,256.0,"[583990.0,8.0,256.0]","[0.9182776567698354,0.6365397033128509,0.7059133716981185]",0
0,3,1081990.0,16,512.0,"[1081990.0,16.0,512.0]","[1.7013429028722995,1.2730794066257018,1.411826743396237]",0
3,3,1173990.0,16,512.0,"[1173990.0,16.0,512.0]","[1.846005558778779,1.2730794066257018,1.411826743396237]",0
3,3,1583990.0,32,1024.0,"[1583990.0,32.0,1024.0]","[2.49069782966635,2.5461588132514037,2.823653486792474]",1
3,3,1049990.0,16,1024.0,"[1049990.0,16.0,1024.0]","[1.651025457339611,1.2730794066257018,2.823653486792474]",0
3,3,1299990.0,32,1024.0,"[1299990.0,32.0,1024.0]","[2.04413050056374,2.5461588132514037,2.823653486792474]",1
2,3,859990.0,16,512.0,"[859990.0,16.0,512.0]","[1.3522656244892735,1.2730794066257018,1.411826743396237]",0
2,3,979990.0,16,1024.0,"[979990.0,16.0,1024.0]","[1.5409560452368551,1.2730794066257018,2.823653486792474]",0
3,3,699990.0,16,512.0,"[699990.0,16.0,512.0]","[1.1006783968258311,1.2730794066257018,1.411826743396237]",0
3,3,799990.0,32,512.0,"[799990.0,32.0,512.0]","[1.2579204141154825,2.5461588132514037,1.411826743396237]",0
2,3,1499990.0,64,1024.0,"[1499990.0,64.0,1024.0]","[2.3586145351430425,5.092317626502807,2.823653486792474]",2
3,3,829990.0,16,1024.0,"[829990.0,16.0,1024.0]","[1.305093019302378,1.2730794066257018,2.823653486792474]",0
0,3,715990.0,16,512.0,"[715990.0,16.0,512.0]","[1.1258371195921753,1.2730794066257018,1.411826743396237]",0
3,3,899990.0,32,1024.0,"[899990.0,32.0,1024.0]","[1.4151624314051339,2.5461588132514037,2.823653486792474]",1
2,3,989990.0,64,512.0,"[989990.0,64.0,512.0]","[1.5566802469658203,5.092317626502807,1.411826743396237]",2
2,3,679990.0,16,512.0,"[679990.0,16.0,512.0]","[1.0692299933679008,1.2730794066257018,1.411826743396237]",0
3,3,1499990.0,64,1024.0,"[1499990.0,64.0,1024.0]","[2.3586145351430425,5.092317626502807,2.823653486792474]",2
3,3,1399990.0,32,2048.0,"[1399990.0,32.0,2048.0]","[2.201372517853391,2.5461588132514037,5.647306973584948]",1
3,3,1149990.0,16,2048.0,"[1149990.0,16.0,2048.0]","[1.8082674746292626,1.2730794066257018,5.647306973584948]",1
2,3,849990.0,16,1024.0,"[849990.0,16.0,1024.0]","[1.3365414227603083,1.2730794066257018,2.823653486792474]",0
3,3,1599990.0,64,2048.0,"[1599990.0,64.0,2048.0]","[2.515856552432694,5.092317626502807,5.647306973584948]",2
2,3,999990.0,32,1024.0,"[999990.0,32.0,1024.0]","[1.5724044486947855,2.5461588132514037,2.823653486792474]",1
2,3,1259990.0,64,1024.0,"[1259990.0,64.0,1024.0]","[1.9812336936478792,5.092317626502807,2.823653486792474]",2
2,3,1099990.0,64,1024.0,"[1099990.0,64.0,1024.0]","[1.7296464659844368,5.092317626502807,2.823653486792474]",2
0,3,669990.0,16,1024.0,"[669990.0,16.0,1024.0]","[1.0535057916389357,1.2730794066257018,2.823653486792474]",0
0,3,1994990.0,32,1024.0,"[1994990.0,32.0,1024.0]","[3.1369625207268172,2.5461588132514037,2.823653486792474]",1
2,3,900990.0,16,1024.0,"[900990.0,16.0,1024.0]","[1.4167348515780305,1.2730794066257018,2.823653486792474]",0
2,3,766990.0,16,512.0,"[766990.0,16.0,512.0]","[1.2060305484098977,1.2730794066257018,1.411826743396237]",0
3,3,1165990.0,16,512.0,"[1165990.0,16.0,512.0]","[1.8334261973956067,1.2730794066257018,1.411826743396237]",0
2,3,712990.0,16,512.0,"[712990.0,16.0,512.0]","[1.1211198590734859,1.2730794066257018,1.411826743396237]",0
2,3,1069990.0,32,1024.0,"[1069990.0,32.0,1024.0]","[1.6824738607975414,2.5461588132514037,2.823653486792474]",1
3,3,1549990.0,32,1024.0,"[1549990.0,32.0,1024.0]","[2.4372355437878683,2.5461588132514037,2.823653486792474]",1
0,3,583990.0,8,256.0,"[583990.0,8.0,256.0]","[0.9182776567698354,0.6365397033128509,0.7059133716981185]",0
0,3,1081990.0,16,512.0,"[1081990.0,16.0,512.0]","[1.7013429028722995,1.2730794066257018,1.411826743396237]",0
3,3,1173990.0,16,512.0,"[1173990.0,16.0,512.0]","[1.846005558778779,1.2730794066257018,1.411826743396237]",0
3,3,1583990.0,32,1024.0,"[1583990.0,32.0,1024.0]","[2.49069782966635,2.5461588132514037,2.823653486792474]",1
3,3,1049990.0,16,1024.0,"[1049990.0,16.0,1024.0]","[1.651025457339611,1.2730794066257018,2.823653486792474]",0
3,3,1299990.0,32,1024.0,"[1299990.0,32.0,1024.0]","[2.04413050056374,2.5461588132514037,2.823653486792474]",1
2,3,859990.0,16,512.0,"[859990.0,16.0,512.0]","[1.3522656244892735,1.2730794066257018,1.411826743396237]",0
2,3,979990.0,16,1024.0,"[979990.0,16.0,1024.0]","[1.5409560452368551,1.2730794066257018,2.823653486792474]",0
3,3,699990.0,16,512.0,"[699990.0,16.0,512.0]","[1.1006783968258311,1.2730794066257018,1.411826743396237]",0
3,3,799990.0,32,512.0,"[799990.0,32.0,512.0]","[1.2579204141154825,2.5461588132514037,1.411826743396237]",0
2,3,1499990.0,64,1024.0,"[1499990.0,64.0,1024.0]","[2.3586145351430425,5.092317626502807,2.823653486792474]",2
3,3,829990.0,16,1024.0,"[829990.0,16.0,1024.0]","[1.305093019302378,1.2730794066257018,2.823653486792474]",0
0,3,715990.0,16,512.0,"[715990.0,16.0,512.0]","[1.1258371195921753,1.2730794066257018,1.411826743396237]",0
3,3,899990.0,32,1024.0,"[899990.0,32.0,1024.0]","[1.4151624314051339,2.5461588132514037,2.823653486792474]",1
2,3,989990.0,64,512.0,"[989990.0,64.0,512.0]","[1.5566802469658203,5.092317626502807,1.411826743396237]",2
2,3,679990.0,16,512.0,"[679990.0,16.0,512.0]","[1.0692299933679008,1.2730794066257018,1.411826743396237]",0
3,3,1499990.0,64,1024.0,"[1499990.0,64.0,1024.0]","[2.3586145351430425,5.092317626502807,2.823653486792474]",2
3,3,1399990.0,32,2048.0,"[1399990.0,32.0,2048.0]","[2.201372517853391,2.5461588132514037,5.647306973584948]",1
3,3,1149990.0,16,2048.0,"[1149990.0,16.0,2048.0]","[1.8082674746292626,1.2730794066257018,5.647306973584948]",1
2,3,849990.0,16,1024.0,"[849990.0,16.0,1024.0]","[1.3365414227603083,1.2730794066257018,2.823653486792474]",0
3,3,1599990.0,64,2048.0,"[1599990.0,64.0,2048.0]","[2.515856552432694,5.092317626502807,5.647306973584948]",2
2,3,999990.0,32,1024.0,"[999990.0,32.0,1024.0]","[1.5724044486947855,2.5461588132514037,2.823653486792474]",1
2,3,1259990.0,64,1024.0,"[1259990.0,64.0,1024.0]","[1.9812336936478792,5.092317626502807,2.823653486792474]",2
2,3,1099990.0,64,1024.0,"[1099990.0,64.0,1024.0]","[1.7296464659844368,5.092317626502807,2.823653486792474]",2
0,3,669990.0,16,1024.0,"[669990.0,16.0,1024.0]","[1.0535057916389357,1.2730794066257018,2.823653486792474]",0
0,3,1994990.0,32,1024.0,"[1994990.0,32.0,1024.0]","[3.1369625207268172,2.5461588132514037,2.823653486792474]",1
2,3,900990.0,16,1024.0,"[900990.0,16.0,1024.0]","[1.4167348515780305,1.2730794066257018,2.823653486792474]",0
2,3,766990.0,16,512.0,"[766990.0,16.0,512.0]","[1.2060305484098977,1.2730794066257018,1.411826743396237]",0
3,3,1165990.0,16,512.0,"[1165990.0,16.0,512.0]","[1.8334261973956067,1.2730794066257018,1.411826743396237]",0
2,3,712990.0,16,512.0,"[712990.0,16.0,512.0]","[1.1211198590734859,1.2730794066257018,1.411826743396237]",0
2,3,1069990.0,32,1024.0,"[1069990.0,32.0,1024.0]","[1.6824738607975414,2.5461588132514037,2.823653486792474]",1
3,3,1549990.0,32,1024.0,"[1549990.0,32.0,1024.0]","[2.4372355437878683,2.5461588132514037,2.823653486792474]",1
0,3,583990.0,8,256.0,"[583990.0,8.0,256.0]","[0.9182776567698354,0.6365397033128509,0.7059133716981185]",0
0,3,1081990.0,16,512.0,"[1081990.0,16.0,512.0]","[1.7013429028722995,1.2730794066257018,1.411826743396237]",0
3,3,1173990.0,16,512.0,"[1173990.0,16.0,512.0]","[1.846005558778779,1.2730794066257018,1.411826743396237]",0
3,3,1583990.0,32,1024.0,"[1583990.0,32.0,1024.0]","[2.49069782966635,2.5461588132514037,2.823653486792474]",1
3,0,289990.0,8,1024.0,"[289990.0,8.0,1024.0]","[0.4559861259382602,0.6365397033128509,2.823653486792474]",0
4,0,3999990.0,36,1024.0,"[3999990.0,36.0,1024.0]","[6.289664967384328,2.864428664907829,2.823653486792474]",1
3,3,1049990.0,16,1024.0,"[1049990.0,16.0,1024.0]","[1.651025457339611,1.2730794066257018,2.823653486792474]",0
3,3,1299990.0,32,1024.0,"[1299990.0,32.0,1024.0]","[2.04413050056374,2.5461588132514037,2.823653486792474]",1
2,3,859990.0,16,512.0,"[859990.0,16.0,512.0]","[1.3522656244892735,1.2730794066257018,1.411826743396237]",0
2,3,979990.0,16,1024.0,"[979990.0,16.0,1024.0]","[1.5409560452368551,1.2730794066257018,2.823653486792474]",0
3,3,699990.0,16,512.0,"[699990.0,16.0,512.0]","[1.1006783968258311,1.2730794066257018,1.411826743396237]",0
3,3,799990.0,32,512.0,"[799990.0,32.0,512.0]","[1.2579204141154825,2.5461588132514037,1.411826743396237]",0
2,3,1499990.0,64,1024.0,"[1499990.0,64.0,1024.0]","[2.3586145351430425,5.092317626502807,2.823653486792474]",2
3,3,829990.0,16,1024.0,"[829990.0,16.0,1024.0]","[1.305093019302378,1.2730794066257018,2.823653486792474]",0
0,3,715990.0,16,512.0,"[715990.0,16.0,512.0]","[1.1258371195921753,1.2730794066257018,1.411826743396237]",0
3,3,899990.0,32,1024.0,"[899990.0,32.0,1024.0]","[1.4151624314051339,2.5461588132514037,2.823653486792474]",1
2,3,989990.0,64,512.0,"[989990.0,64.0,512.0]","[1.5566802469658203,5.092317626502807,1.411826743396237]",2
2,3,679990.0,16,512.0,"[679990.0,16.0,512.0]","[1.0692299933679008,1.2730794066257018,1.411826743396237]",0
3,3,1499990.0,64,1024.0,"[1499990.0,64.0,1024.0]","[2.3586145351430425,5.092317626502807,2.823653486792474]",2
3,3,1399990.0,32,2048.0,"[1399990.0,32.0,2048.0]","[2.201372517853391,2.5461588132514037,5.647306973584948]",1
3,3,1149990.0,16,2048.0,"[1149990.0,16.0,2048.0]","[1.8082674746292626,1.2730794066257018,5.647306973584948]",1
2,3,849990.0,16,1024.0,"[849990.0,16.0,1024.0]","[1.3365414227603083,1.2730794066257018,2.823653486792474]",0
3,3,1599990.0,64,2048.0,"[1599990.0,64.0,2048.0]","[2.515856552432694,5.092317626502807,5.647306973584948]",2
2,3,999990.0,32,1024.0,"[999990.0,32.0,1024.0]","[1.5724044486947855,2.5461588132514037,2.823653486792474]",1
2,3,1259990.0,64,1024.0,"[1259990.0,64.0,1024.0]","[1.9812336936478792,5.092317626502807,2.823653486792474]",2
2,3,1099990.0,64,1024.0,"[1099990.0,64.0,1024.0]","[1.7296464659844368,5.092317626502807,2.823653486792474]",2
0,3,669990.0,16,1024.0,"[669990.0,16.0,1024.0]","[1.0535057916389357,1.2730794066257018,2.823653486792474]",0
0,3,1994990.0,32,1024.0,"[1994990.0,32.0,1024.0]","[3.1369625207268172,2.5461588132514037,2.823653486792474]",1
2,3,900990.0,16,1024.0,"[900990.0,16.0,1024.0]","[1.4167348515780305,1.2730794066257018,2.823653486792474]",0
2,3,766990.0,16,512.0,"[766990.0,16.0,512.0]","[1.2060305484098977,1.2730794066257018,1.411826743396237]",0
3,3,1165990.0,16,512.0,"[1165990.0,16.0,512.0]","[1.8334261973956067,1.2730794066257018,1.411826743396237]",0
2,3,712990.0,16,512.0,"[712990.0,16.0,512.0]","[1.1211198590734859,1.2730794066257018,1.411826743396237]",0
2,3,1069990.0,32,1024.0,"[1069990.0,32.0,1024.0]","[1.6824738607975414,2.5461588132514037,2.823653486792474]",1
3,3,1549990.0,32,1024.0,"[1549990.0,32.0,1024.0]","[2.4372355437878683,2.5461588132514037,2.823653486792474]",1
0,3,583990.0,8,256.0,"[583990.0,8.0,256.0]","[0.9182776567698354,0.6365397033128509,0.7059133716981185]",0
0,3,1081990.0,16,512.0,"[1081990.0,16.0,512.0]","[1.7013429028722995,1.2730794066257018,1.411826743396237]",0
3,3,1173990.0,16,512.0,"[1173990.0,16.0,512.0]","[1.846005558778779,1.2730794066257018,1.411826743396237]",0
3,3,1583990.0,32,1024.0,"[1583990.0,32.0,1024.0]","[2.49069782966635,2.5461588132514037,2.823653486792474]",1
3,3,1049990.0,16,1024.0,"[1049990.0,16.0,1024.0]","[1.651025457339611,1.2730794066257018,2.823653486792474]",0
3,3,1299990.0,32,1024.0,"[1299990.0,32.0,1024.0]","[2.04413050056374,2.5461588132514037,2.823653486792474]",1
2,3,859990.0,16,512.0,"[859990.0,16.0,512.0]","[1.3522656244892735,1.2730794066257018,1.411826743396237]",0
2,3,979990.0,16,1024.0,"[979990.0,16.0,1024.0]","[1.5409560452368551,1.2730794066257018,2.823653486792474]",0
3,3,699990.0,16,512.0,"[699990.0,16.0,512.0]","[1.1006783968258311,1.2730794066257018,1.411826743396237]",0
3,3,799990.0,32,512.0,"[799990.0,32.0,512.0]","[1.2579204141154825,2.5461588132514037,1.411826743396237]",0
2,3,1499990.0,64,1024.0,"[1499990.0,64.0,1024.0]","[2.3586145351430425,5.092317626502807,2.823653486792474]",2
3,3,829990.0,16,1024.0,"[829990.0,16.0,1024.0]","[1.305093019302378,1.2730794066257018,2.823653486792474]",0
0,3,715990.0,16,512.0,"[715990.0,16.0,512.0]","[1.1258371195921753,1.2730794066257018,1.411826743396237]",0
3,3,899990.0,32,1024.0,"[899990.0,32.0,1024.0]","[1.4151624314051339,2.5461588132514037,2.823653486792474]",1
2,3,989990.0,64,512.0,"[989990.0,64.0,512.0]","[1.5566802469658203,5.092317626502807,1.411826743396237]",2
2,3,679990.0,16,512.0,"[679990.0,16.0,512.0]","[1.0692299933679008,1.2730794066257018,1.411826743396237]",0
3,3,1499990.0,64,1024.0,"[1499990.0,64.0,1024.0]","[2.3586145351430425,5.092317626502807,2.823653486792474]",2
3,3,1399990.0,32,2048.0,"[1399990.0,32.0,2048.0]","[2.201372517853391,2.5461588132514037,5.647306973584948]",1
3,3,1149990.0,16,2048.0,"[1149990.0,16.0,2048.0]","[1.8082674746292626,1.2730794066257018,5.647306973584948]",1
2,3,849990.0,16,1024.0,"[849990.0,16.0,1024.0]","[1.3365414227603083,1.2730794066257018,2.823653486792474]",0
3,3,1599990.0,64,2048.0,"[1599990.0,64.0,2048.0]","[2.515856552432694,5.092317626502807,5.647306973584948]",2
2,3,999990.0,32,1024.0,"[999990.0,32.0,1024.0]","[1.5724044486947855,2.5461588132514037,2.823653486792474]",1
2,3,1259990.0,64,1024.0,"[1259990.0,64.0,1024.0]","[1.9812336936478792,5.092317626502807,2.823653486792474]",2
2,3,1099990.0,64,1024.0,"[1099990.0,64.0,1024.0]","[1.7296464659844368,5.092317626502807,2.823653486792474]",2
0,3,669990.0,16,1024.0,"[669990.0,16.0,1024.0]","[1.0535057916389357,1.2730794066257018,2.823653486792474]",0
0,3,1994990.0,32,1024.0,"[1994990.0,32.0,1024.0]","[3.1369625207268172,2.5461588132514037,2.823653486792474]",1
2,3,900990.0,16,1024.0,"[900990.0,16.0,1024.0]","[1.4167348515780305,1.2730794066257018,2.823653486792474]",0
2,3,766990.0,16,512.0,"[766990.0,16.0,512.0]","[1.2060305484098977,1.2730794066257018,1.411826743396237]",0
3,3,1165990.0,16,512.0,"[1165990.0,16.0,512.0]","[1.8334261973956067,1.2730794066257018,1.411826743396237]",0
2,3,712990.0,16,512.0,"[712990.0,16.0,512.0]","[1.1211198590734859,1.2730794066257018,1.411826743396237]",0
2,3,1069990.0,32,1024.0,"[1069990.0,32.0,1024.0]","[1.6824738607975414,2.5461588132514037,2.823653486792474]",1
3,3,1549990.0,32,1024.0,"[1549990.0,32.0,1024.0]","[2.4372355437878683,2.5461588132514037,2.823653486792474]",1
0,3,583990.0,8,256.0,"[583990.0,8.0,256.0]","[0.9182776567698354,0.6365397033128509,0.7059133716981185]",0
0,3,1081990.0,16,512.0,"[1081990.0,16.0,512.0]","[1.7013429028722995,1.2730794066257018,1.411826743396237]",0
3,3,1173990.0,16,512.0,"[1173990.0,16.0,512.0]","[1.846005558778779,1.2730794066257018,1.411826743396237]",0
3,3,1583990.0,32,1024.0,"[1583990.0,32.0,1024.0]","[2.49069782966635,2.5461588132514037,2.823653486792474]",1
3,3,1049990.0,16,1024.0,"[1049990.0,16.0,1024.0]","[1.651025457339611,1.2730794066257018,2.823653486792474]",0
3,3,1299990.0,32,1024.0,"[1299990.0,32.0,1024.0]","[2.04413050056374,2.5461588132514037,2.823653486792474]",1
2,3,859990.0,16,512.0,"[859990.0,16.0,512.0]","[1.3522656244892735,1.2730794066257018,1.411826743396237]",0
2,3,979990.0,16,1024.0,"[979990.0,16.0,1024.0]","[1.5409560452368551,1.2730794066257018,2.823653486792474]",0
3,3,699990.0,16,512.0,"[699990.0,16.0,512.0]","[1.1006783968258311,1.2730794066257018,1.411826743396237]",0
3,3,799990.0,32,512.0,"[799990.0,32.0,512.0]","[1.2579204141154825,2.5461588132514037,1.411826743396237]",0
2,3,1499990.0,64,1024.0,"[1499990.0,64.0,1024.0]","[2.3586145351430425,5.092317626502807,2.823653486792474]",2
3,3,829990.0,16,1024.0,"[829990.0,16.0,1024.0]","[1.305093019302378,1.2730794066257018,2.823653486792474]",0
0,3,715990.0,16,512.0,"[715990.0,16.0,512.0]","[1.1258371195921753,1.2730794066257018,1.411826743396237]",0
3,3,899990.0,32,1024.0,"[899990.0,32.0,1024.0]","[1.4151624314051339,2.5461588132514037,2.823653486792474]",1
2,3,989990.0,64,512.0,"[989990.0,64.0,512.0]","[1.5566802469658203,5.092317626502807,1.411826743396237]",2
2,3,679990.0,16,512.0,"[679990.0,16.0,512.0]","[1.0692299933679008,1.2730794066257018,1.411826743396237]",0
3,3,1499990.0,64,1024.0,"[1499990.0,64.0,1024.0]","[2.3586145351430425,5.092317626502807,2.823653486792474]",2
3,3,1399990.0,32,2048.0,"[1399990.0,32.0,2048.0]","[2.201372517853391,2.5461588132514037,5.647306973584948]",1
3,3,1149990.0,16,2048.0,"[1149990.0,16.0,2048.0]","[1.8082674746292626,1.2730794066257018,5.647306973584948]",1
2,3,849990.0,16,1024.0,"[849990.0,16.0,1024.0]","[1.3365414227603083,1.2730794066257018,2.823653486792474]",0
3,3,1599990.0,64,2048.0,"[1599990.0,64.0,2048.0]","[2.515856552432694,5.092317626502807,5.647306973584948]",2
2,3,999990.0,32,1024.0,"[999990.0,32.0,1024.0]","[1.5724044486947855,2.5461588132514037,2.823653486792474]",1
2,3,1259990.0,64,1024.0,"[1259990.0,64.0,1024.0]","[1.9812336936478792,5.092317626502807,2.823653486792474]",2
2,3,1099990.0,64,1024.0,"[1099990.0,64.0,1024.0]","[1.7296464659844368,5.092317626502807,2.823653486792474]",2
0,3,669990.0,16,1024.0,"[669990.0,16.0,1024.0]","[1.0535057916389357,1.2730794066257018,2.823653486792474]",0
0,3,1994990.0,32,1024.0,"[1994990.0,32.0,1024.0]","[3.1369625207268172,2.5461588132514037,2.823653486792474]",1
2,3,900990.0,16,1024.0,"[900990.0,16.0,1024.0]","[1.4167348515780305,1.2730794066257018,2.823653486792474]",0
2,3,766990.0,16,512.0,"[766990.0,16.0,512.0]","[1.2060305484098977,1.2730794066257018,1.411826743396237]",0
3,3,1165990.0,16,512.0,"[1165990.0,16.0,512.0]","[1.8334261973956067,1.2730794066257018,1.411826743396237]",0
2,3,712990.0,16,512.0,"[712990.0,16.0,512.0]","[1.1211198590734859,1.2730794066257018,1.411826743396237]",0
2,3,1069990.0,32,1024.0,"[1069990.0,32.0,1024.0]","[1.6824738607975414,2.5461588132514037,2.823653486792474]",1
3,3,1549990.0,32,1024.0,"[1549990.0,32.0,1024.0]","[2.4372355437878683,2.5461588132514037,2.823653486792474]",1
0,3,583990.0,8,256.0,"[583990.0,8.0,256.0]","[0.9182776567698354,0.6365397033128509,0.7059133716981185]",0
0,3,1081990.0,16,512.0,"[1081990.0,16.0,512.0]","[1.7013429028722995,1.2730794066257018,1.411826743396237]",0
3,3,1173990.0,16,512.0,"[1173990.0,16.0,512.0]","[1.846005558778779,1.2730794066257018,1.411826743396237]",0
3,3,1583990.0,32,1024.0,"[1583990.0,32.0,1024.0]","[2.49069782966635,2.5461588132514037,2.823653486792474]",1
3,3,1049990.0,16,1024.0,"[1049990.0,16.0,1024.0]","[1.651025457339611,1.2730794066257018,2.823653486792474]",0
3,3,1299990.0,32,1024.0,"[1299990.0,32.0,1024.0]","[2.04413050056374,2.5461588132514037,2.823653486792474]",1
2,3,859990.0,16,512.0,"[859990.0,16.0,512.0]","[1.3522656244892735,1.2730794066257018,1.411826743396237]",0
2,3,979990.0,16,1024.0,"[979990.0,16.0,1024.0]","[1.5409560452368551,1.2730794066257018,2.823653486792474]",0
3,3,699990.0,16,512.0,"[699990.0,16.0,512.0]","[1.1006783968258311,1.2730794066257018,1.411826743396237]",0
3,3,799990.0,32,512.0,"[799990.0,32.0,512.0]","[1.2579204141154825,2.5461588132514037,1.411826743396237]",0
2,3,1499990.0,64,1024.0,"[1499990.0,64.0,1024.0]","[2.3586145351430425,5.092317626502807,2.823653486792474]",2
3,3,829990.0,16,1024.0,"[829990.0,16.0,1024.0]","[1.305093019302378,1.2730794066257018,2.823653486792474]",0
0,3,715990.0,16,512.0,"[715990.0,16.0,512.0]","[1.1258371195921753,1.2730794066257018,1.411826743396237]",0
3,3,899990.0,32,1024.0,"[899990.0,32.0,1024.0]","[1.4151624314051339,2.5461588132514037,2.823653486792474]",1
2,3,989990.0,64,512.0,"[989990.0,64.0,512.0]","[1.5566802469658203,5.092317626502807,1.411826743396237]",2
2,3,679990.0,16,512.0,"[679990.0,16.0,512.0]","[1.0692299933679008,1.2730794066257018,1.411826743396237]",0
3,3,1499990.0,64,1024.0,"[1499990.0,64.0,1024.0]","[2.3586145351430425,5.092317626502807,2.823653486792474]",2
3,3,1399990.0,32,2048.0,"[1399990.0,32.0,2048.0]","[2.201372517853391,2.5461588132514037,5.647306973584948]",1
3,3,1149990.0,16,2048.0,"[1149990.0,16.0,2048.0]","[1.8082674746292626,1.2730794066257018,5.647306973584948]",1
2,3,849990.0,16,1024.0,"[849990.0,16.0,1024.0]","[1.3365414227603083,1.2730794066257018,2.823653486792474]",0
3,3,1599990.0,64,2048.0,"[1599990.0,64.0,2048.0]","[2.515856552432694,5.092317626502807,5.647306973584948]",2
2,3,999990.0,32,1024.0,"[999990.0,32.0,1024.0]","[1.5724044486947855,2.5461588132514037,2.823653486792474]",1
2,3,1259990.0,64,1024.0,"[1259990.0,64.0,1024.0]","[1.9812336936478792,5.092317626502807,2.823653486792474]",2
2,3,1099990.0,64,1024.0,"[1099990.0,64.0,1024.0]","[1.7296464659844368,5.092317626502807,2.823653486792474]",2
0,3,669990.0,16,1024.0,"[669990.0,16.0,1024.0]","[1.0535057916389357,1.2730794066257018,2.823653486792474]",0
0,3,1994990.0,32,1024.0,"[1994990.0,32.0,1024.0]","[3.1369625207268172,2.5461588132514037,2.823653486792474]",1
2,3,900990.0,16,1024.0,"[900990.0,16.0,1024.0]","[1.4167348515780305,1.2730794066257018,2.823653486792474]",0
2,3,766990.0,16,512.0,"[766990.0,16.0,512.0]","[1.2060305484098977,1.2730794066257018,1.411826743396237]",0
3,3,1165990.0,16,512.0,"[1165990.0,16.0,512.0]","[1.8334261973956067,1.2730794066257018,1.411826743396237]",0
2,3,712990.0,16,512.0,"[712990.0,16.0,512.0]","[1.1211198590734859,1.2730794066257018,1.411826743396237]",0
2,3,1069990.0,32,1024.0,"[1069990.0,32.0,1024.0]","[1.6824738607975414,2.5461588132514037,2.823653486792474]",1
3,3,1549990.0,32,1024.0,"[1549990.0,32.0,1024.0]","[2.4372355437878683,2.5461588132514037,2.823653486792474]",1
0,3,583990.0,8,256.0,"[583990.0,8.0,256.0]","[0.9182776567698354,0.6365397033128509,0.7059133716981185]",0
0,3,1081990.0,16,512.0,"[1081990.0,16.0,512.0]","[1.7013429028722995,1.2730794066257018,1.411826743396237]",0
3,3,1173990.0,16,512.0,"[1173990.0,16.0,512.0]","[1.846005558778779,1.2730794066257018,1.411826743396237]",0
3,3,1583990.0,32,1024.0,"[1583990.0,32.0,1024.0]","[2.49069782966635,2.5461588132514037,2.823653486792474]",1
4,0,1949990.0,16,512.0,"[1949990.0,16.0,512.0]","[3.0662036129464743,1.2730794066257018,1.411826743396237]",1
4,0,1199500.0,16,256.0,"[1199500.0,16.0,256.0]","[1.886117997389369,1.2730794066257018,0.7059133716981185]",0
4,0,1449990.0,16,256.0,"[1449990.0,16.0,256.0]","[2.2799935264982167,1.2730794066257018,0.7059133716981185]",0
3,3,1049990.0,16,1024.0,"[1049990.0,16.0,1024.0]","[1.651025457339611,1.2730794066257018,2.823653486792474]",0
3,3,1299990.0,32,1024.0,"[1299990.0,32.0,1024.0]","[2.04413050056374,2.5461588132514037,2.823653486792474]",1
2,3,859990.0,16,512.0,"[859990.0,16.0,512.0]","[1.3522656244892735,1.2730794066257018,1.411826743396237]",0
2,3,979990.0,16,1024.0,"[979990.0,16.0,1024.0]","[1.5409560452368551,1.2730794066257018,2.823653486792474]",0
3,3,799990.0,32,512.0,"[799990.0,32.0,512.0]","[1.2579204141154825,2.5461588132514037,1.411826743396237]",0
2,3,1499990.0,64,1024.0,"[1499990.0,64.0,1024.0]","[2.3586145351430425,5.092317626502807,2.823653486792474]",2
3,3,829990.0,16,1024.0,"[829990.0,16.0,1024.0]","[1.305093019302378,1.2730794066257018,2.823653486792474]",0
0,3,715990.0,16,512.0,"[715990.0,16.0,512.0]","[1.1258371195921753,1.2730794066257018,1.411826743396237]",0
2,3,989990.0,64,512.0,"[989990.0,64.0,512.0]","[1.5566802469658203,5.092317626502807,1.411826743396237]",2
2,3,679990.0,16,512.0,"[679990.0,16.0,512.0]","[1.0692299933679008,1.2730794066257018,1.411826743396237]",0
3,3,1499990.0,64,1024.0,"[1499990.0,64.0,1024.0]","[2.3586145351430425,5.092317626502807,2.823653486792474]",2
3,3,1399990.0,32,2048.0,"[1399990.0,32.0,2048.0]","[2.201372517853391,2.5461588132514037,5.647306973584948]",1
3,3,1149990.0,16,2048.0,"[1149990.0,16.0,2048.0]","[1.8082674746292626,1.2730794066257018,5.647306973584948]",1
2,3,849990.0,16,1024.0,"[849990.0,16.0,1024.0]","[1.3365414227603083,1.2730794066257018,2.823653486792474]",0
3,3,1599990.0,64,2048.0,"[1599990.0,64.0,2048.0]","[2.515856552432694,5.092317626502807,5.647306973584948]",2
2,3,999990.0,32,1024.0,"[999990.0,32.0,1024.0]","[1.5724044486947855,2.5461588132514037,2.823653486792474]",1
2,3,1259990.0,64,1024.0,"[1259990.0,64.0,1024.0]","[1.9812336936478792,5.092317626502807,2.823653486792474]",2
2,3,1099990.0,64,1024.0,"[1099990.0,64.0,1024.0]","[1.7296464659844368,5.092317626502807,2.823653486792474]",2
0,3,669990.0,16,1024.0,"[669990.0,16.0,1024.0]","[1.0535057916389357,1.2730794066257018,2.823653486792474]",0
0,3,1994990.0,32,1024.0,"[1994990.0,32.0,1024.0]","[3.1369625207268172,2.5461588132514037,2.823653486792474]",1
2,3,900990.0,16,1024.0,"[900990.0,16.0,1024.0]","[1.4167348515780305,1.2730794066257018,2.823653486792474]",0
2,3,766990.0,16,512.0,"[766990.0,16.0,512.0]","[1.2060305484098977,1.2730794066257018,1.411826743396237]",0
3,3,1165990.0,16,512.0,"[1165990.0,16.0,512.0]","[1.8334261973956067,1.2730794066257018,1.411826743396237]",0
2,3,712990.0,16,512.0,"[712990.0,16.0,512.0]","[1.1211198590734859,1.2730794066257018,1.411826743396237]",0
2,3,1069990.0,32,1024.0,"[1069990.0,32.0,1024.0]","[1.6824738607975414,2.5461588132514037,2.823653486792474]",1
3,3,1549990.0,32,1024.0,"[1549990.0,32.0,1024.0]","[2.4372355437878683,2.5461588132514037,2.823653486792474]",1
0,3,583990.0,8,256.0,"[583990.0,8.0,256.0]","[0.9182776567698354,0.6365397033128509,0.7059133716981185]",0
0,3,1081990.0,16,512.0,"[1081990.0,16.0,512.0]","[1.7013429028722995,1.2730794066257018,1.411826743396237]",0
3,3,1173990.0,16,512.0,"[1173990.0,16.0,512.0]","[1.846005558778779,1.2730794066257018,1.411826743396237]",0
3,3,1583990.0,32,1024.0,"[1583990.0,32.0,1024.0]","[2.49069782966635,2.5461588132514037,2.823653486792474]",1
3,3,1049990.0,16,1024.0,"[1049990.0,16.0,1024.0]","[1.651025457339611,1.2730794066257018,2.823653486792474]",0
3,3,1299990.0,32,1024.0,"[1299990.0,32.0,1024.0]","[2.04413050056374,2.5461588132514037,2.823653486792474]",1
2,3,859990.0,16,512.0,"[859990.0,16.0,512.0]","[1.3522656244892735,1.2730794066257018,1.411826743396237]",0
2,3,979990.0,16,1024.0,"[979990.0,16.0,1024.0]","[1.5409560452368551,1.2730794066257018,2.823653486792474]",0
3,3,699990.0,16,512.0,"[699990.0,16.0,512.0]","[1.1006783968258311,1.2730794066257018,1.411826743396237]",0
3,3,799990.0,32,512.0,"[799990.0,32.0,512.0]","[1.2579204141154825,2.5461588132514037,1.411826743396237]",0
2,3,1499990.0,64,1024.0,"[1499990.0,64.0,1024.0]","[2.3586145351430425,5.092317626502807,2.823653486792474]",2
3,3,829990.0,16,1024.0,"[829990.0,16.0,1024.0]","[1.305093019302378,1.2730794066257018,2.823653486792474]",0
0,3,715990.0,16,512.0,"[715990.0,16.0,512.0]","[1.1258371195921753,1.2730794066257018,1.411826743396237]",0
3,3,899990.0,32,1024.0,"[899990.0,32.0,1024.0]","[1.4151624314051339,2.5461588132514037,2.823653486792474]",1
2,3,989990.0,64,512.0,"[989990.0,64.0,512.0]","[1.5566802469658203,5.092317626502807,1.411826743396237]",2
2,3,679990.0,16,512.0,"[679990.0,16.0,512.0]","[1.0692299933679008,1.2730794066257018,1.411826743396237]",0
3,3,1499990.0,64,1024.0,"[1499990.0,64.0,1024.0]","[2.3586145351430425,5.092317626502807,2.823653486792474]",2
3,3,1399990.0,32,2048.0,"[1399990.0,32.0,2048.0]","[2.201372517853391,2.5461588132514037,5.647306973584948]",1
3,3,1149990.0,16,2048.0,"[1149990.0,16.0,2048.0]","[1.8082674746292626,1.2730794066257018,5.647306973584948]",1
2,3,849990.0,16,1024.0,"[849990.0,16.0,1024.0]","[1.3365414227603083,1.2730794066257018,2.823653486792474]",0
3,3,1599990.0,64,2048.0,"[1599990.0,64.0,2048.0]","[2.515856552432694,5.092317626502807,5.647306973584948]",2
2,3,999990.0,32,1024.0,"[999990.0,32.0,1024.0]","[1.5724044486947855,2.5461588132514037,2.823653486792474]",1
2,3,1259990.0,64,1024.0,"[1259990.0,64.0,1024.0]","[1.9812336936478792,5.092317626502807,2.823653486792474]",2
2,3,1099990.0,64,1024.0,"[1099990.0,64.0,1024.0]","[1.7296464659844368,5.092317626502807,2.823653486792474]",2
0,3,669990.0,16,1024.0,"[669990.0,16.0,1024.0]","[1.0535057916389357,1.2730794066257018,2.823653486792474]",0
0,3,1994990.0,32,1024.0,"[1994990.0,32.0,1024.0]","[3.1369625207268172,2.5461588132514037,2.823653486792474]",1
2,3,900990.0,16,1024.0,"[900990.0,16.0,1024.0]","[1.4167348515780305,1.2730794066257018,2.823653486792474]",0
2,3,766990.0,16,512.0,"[766990.0,16.0,512.0]","[1.2060305484098977,1.2730794066257018,1.411826743396237]",0
3,3,1165990.0,16,512.0,"[1165990.0,16.0,512.0]","[1.8334261973956067,1.2730794066257018,1.411826743396237]",0
2,3,712990.0,16,512.0,"[712990.0,16.0,512.0]","[1.1211198590734859,1.2730794066257018,1.411826743396237]",0
2,3,1069990.0,32,1024.0,"[1069990.0,32.0,1024.0]","[1.6824738607975414,2.5461588132514037,2.823653486792474]",1
3,3,1549990.0,32,1024.0,"[1549990.0,32.0,1024.0]","[2.4372355437878683,2.5461588132514037,2.823653486792474]",1
0,3,583990.0,8,256.0,"[583990.0,8.0,256.0]","[0.9182776567698354,0.6365397033128509,0.7059133716981185]",0
0,3,1081990.0,16,512.0,"[1081990.0,16.0,512.0]","[1.7013429028722995,1.2730794066257018,1.411826743396237]",0
3,3,1173990.0,16,512.0,"[1173990.0,16.0,512.0]","[1.846005558778779,1.2730794066257018,1.411826743396237]",0
3,3,1583990.0,32,1024.0,"[1583990.0,32.0,1024.0]","[2.49069782966635,2.5461588132514037,2.823653486792474]",1
0,1,2299990.0,16,1024.0,"[2299990.0,16.0,1024.0]","[3.616550673460254,1.2730794066257018,2.823653486792474]",1
1,1,2492990.0,16,512.0,"[2492990.0,16.0,512.0]","[3.9200277668292816,1.2730794066257018,1.411826743396237]",1
2,1,1649990.0,16,512.0,"[1649990.0,16.0,512.0]","[2.59447756107752,1.2730794066257018,1.411826743396237]",0
2,1,1975990.0,16,1024.0,"[1975990.0,16.0,1024.0]","[3.1070865374417833,1.2730794066257018,2.823653486792474]",1
2,1,1404990.0,16,512.0,"[1404990.0,16.0,512.0]","[2.2092346187178737,1.2730794066257018,1.411826743396237]",0
1,1,429990.0,4,256.0,"[429990.0,4.0,256.0]","[0.6761249501437722,0.31826985165642546,0.7059133716981185]",0
0,1,1056990.0,8,512.0,"[1056990.0,8.0,512.0]","[1.6620323985498868,0.6365397033128509,1.411826743396237]",0
0,1,535490.0,4,1024.0,"[535490.0,4.0,1024.0]","[0.8420152783843545,0.31826985165642546,2.823653486792474]",0
0,1,637990.0,8,1024.0,"[637990.0,8.0,1024.0]","[1.0031883461062472,0.6365397033128509,2.823653486792474]",0
3,1,686990.0,8,256.0,"[686990.0,8.0,256.0]","[1.0802369345781764,0.6365397033128509,0.7059133716981185]",0
3,1,789990.0,8,1024.0,"[789990.0,8.0,1024.0]","[1.2421962123865173,0.6365397033128509,2.823653486792474]",0
3,1,985990.0,8,256.0,"[985990.0,8.0,256.0]","[1.550390566274234,0.6365397033128509,0.7059133716981185]",0
3,1,1258990.0,8,256.0,"[1258990.0,8.0,256.0]","[1.9796612734749826,0.6365397033128509,0.7059133716981185]",0
0,1,619990.0,8,1024.0,"[619990.0,8.0,1024.0]","[0.97488478299411,0.6365397033128509,2.823653486792474]",0
3,1,2139990.0,16,512.0,"[2139990.0,16.0,512.0]","[3.364963445796812,1.2730794066257018,1.411826743396237]",1
3,1,890990.0,8,256.0,"[890990.0,8.0,256.0]","[1.4010106498490653,0.6365397033128509,0.7059133716981185]",0
0,1,2946990.0,16,512.0,"[2946990.0,16.0,512.0]","[4.633906525324299,1.2730794066257018,1.411826743396237]",1
1,1,820990.0,8,256.0,"[820990.0,8.0,256.0]","[1.2909412377463094,0.6365397033128509,0.7059133716981185]",0
3,1,775990.0,8,256.0,"[775990.0,8.0,256.0]","[1.2201823299659662,0.6365397033128509,0.7059133716981185]",0
0,1,1300990.0,8,256.0,"[1300990.0,8.0,256.0]","[2.045702920736636,0.6365397033128509,0.7059133716981185]",0
0,1,652990.0,4,1024.0,"[652990.0,4.0,1024.0]","[1.026774648699695,0.31826985165642546,2.823653486792474]",0
0,1,2530990.0,32,512.0,"[2530990.0,32.0,512.0]","[3.979779733399349,2.5461588132514037,1.411826743396237]",1
3,3,1049990.0,16,1024.0,"[1049990.0,16.0,1024.0]","[1.651025457339611,1.2730794066257018,2.823653486792474]",0
3,3,1299990.0,32,1024.0,"[1299990.0,32.0,1024.0]","[2.04413050056374,2.5461588132514037,2.823653486792474]",1
2,3,859990.0,16,512.0,"[859990.0,16.0,512.0]","[1.3522656244892735,1.2730794066257018,1.411826743396237]",0
2,3,979990.0,16,1024.0,"[979990.0,16.0,1024.0]","[1.5409560452368551,1.2730794066257018,2.823653486792474]",0
3,3,699990.0,16,512.0,"[699990.0,16.0,512.0]","[1.1006783968258311,1.2730794066257018,1.411826743396237]",0
3,3,799990.0,32,512.0,"[799990.0,32.0,512.0]","[1.2579204141154825,2.5461588132514037,1.411826743396237]",0
2,3,1499990.0,64,1024.0,"[1499990.0,64.0,1024.0]","[2.3586145351430425,5.092317626502807,2.823653486792474]",2
3,3,829990.0,16,1024.0,"[829990.0,16.0,1024.0]","[1.305093019302378,1.2730794066257018,2.823653486792474]",0
0,3,715990.0,16,512.0,"[715990.0,16.0,512.0]","[1.1258371195921753,1.2730794066257018,1.411826743396237]",0
3,3,899990.0,32,1024.0,"[899990.0,32.0,1024.0]","[1.4151624314051339,2.5461588132514037,2.823653486792474]",1
2,3,989990.0,64,512.0,"[989990.0,64.0,512.0]","[1.5566802469658203,5.092317626502807,1.411826743396237]",2
2,3,679990.0,16,512.0,"[679990.0,16.0,512.0]","[1.0692299933679008,1.2730794066257018,1.411826743396237]",0
3,3,1499990.0,64,1024.0,"[1499990.0,64.0,1024.0]","[2.3586145351430425,5.092317626502807,2.823653486792474]",2
3,3,1399990.0,32,2048.0,"[1399990.0,32.0,2048.0]","[2.201372517853391,2.5461588132514037,5.647306973584948]",1
3,3,1149990.0,16,2048.0,"[1149990.0,16.0,2048.0]","[1.8082674746292626,1.2730794066257018,5.647306973584948]",1
2,3,849990.0,16,1024.0,"[849990.0,16.0,1024.0]","[1.3365414227603083,1.2730794066257018,2.823653486792474]",0
3,3,1599990.0,64,2048.0,"[1599990.0,64.0,2048.0]","[2.515856552432694,5.092317626502807,5.647306973584948]",2
2,3,999990.0,32,1024.0,"[999990.0,32.0,1024.0]","[1.5724044486947855,2.5461588132514037,2.823653486792474]",1
2,3,1259990.0,64,1024.0,"[1259990.0,64.0,1024.0]","[1.9812336936478792,5.092317626502807,2.823653486792474]",2
2,3,1099990.0,64,1024.0,"[1099990.0,64.0,1024.0]","[1.7296464659844368,5.092317626502807,2.823653486792474]",2
0,3,669990.0,16,1024.0,"[669990.0,16.0,1024.0]","[1.0535057916389357,1.2730794066257018,2.823653486792474]",0
0,3,1994990.0,32,1024.0,"[1994990.0,32.0,1024.0]","[3.1369625207268172,2.5461588132514037,2.823653486792474]",1
2,3,900990.0,16,1024.0,"[900990.0,16.0,1024.0]","[1.4167348515780305,1.2730794066257018,2.823653486792474]",0
2,3,766990.0,16,512.0,"[766990.0,16.0,512.0]","[1.2060305484098977,1.2730794066257018,1.411826743396237]",0
3,3,1165990.0,16,512.0,"[1165990.0,16.0,512.0]","[1.8334261973956067,1.2730794066257018,1.411826743396237]",0
2,3,712990.0,16,512.0,"[712990.0,16.0,512.0]","[1.1211198590734859,1.2730794066257018,1.411826743396237]",0
2,3,1069990.0,32,1024.0,"[1069990.0,32.0,1024.0]","[1.6824738607975414,2.5461588132514037,2.823653486792474]",1
3,3,1549990.0,32,1024.0,"[1549990.0,32.0,1024.0]","[2.4372355437878683,2.5461588132514037,2.823653486792474]",1
0,3,583990.0,8,256.0,"[583990.0,8.0,256.0]","[0.9182776567698354,0.6365397033128509,0.7059133716981185]",0
0,3,1081990.0,16,512.0,"[1081990.0,16.0,512.0]","[1.7013429028722995,1.2730794066257018,1.411826743396237]",0
3,3,1173990.0,16,512.0,"[1173990.0,16.0,512.0]","[1.846005558778779,1.2730794066257018,1.411826743396237]",0
3,3,1583990.0,32,1024.0,"[1583990.0,32.0,1024.0]","[2.49069782966635,2.5461588132514037,2.823653486792474]",1
