almacenamiento,almacenamiento_numero,fecha_captura,grupo,identificador,marca,marca_idx,precio,precio_numerico,procesador,procesador_idx,ram,ram_numero,sist_operativo,sist_operativo_idx,tienda,tienda_idx
512Gb,512.0,2026-05-02 17:11:24,e-commerce,Nvidia Geforce Rtx 4060 THUNDEROBOT R15 Intel I7 13650HX DDR5 16 Gb RAM 512Gb SSD 15.6'' QHD 165 Hz Windows 11 Pro Español latino,Thunderobot,8.0,1.632.210,1632210,Intel I7,3,16 Gb,16.0,Windows 11 Pro,0.0,Mercado Libre,3
512Gb,512.0,2026-05-02 17:19:43,e-commerce,Nvidia Geforce Rtx 4060 THUNDEROBOT R15 Intel I7 13650HX DDR5 16 Gb RAM 512Gb SSD 15.6'' QHD 165 Hz Windows 11 Pro Español latino,Thunderobot,8.0,1.632.210,1632210,Intel I7,3,16 Gb,16.0,Windows 11 Pro,0.0,Mercado Libre,3
1 Tb,1024.0,2026-05-02 17:24:41,e-commerce,Nvidia Geforce Rtx5060 Thunderobot I9-14900hx ZERO16 DDR5 32 Gb RAM 1 Tb SSD 16'' QHD 240 Hz Windows 11 Pro Español latino,Thunderobot,8.0,2.448.762,2448762,Intel Core i9 14900HX,7,32 Gb,32.0,Windows 11 Pro,0.0,Mercado Libre,3
1 Tb,1024.0,2026-05-02 17:26:50,e-commerce,Nvidia Geforce Rtx5070 Ti Thunderobot I9-13900hx Rs16 DDR5 32 Gb RAM 1 Tb SSD 16'' QHD 240 Hz Windows 11 Pro Español latino,Thunderobot,8.0,2.720.943,2720943,Intel Core i9 13900HX,7,32 Gb,32.0,Windows 11 Pro,0.0,Mercado Libre,3
256GB,256.0,2026-05-02 21:15:05,e-commerce,Notebook Huawei Matebook B3-510 i3 Intel Core i3-10110U - 8GB - 256GB SSD - Windows 10 Pro,Huawei,12.0,699990,699990,Intel Core i3-10110U,6,8GB,8.0,Windows 10,5.0,TodoClick.cl,2
512GB,512.0,2026-05-02 20:01:59,e-commerce,"Notebook HP 255 G9 AMD Ryzen 7 5825U, 8GB Ram, 512GB SSD, FreeDOS, 15,6""",HP,0.0,532990,532990,Ryzen 7,1,8GB,8.0,FreeDOS,6.0,TodoClick.cl,2
512GB,512.0,2026-05-02 20:26:05,e-commerce,Notebook HP ProBook 445 G8 AMD Ryzen 5 5600U 8GB 512GB SSD W10Pro,HP,0.0,736990,736990,Ryzen 5,4,8GB,8.0,Windows 10,5.0,TodoClick.cl,2
512gb,512.0,2026-05-02 18:41:23,e-commerce,Notebook HP Pavilion 15-eg2505la Intel Core i7 16gb Ram 512gb Ssd Windows 11 Home,HP,0.0,1.323.190,1323190,Intel Core i7,3,16gb,16.0,Windows 11,2.0,Mercado Libre,3
1TB SSD,1024.0,2026-05-02 19:43:22,e-commerce,Notebook HP Omen 16-AE0073CL,HP,0.0,$ 1.599.990,1599990,Intel Core i7-14650HX,3,32 GB,32.0,Windows 11,2.0,PORTATILCHILE,9
512GB,512.0,2026-05-02 19:43:32,e-commerce,Notebook HP 250G9 I7-1255U 15in 16GB 512GB SSD FreeDos,HP,0.0,"$684,990",684990,I7-1255U,0,16GB,16.0,FreeDOS,6.0,ONEDUC,6
1TB,1024.0,2026-05-02 21:51:15,e-commerce,"Notebook HP 245 G10 de 14“ (Ryzen 5 7530U, 16GB Ram, 1TB SSD, Win11 Home)",HP,0.0,669990,669990,Ryzen 5,4,16GB,16.0,Windows 11,2.0,NotebookStoreCL,1
512GB,512.0,2026-05-02 20:52:57,e-commerce,"Notebook HP EliteBook 645, Ryzen 7 Pro 5875U, 16GB RAM, 512GB SSD, Win11 Pro, 14""",HP,0.0,920990,920990,Ryzen 7,1,16GB,16.0,Windows 11 Pro,0.0,TodoClick.cl,2
1TB,1024.0,2026-05-02 19:36:21,e-commerce,"Notebook Zbook Power G11 Intel Ultra 9-185H 16GB RAM 1TB SSD 16"" RTX A10...",HP,0.0,1799990,1799990,Intel Ultra 9-185H,0,16GB,16.0,Otro,3.0,PC Factory,5
512GB,512.0,2026-05-02 19:52:58,e-commerce,"Notebook HP 250 G10 AJ1Y8LT Intel Core i7-135U 16GB Ram, 512GB SSD, FreeDOS 15,6""",HP,0.0,658990,658990,Intel Core i7-135U,3,16GB,16.0,FreeDOS,6.0,TodoClick.cl,2
256GB,256.0,2026-05-02 22:07:27,e-commerce,"Notebook HP Pro MT440 G3 14“ (Celeron 7305, 8GB Ram, 256GB SSD, HP ThinPro)",HP,0.0,583990,583990,Celeron 7305,0,8GB,8.0,Otro,3.0,NotebookStoreCL,1
512gb,512.0,2026-05-02 17:53:57,e-commerce,Notebook 15-fd1251la Ic Ultra5 16gb Ram 512gb Ssd W11 Home,HP,0.0,879.990,879990,Intel Core Ultra 5 Ultra 5 125H,0,16gb,16.0,Windows 11,2.0,Mercado Libre,3
SSD 512 GB,512.0,2026-05-02 15:29:57,comercio electrónico,Notebook HP Pavilion x360 14-ek0009la: Versatilidad y rendimiento en un diseño 2 en 1,HP,0.0,599990,599990,Intel Core i5-1235U (900 MHz - 4400 MHz),2,8 GB DDR4 (3200 MHz),8.0,Windows 11 Home,1.0,SoloTodo,0
512GB,512.0,2026-05-02 19:45:49,e-commerce,"Notebook HP 245 G10 14"" AMD Ryzen 5 7530U 16GB RAM 512GB SSD Windows 11 Pro",HP,0.0,$745.990,745990,Ryzen 5,4,16GB,16.0,Windows 11 Pro,0.0,TECHRELOAD,12
512GB,512.0,2026-05-02 16:15:54,e-commerce,"Notebook HP 245 G10 (B84N3AT) – AMD Ryzen 5 7530U, 8GB RAM, 512GB SSD, 14"" HD, Windows 11 Home",HP,0.0,499900,499900,Ryzen 5,4,8GB,8.0,Windows 11,2.0,SoloTodo,0
512GB,512.0,2026-05-02 17:13:44,e-commerce,Notebook HP 15-fc0079la AMD Ryzen 5 8GB RAM 512GB SSD Windows 11 Home,HP,0.0,649.990,649990,Ryzen 5,4,8GB,8.0,Windows 11,2.0,Mercado Libre,3
1 Tb,1024.0,2026-05-02 18:16:21,e-commerce,Nvidia Geforce Rtx 5060 THUNDEROBOT I9-13900hx Rs16 DDR5 32 Gb RAM 1 Tb SSD 16'' QHD 240 Hz Windows 11 Pro Español latino Teclado UK - Español Latino,Thunderobot,8.0,2.280.113,2280113,Intel Core i9 13900HX,7,32 Gb,32.0,Windows 11 Pro,0.0,Mercado Libre,3
1 Tb,1024.0,2026-05-02 18:10:02,e-commerce,Nvidia Geforce Rtx5070 Ti Thunderobot I9-13900hx Rs16 DDR5 32 Gb RAM 1 Tb SSD 16'' QHD 240 Hz Windows 11 Pro Español latino,Thunderobot,8.0,2.720.943,2720943,Intel Core i9 13900HX,7,32 Gb,32.0,Windows 11 Pro,0.0,Mercado Libre,3
1 Tb,1024.0,2026-05-02 17:25:21,e-commerce,Nvidia Geforce Rtx 5060 Thunderobot I7 13620H 911X17 DDR5 16 Gb RAM 1 Tb SSD 17.3'' QHD 165 Hz Windows 11 Pro Español latino,Thunderobot,8.0,2.250.877,2250877,Intel Core i7 13620H,3,16 Gb,16.0,Windows 11 Pro,0.0,Mercado Libre,3
SSD 512 GB,512.0,2026-05-02 15:19:34,comercio electrónico,Notebook HP 245 G8 (5R992LT),HP,0.0,349990,349990,AMD Ryzen 5 5500U (2100 MHz - 4000 MHz),4,8 GB DDR4 (3200 MHz),8.0,Windows 10 Pro,7.0,SoloTodo,0
256GB,256.0,2026-05-02 21:42:28,e-commerce,"Notebook HP EliteBook 840 G8 i5-1135G7 / 8GB Ram / 256GB SSD / 14"" LED FHD / Windows 10 Pro (35Y50LTABM)",HP,0.0,1300990,1300990,i5-1135G7,0,8GB,8.0,Windows 10,5.0,TodoClick.cl,2
256GB,256.0,2026-05-02 19:58:31,e-commerce,"Notebook HP 240 G9 BL5Q7AT Intel Celeron N4500 8GB Ram, 256GB SSD, FreeDOS, 14""",HP,0.0,279990,279990,N4500,0,8GB,8.0,FreeDOS,6.0,TodoClick.cl,2
SSD 1 TB,1024.0,2026-05-02 14:44:25,comercio electrónico,Notebook Gamer HP OMEN 16-ap0008la,HP,0.0,1499990,1499990,AMD Ryzen 9 8940HX (2400 MHz - 5300 MHz),4,24 GB DDR5 (5200 MHz),24.0,Windows 11 Home,1.0,SoloTodo,0
256gb,256.0,2026-05-02 18:22:12,e-commerce,Notebook Hp 240 G9 Intel Celeron N4500 8gb Ram 256gb Ssd - Negro (Nuevo con caja abierta),HP,0.0,1.129.990,1129990,Intel Celeron N4500,0,8gb,8.0,Windows 11 Pro,0.0,Mercado Libre,3
1TB,1024.0,2026-05-02 19:47:18,e-commerce,"HP EliteBook X G1i 14"" Intel Core Ultra 7 258V 32GB 1TB SSD Windows 11 Pro",HP,0.0,$1.954.990,1954990,Intel Core Ultra 7 258V,0,32GB,32.0,Windows 11 Pro,0.0,TECHNOHIVE,17
SSD 512 GB,512.0,2026-05-02 15:13:15,comercio electrónico,Notebook HP Victus 15-FB3026LA (BV5C6LA) – Potencia y rendimiento para gaming y multitarea,HP,0.0,889990,889990,AMD Ryzen 7 7445HS (3500 MHz - 4700 MHz),1,16 GB DDR5 (5600 MHz),16.0,Windows 11 Home,1.0,SoloTodo,0
256GB,256.0,2026-05-02 18:04:37,e-commerce,"Notebook HP 250 G8 - Intel Core i7-1165G7, 8GB DDR4, 256GB SSD, 15.6"" HD, Windows 10 Pro",HP,0.0,799990,799990,Intel Core i7-1165G7,3,8GB,8.0,Windows 10,5.0,SoloTodo,0
1tb,1024.0,2026-05-02 17:38:14,e-commerce,Notebook Hp Gamer Omen 16-wf0008la Intel Core i9 32gb Ram 1tb Ssd Rtx4070 8gb Windows 11 Home,HP,0.0,2.559.990,2559990,Intel Core i9,7,32gb,32.0,Windows 11,2.0,Mercado Libre,3
256GB SSD M.2 PCIe NVMe,256.0,2026-05-02 19:41:45,e-commerce,Notebook HP Zbook Firefly 14 G8,HP,0.0,$549.990,549990,Intel Core i5-1135G7,2,16GB DDR4,16.0,Windows 11 Pro,0.0,SMARTDEAL,4
512GB,512.0,2026-05-02 19:35:45,e-commerce,"Notebook 15-fd0331la Intel Core 3-100U 15.6"" 60Hz 8GB 512GB SSD Windows ...",HP,0.0,959990,959990,Intel Core 3-100U,0,8GB,8.0,Otro,3.0,PC Factory,5
1TB,1024.0,2026-05-02 22:20:41,e-commerce,"Notebook HP 245 G10 de 14“ (Ryzen 5 7530U, 16GB Ram, 1TB SSD, Win11 Home)",HP,0.0,669990,669990,Ryzen 5,4,16GB,16.0,Windows 11,2.0,NotebookStoreCL,1
1TB,1024.0,2026-05-02 20:32:13,e-commerce,"Notebook HP 250 G10 I5-1334U, 16GB Ram, 1TB SSD, W11P 15,6""",HP,0.0,699990,699990,I5-1334U,0,16GB,16.0,Windows 11 Pro,0.0,TodoClick.cl,2
1 Tb,1024.0,2026-05-02 17:28:00,e-commerce,Nvidia Geforce Rtx 5060 THUNDEROBOT I9-13900hx Rs16 DDR5 32 Gb RAM 1 Tb SSD 16'' QHD 240 Hz Windows 11 Pro Español latino Teclado UK - Español Latino,Thunderobot,8.0,2.280.113,2280113,Intel Core i9 13900HX,7,32 Gb,32.0,Windows 11 Pro,0.0,Mercado Libre,3
1 Tb,1024.0,2026-05-02 17:43:55,e-commerce,Nvidia Geforce Rtx 5060 THUNDEROBOT I9-13900hx Rs16 DDR5 32 Gb RAM 1 Tb SSD 16'' QHD 240 Hz Windows 11 Pro Español latino Teclado UK - Español Latino,Thunderobot,8.0,2.280.113,2280113,Intel Core i9 13900HX,7,32 Gb,32.0,Windows 11 Pro,0.0,Mercado Libre,3
1 Tb,1024.0,2026-05-02 17:35:18,e-commerce,Nvidia Geforce Rtx 5070 Thunderobot I9-13900hx Rs16 DDR5 32 Gb RAM 1 Tb SSD 16'' QHD 240 Hz Windows 11 Pro Español latino,Thunderobot,8.0,2.250.877,2250877,Intel Core i9 13900HX,7,32 Gb,32.0,Windows 11 Pro,0.0,Mercado Libre,3
1 Tb,1024.0,2026-05-02 18:09:42,e-commerce,Nvidia Geforce Rtx 5060 THUNDEROBOT I9-13900hx Rs16 DDR5 32 Gb RAM 1 Tb SSD 16'' QHD 240 Hz Windows 11 Pro Español latino Teclado UK - Español Latino,Thunderobot,8.0,2.280.113,2280113,Intel Core i9 13900HX,7,32 Gb,32.0,Windows 11 Pro,0.0,Mercado Libre,3
1TB,1024.0,2026-05-02 20:12:00,e-commerce,"Notebook HP EliteBook X360 1040 G10, I7 1355U, 32GB RAM, 1TB SSD, W11P, 14""",HP,0.0,1941990,1941990,I7 1355U,0,32GB,32.0,Windows 11 Pro,0.0,TodoClick.cl,2
512GB,512.0,2026-05-02 19:57:27,e-commerce,Notebook HP 250 G10 B5UZ9AT Intel Core I5-1334U 16GB Ram 512GB SSD FreeDOS 15.6″ Negro,HP,0.0,599990,599990,Intel Core I5-1334U,2,16GB,16.0,FreeDOS,6.0,TodoClick.cl,2
SSD 1 TB,1024.0,2026-05-02 15:46:32,comercio electrónico,Notebook Gamer HP OMEN 16-wf0008la,HP,0.0,2134990,2134990,Intel Core i9-13900HX (1600 MHz - 5400 MHz),7,32 GB DDR5 (5600 MHz),32.0,Windows 11 Home,1.0,SoloTodo,0
1TB,1024.0,2026-05-02 20:17:50,e-commerce,"Notebook HP 245 G10 Ryzen 7 7730U, 16GB Ram, 1TB SSD, W11Pro, 14""",HP,0.0,649990,649990,Ryzen 7,1,16GB,16.0,Windows 11 Pro,0.0,TodoClick.cl,2
512GB,512.0,2026-05-02 20:46:44,e-commerce,"Notebook HP EliteBook 840 G11 Intel Ultra 5 125U, 16GB Ram, 512GB SSD, W11P, 14""",HP,0.0,1096990,1096990,Intel Ultra 5 125U,0,16GB,16.0,Windows 11 Pro,0.0,TodoClick.cl,2
1tb,1024.0,2026-05-02 17:46:11,e-commerce,Notebook HP ZBook 8 G1i Intel Core Ultra 7 32gb Ram 1tb Ssd RTX500 4gb Windows 11 Pro,HP,0.0,2.599.990,2599990,Intel Core Ulta 7 255H,0,32gb,32.0,Windows 11 Pro,0.0,Mercado Libre,3
1tb,1024.0,2026-05-02 18:06:07,e-commerce,Notebook Hp Gamer Omer 16-ap0007la AMD Ryzen 9 24gb Ram 1tb Ssd RTX5070 8gb Windows 11 Home,HP,0.0,1.999.990,1999990,Ryzen 9,8,24gb,24.0,Windows 11,2.0,Mercado Libre,3
512GB,512.0,2026-05-02 17:14:52,e-commerce,"Notebook Hp Pavilion 15-eg2502la Intel Core i5 8GB RAM 512GB SSD 15.6"" Windows 11 Home",HP,0.0,584.990,584990,Intel Core i5,2,8GB,8.0,Windows 11,2.0,Mercado Libre,3
512GB,512.0,2026-05-02 14:51:53,comercio electrónico,"Notebook HP 15-fd1251la Intel Core Ultra 5, 16GB RAM, 512GB SSD, 15.6"" FHD",HP,0.0,699990,699990,Intel Core Ultra 5 125H (3600 MHz - 4500 MHz),0,16GB,16.0,Windows 11 Home,1.0,SoloTodo,0
512GB,512.0,2026-05-02 21:32:36,e-commerce,Notebook HP 245 G8 AMD Ryzen 3 5300U 8GB 512GB SSD W10Pro,HP,0.0,1159990,1159990,Ryzen 3,0,8GB,8.0,Windows 10,5.0,TodoClick.cl,2
1TB,1024.0,2026-05-02 20:54:46,e-commerce,"Notebook HP Pavilon Plus 14-eh1003la, i7-1355U, NVIDIA RTX 2050 4GB, 16GB RAM, 1TB SSD, W11H, 14""",HP,0.0,1508990,1508990,i7-1355U,0,16GB,16.0,Windows 11,2.0,TodoClick.cl,2
1TB,1024.0,2026-05-02 22:30:26,e-commerce,"Notebook HP EliteBook X360 1040 G10 de 14“ touch (intel i7-1355U, 32GB Ram, 1TB SSD, Win11 Pro)",HP,0.0,1994990,1994990,intel i7-1355U,0,32GB,32.0,Windows 11 Pro,0.0,NotebookStoreCL,1
SSD 512 GB,512.0,2026-05-02 15:17:23,comercio electrónico,HP EliteBook 840 G8 (63D98LC / W11P): Portátil profesional ultraligero y seguro,HP,0.0,449312,449312,Intel Core i7-1185G7 (3000 MHz - 4800 MHz),3,16 GB DDR4 (3200 MHz),16.0,Windows 11 Pro,0.0,SoloTodo,0
SSD 512 GB,512.0,2026-05-02 15:53:24,comercio electrónico,Notebook HP Pavilion x360 14-ek1013la – Convertible 2 en 1 con Intel Core i3,HP,0.0,539990,539990,Intel Core i3,6,8 GB DDR4 (3200 MHz),8.0,Windows 11 Home,1.0,SoloTodo,0
1 Tb,1024.0,2026-05-02 17:29:30,e-commerce,Nvidia Geforce Rtx5070 Ti Thunderobot I9-13900hx Rs16 DDR5 32 Gb RAM 1 Tb SSD 16'' QHD 240 Hz Windows 11 Pro Español latino,Thunderobot,8.0,2.720.943,2720943,Intel Core i9 13900HX,7,32 Gb,32.0,Windows 11 Pro,0.0,Mercado Libre,3
SSD 512 GB,512.0,2026-05-02 15:24:30,comercio electrónico,Huawei Matebook D14 (NBLK-WAX9X) - Notebook para uso doméstico,Huawei,12.0,370000,370000,AMD Ryzen 5 3500U (2100 MHz - 3700 MHz),1,8 GB DDR4 (2400 MHz),8.0,Windows 11 Home,1.0,SoloTodo,0
512GB,512.0,2026-05-02 16:00:54,comercio electrónico,"Notebook HP 15-fd0059la (A4BB5LA) – Intel Core i5, 16GB RAM, 512GB SSD, 15.6"" FHD, Windows 11 Home",HP,0.0,649990,649990,Intel Core i5,2,16GB,16.0,Windows 11,2.0,SoloTodo,0
512gb,512.0,2026-05-02 18:16:53,e-commerce,Notebook Hp 14-em0017la Amd Ryzen 5 8gb Ram 512gb Ssd Win 11,HP,0.0,399.874,399874,Ryzen 5,4,8gb,8.0,Windows 11 Home,1.0,Mercado Libre,3
512GB,512.0,2026-05-02 19:43:33,e-commerce,Notebook HP Elitebook 840 G10 I5-1335U 16GB 512GB SSD 14 W11P,HP,0.0,"$1,124,990",1124990,I5-1335U,0,16GB,16.0,Windows 11 Pro,0.0,ONEDUC,6
512GB,512.0,2026-05-02 19:32:39,e-commerce,"Notebook HP 245 G10 14"" AMD Ryzen 5 7530U, 8GB DDR4, 512GB SSD, FreeDOS",HP,0.0,476013,476013,Ryzen 5,4,8GB,8.0,FreeDOS,6.0,SoloTodo,0
256GB,256.0,2026-05-02 20:25:54,e-commerce,Notebook HP 245 G8 AMD Ryzen 5 5500U 8GB 256GB SSD W10Pro,HP,0.0,764990,764990,Ryzen 5,4,8GB,8.0,Windows 10,5.0,TodoClick.cl,2
512GB,512.0,2026-05-02 20:53:58,e-commerce,"Notebook HP 15-fd0011la, i5-1335U, 8GB RAM, 512GB SSD, W11H, 15,6""",HP,0.0,1041990,1041990,i5-1335U,0,8GB,8.0,Windows 11,2.0,TodoClick.cl,2
SSD 512 GB,512.0,2026-05-02 15:24:45,comercio electrónico,HP Victus 15-FB3000LA – Notebook Gamer de Alto Rendimiento,HP,0.0,812820,812820,AMD Ryzen 5 7535HS (3300 MHz - 4550 MHz),1,16 GB DDR5 (4800 MHz),16.0,Windows 11 Home,1.0,SoloTodo,0
SSD 512 GB,512.0,2026-05-02 16:08:15,comercio electrónico,"HP ZBook 8 G1i (BN4E7LT) - Notebook Profesional de 16""",HP,0.0,1965530,1965530,Intel Core Ultra 7 255H (4400 MHz - 5100 MHz),0,32 GB DDR5 (5600 MHz),32.0,Windows 11 Pro,0.0,SoloTodo,0
1tb,1024.0,2026-05-02 18:26:31,e-commerce,Notebook HP ZBook 8 G1i Intel Core Ultra 7 32gb Ram 1tb Ssd RTX500 4gb Windows 11 Pro,HP,0.0,2.069.990,2069990,Intel Core i7 8250U,3,32gb,32.0,Windows 11 Pro,0.0,Mercado Libre,3
512gb,512.0,2026-05-02 18:09:22,e-commerce,Hp Intel Core I3 16gb Ram 512gb Ssd 15.6 W11p + Mochila Hp,HP,0.0,599.990,599990,Intel Core I3,6,16gb,16.0,Windows 11 Pro,0.0,Mercado Libre,3
1tb,1024.0,2026-05-02 17:47:49,e-commerce,Notebook HP ZBook 8 G1i Intel Core Ultra 7 32gb Ram 1tb Ssd RTX500 4gb Windows 11 Pro,HP,0.0,2.069.990,2069990,Intel Core i7 8250U,3,32gb,32.0,Windows 11 Pro,0.0,Mercado Libre,3
1TB,1024.0,2026-05-02 20:08:00,e-commerce,"Notebook HP Zbook Power G10 A, AMD Ryzen 7 Pro 7840HS, NVIDIA RTX A1000 6GB, 16GB RAM, 1TB SSD, W11P, 15.6""",HP,0.0,2299990,2299990,Ryzen 7,1,16GB,16.0,Windows 11 Pro,0.0,TodoClick.cl,2
1tb,1024.0,2026-05-02 17:54:50,e-commerce,Notebook Hp Pavilion 14-ew1001la Ultra 7 32gb Ram 1tb Ssd - Excelente (Reacondicionado),HP,0.0,1.149.990,1149990,Intel Core Ultra 7 155H,0,32gb,32.0,Windows 10,5.0,Mercado Libre,3
512gb,512.0,2026-05-02 18:18:23,e-commerce,Notebook Hp 250 G9 I7-1255u 16gb Ram 512gb Ssd 15.6,HP,0.0,769.990,769990,Intel Core i7 1255U,3,16gb,16.0,Windows 11 Pro,0.0,Mercado Libre,3
512gb,512.0,2026-05-02 17:51:06,e-commerce,Notebook Hp 240 G10 Intel Core i3 8gb Ram 512gb Ssd Windows 11 Home,HP,0.0,445.990,445990,Intel Core i3,6,8gb,8.0,Windows 11,2.0,Mercado Libre,3
1TB,1024.0,2026-05-02 21:06:07,e-commerce,"Notebook HP 240 G7, Core i5-1035G1, 8GB RAM, 1TB SSD , W10P, 14""",HP,0.0,611990,611990,Core i5-1035G1,0,8GB,8.0,Windows 10,5.0,TodoClick.cl,2
512GB,512.0,2026-05-02 21:05:18,e-commerce,"Notebook HP ProBook 450 G10, I7 1355U, 16GB RAM, 512GB SSD, W11P, 15.6""",HP,0.0,843990,843990,I7 1355U,0,16GB,16.0,Windows 11 Pro,0.0,TodoClick.cl,2
1 TB,1024.0,2026-05-02 17:31:05,e-commerce,Notebook HP Gamer Omen 16-wf1000la Intel Core i9 32GB RAM NVIDIA GeForce RTX4070 1T SSDS Windows 11 Home,HP,0.0,2.583.928,2583928,Intel Core i9,7,32GB,32.0,Windows 11,2.0,Mercado Libre,3
128GB,128.0,2026-05-02 17:07:01,e-commerce,"Notebook HP Stream 14"" HD Rosa con Intel N150, 4GB RAM y 128GB SSD Windows 11",HP,0.0,617.280,617280,Intel N150,0,4GB,4.0,Windows 11,2.0,Mercado Libre,3
256GB,256.0,2026-05-02 20:07:27,e-commerce,"Notebook HP 250 G9, i3-1215U, FreeDOS, 8GB RAM, 256GB SSD, 15.6""",HP,0.0,529990,529990,i3-1215U,0,8GB,8.0,FreeDOS,6.0,TodoClick.cl,2
1TB,1024.0,2026-05-02 12:42:26,e-commerce,NOTEBOOK HP ELITEBOOK X G1A 14 AMD RYZEN 7 PRO 360 32GB 1TB SSD WIN1,HP,0.0,$ 1.700.990,1700990,RYZEN 7,0,32GB,32.0,Windows 11 Pro,0.0,SCGLOBAL.CL,14
2TB,2048.0,2026-05-02 20:10:02,e-commerce,"Notebook HP Zbook Fury 16 G10, i7-13700HX, 32GB RAM, 2TB SSD, NVIDIA RTX A3500, W11P, 16""",HP,0.0,3963990,3963990,i7-13700HX,0,32GB,32.0,Windows 11 Pro,0.0,TodoClick.cl,2
1 TB,1024.0,2026-05-02 17:32:43,e-commerce,Hp Victus 15-fb3007la Spa R7-8845hs 16gb 1tb Rtx4050 W11h Negro,HP,0.0,1.089.990,1089990,AMD AMD Ryzen 7 8845HS R7-8845HS,1,16gb,16.0,Windows 11,2.0,Mercado Libre,3
512GB,512.0,2026-05-02 17:59:00,e-commerce,"Notebook HP 15-fd0012la Intel Core i7 8GB RAM 512GB SSD 15.6""",HP,0.0,989.990,989990,Intel Core i7,3,8GB,8.0,Windows 11 Home,1.0,Mercado Libre,3
512GB,512.0,2026-05-02 19:43:32,e-commerce,Notebook HP Probook 440 G10 I5-1335U 16GB 512GB SSD 14 FHD W11P,HP,0.0,"$803,990",803990,I5-1335U,0,16GB,16.0,Windows 11 Pro,0.0,ONEDUC,6
512GB,512.0,2026-05-02 15:24:26,comercio electrónico,Notebook HP 15-fc0079la AMD Ryzen 5 8GB RAM 512GB SSD Windows 11 Home,HP,0.0,439990,439990,Ryzen 5,4,8GB,8.0,Windows 11,2.0,SoloTodo,0
512GB,512.0,2026-05-02 20:57:36,e-commerce,"Notebook HP 440 G10, I7-1335U, 16GB RAM, 512GB SSD, W11P, 14""",HP,0.0,986990,986990,I7-1335U,0,16GB,16.0,Windows 11 Pro,0.0,TodoClick.cl,2
512gb,512.0,2026-05-02 17:55:00,e-commerce,"Notebook Hp 250 G10 I7-1355u, 16gb Ram, 512gb Ssd, W11pro",HP,0.0,749.990,749990,Intel Intel i7 i7-1355U,3,16gb,16.0,Windows 11 Pro,0.0,Mercado Libre,3
1TB,1024.0,2026-05-02 19:32:27,e-commerce,"Notebook HP ZBook X G1i 16"" Intel Core Ultra 7 255H, 32GB DDR5, 1TB SSD, Windows 11 Pro",HP,0.0,3099990,3099990,Intel Core Ultra 7 255H (4400 MHz - 5100 MHz),0,32GB,32.0,Windows 11 Pro,0.0,SoloTodo,0
256GB,256.0,2026-05-02 19:44:54,e-commerce,"Notebook HP 250 G10, Intel® Core™ I3-N305, 8GB DDR4, 256GB SSD, USB Type-C®, Wi-Fi 6, HDMI, 15.6"" HD , FreeDOS (B83U6AT).",HP,0.0,$439.990,439990,I3-N305,0,8GB,8.0,FreeDOS,6.0,BIP,10
SSD 512 GB,512.0,2026-05-02 14:50:24,comercio electrónico,Notebook HP Victus 15-fa2014la,HP,0.0,769990,769990,Intel Core i5-13420H (1500 MHz - 4600 MHz),2,16 GB DDR4 (3200 MHz),16.0,Windows 11 Home,1.0,SoloTodo,0
1TB,1024.0,2026-05-02 21:51:24,e-commerce,"Notebook HP EliteBook X360 1040 G10 de 14“ touch (intel i7-1355U, 32GB Ram, 1TB SSD, Win11 Pro)",HP,0.0,1994990,1994990,intel i7-1355U,0,32GB,32.0,Windows 11 Pro,0.0,NotebookStoreCL,1
512GB,512.0,2026-05-02 20:06:12,e-commerce,"Notebook HP 250 G9 I5-1235U 16GB Ram, 512GB SSD, W11Pro, LED 15.6""",HP,0.0,499990,499990,I5-1235U,0,16GB,16.0,Windows 11 Pro,0.0,TodoClick.cl,2
SSD 512 GB,512.0,2026-05-02 15:33:15,comercio electrónico,Notebook HP OmniBook 5 AI 16-af1052la,HP,0.0,889990,889990,Intel Core Ultra 5 225U (1500 MHz - 4800 MHz),0,16 GB LPDDR5X (7467 MHz),16.0,Windows 11 Home,1.0,SoloTodo,0
128 GB,128.0,2026-05-02 18:21:09,e-commerce,"Laptop Hp Stream De 14 Pulgadas, Intel Celeron N150, 16 Gb D",HP,0.0,482.591,482591,Intel Celeron 8250U,0,16 Gb,16.0,Otro,3.0,Mercado Libre,3
SSD 512 GB,512.0,2026-05-02 15:57:44,comercio electrónico,HP Elite Dragonfly G4 – Notebook Empresarial Ultraligero y Potente,HP,0.0,2099990,2099990,Intel Core i7-1365U (1300 MHz - 5200 MHz),3,32 GB LPDDR5 (6400 MHz),32.0,Windows 11 Pro,0.0,SoloTodo,0
512gb,512.0,2026-05-02 17:40:23,e-commerce,Notebook Hp Probook 440 G11 Intel Core Ultra 5 16gb Ram 512gb Ssd Windows 11 Pro,HP,0.0,1.079.990,1079990,Intel Core Ultra 5 125U,0,16gb,16.0,Windows 11 Pro,0.0,Mercado Libre,3
128 GB,128.0,2026-05-02 17:57:59,e-commerce,Notebook Hp Intel N150 4gb 128gb 14' Hd Win11 Rosa,HP,0.0,249.990,249990,Intel N 150 N150,0,4gb,4.0,Windows 11,2.0,Mercado Libre,3
1TB,1024.0,2026-05-02 20:54:37,e-commerce,"Notebook HP Pavilion Aero Laptop 13-be2003la, Ryzen 7 7735U, 16GB RAM, 1TB SSD, W11H, 13.3""",HP,0.0,1014990,1014990,Ryzen 7,1,16GB,16.0,Windows 11,2.0,TodoClick.cl,2
256GB,256.0,2026-05-02 22:21:47,e-commerce,"Notebook HP Pro MT440 G3 14“ (Celeron 7305, 8GB Ram, 256GB SSD, HP ThinPro)",HP,0.0,583990,583990,Celeron 7305,0,8GB,8.0,Otro,3.0,NotebookStoreCL,1
1TB,1024.0,2026-05-02 22:15:57,e-commerce,"Notebook HP 245 G10 de 14“ (Ryzen 5 7530U, 16GB Ram, 1TB SSD, Win11 Home)",HP,0.0,669990,669990,Ryzen 5,4,16GB,16.0,Windows 11,2.0,NotebookStoreCL,1
512GB,512.0,2026-05-02 19:44:51,e-commerce,"Notebook HP 240 G10, Intel Core I3-1315U, 8GB DDR4, 512GB SSD, HDMI, 14"" HD IPS, Windows 11 Home (81D37LT).",HP,0.0,$429.990,429990,Intel Core I3-1315U,6,8GB,8.0,Windows 11,2.0,BIP,10
512 GB,512.0,2026-05-02 17:21:49,e-commerce,Notebook Hp 15-fd0259la I5 16gb 512gb,HP,0.0,819.990,819990,Intel Core i5 1334U,2,16gb,16.0,Windows 11 Home,1.0,Mercado Libre,3
512GB,512.0,2026-05-02 21:13:37,e-commerce,"Notebook HP ProBook 440 G9 I5-1235U, 8GB Ram, 512GB SSD, W11Pro",HP,0.0,705990,705990,I5-1235U,0,8GB,8.0,Windows 11 Pro,0.0,TodoClick.cl,2
512gb,512.0,2026-05-02 18:16:31,e-commerce,Notebook Hp 15-fd0274la Intel Core I7 16gb Ram 512gb Ssd ...,HP,0.0,1.029.990,1029990,Intel Core I7,3,16gb,16.0,Otro,3.0,Mercado Libre,3
512GB,512.0,2026-05-02 21:49:27,e-commerce,"Notebook HP 255R G10 de 15.6“ (Ryzen 7 7735U, 16GB Ram, 512GB SSD, FreeDOS)",HP,0.0,715990,715990,Ryzen 7,1,16GB,16.0,FreeDOS,6.0,NotebookStoreCL,1
512GB,512.0,2026-05-02 22:31:36,e-commerce,"Notebook HP ProBook 440 G11 de 14“ (Ultra 5 125U, 16GB Ram, 512GB SSD, Win11 Pro)",HP,0.0,1081990,1081990,Ultra 5 125U,0,16GB,16.0,Windows 11 Pro,0.0,NotebookStoreCL,1
512GB,512.0,2026-05-02 22:33:27,e-commerce,"Notebook HP 255R G10 de 15.6“ (Ryzen 7 7735U, 16GB Ram, 512GB SSD, FreeDOS)",HP,0.0,715990,715990,Ryzen 7,1,16GB,16.0,FreeDOS,6.0,NotebookStoreCL,1
512GB,512.0,2026-05-02 20:18:19,e-commerce,"Notebook HP 245 G10 Ryzen 7 7730U, 16GB Ram, 512GB SSD, W11Home, 14""",HP,0.0,538990,538990,Ryzen 7,1,16GB,16.0,Windows 11,2.0,TodoClick.cl,2
SSD 512 GB,512.0,2026-05-02 14:46:02,comercio electrónico,Notebook Gamer HP Victus 15-fb3009la: Rendimiento y Diseño para Gaming y Productividad,HP,0.0,699990,699990,AMD Ryzen 5 8645HS (4300 MHz - 5000 MHz),4,8 GB DDR5 (5600 MHz),8.0,Windows 11 Home,1.0,SoloTodo,0
512GB,512.0,2026-05-02 12:34:27,e-commerce,"Computadora portátil 2 en 1 Convertible - HP Pavilion x360 14-ek0000 14-ek0003la 35.6cm (14"") Pantalla Táctil - Full HD - Intel Core i5 12a Gen i5-1235U - 8GB - 512GB SSD",HP,0.0,$1.030.422,1030422,Intel Core i5,2,8GB,8.0,Otro,3.0,FSNSTORE.CL,8
512GB,512.0,2026-05-02 20:03:17,e-commerce,"Notebook HP 250 G10 I7-1355U, 8GB Ram, 512GB SSD, W11Pro",HP,0.0,699990,699990,I7-1355U,0,8GB,8.0,Windows 11 Pro,0.0,TodoClick.cl,2
512GB,512.0,2026-05-02 19:52:15,e-commerce,"Notebook HP 250 G10 Intel Core I7-1355U, 16GB Ram, 512GB SSD, Windows 11 Pro, 15.6""",HP,0.0,689990,689990,Intel Core I7-1355U,3,16GB,16.0,Windows 11 Pro,0.0,TodoClick.cl,2
512GB,512.0,2026-05-02 22:21:54,e-commerce,"Notebook HP ProBook 440 G11 de 14“ (Ultra 5 125U, 16GB Ram, 512GB SSD, Win11 Pro)",HP,0.0,1081990,1081990,Ultra 5 125U,0,16GB,16.0,Windows 11 Pro,0.0,NotebookStoreCL,1
SSD 512 GB,512.0,2026-05-02 19:45:57,e-commerce,"Notebook - HP 245 G10 - AMD Ryzen 5 7530U -RAM 16 GB DDR4 - SSD 512 GB - LED 14.0"" (1366x768) / 60 Hz - W11H (A1KF1LA)",HP,0.0,$699.990,699990,Ryzen 5,4,16 GB,16.0,Windows 11,2.0,MYSHOP,13
512 GB,512.0,2026-05-02 17:58:51,e-commerce,Notebook Hp Zbook G11 Ultra5 125h 32gb 512gb Rtxa500 4gb Pro,HP,0.0,1.499.990,1499990,Intel 125H,0,32gb,32.0,Windows 11 Pro,0.0,Mercado Libre,3
1TB,1024.0,2026-05-02 19:51:10,e-commerce,"Notebook HP 250R G10 Intel Core 5-120U 16GB Ram, 1TB SSD, Windows 11 Pro, 15.6""",HP,0.0,749990,749990,Intel Core 5-120U,0,16GB,16.0,Windows 11 Pro,0.0,TodoClick.cl,2
512gb,512.0,2026-05-02 18:04:42,e-commerce,Notebook Hp 15-fc0070la Amd Ryzen 5 16gb Ram 512gb Ssd W11h,HP,0.0,769.990,769990,Ryzen 5,4,16gb,16.0,Windows 11,2.0,Mercado Libre,3
1tb,1024.0,2026-05-02 17:18:03,e-commerce,Notebook Gamer HP Victus 15-fb3036la Amd Ryzen 7 1tb Ssd RTX 4050,HP,0.0,1.149.990,1149990,Ryzen 7,1,16 GB,16.0,Otro,3.0,Mercado Libre,3
SSD 1 TB,1024.0,2026-05-02 15:26:26,comercio electrónico,Notebook Gamer HP OMEN 17-db0006la,HP,0.0,1319990,1319990,AMD Ryzen 7 8845HS (3800 MHz - 5100 MHz),1,16 GB DDR5 (5600 MHz),16.0,Windows 11 Home,1.0,SoloTodo,0
512GB,512.0,2026-05-02 21:41:50,e-commerce,"Notebook HP Zbook Create G7 i7-10750H / 16GB Ram / 512GB SSD M.2 / 15.6"" LED / RTX 2070 Max-Q / Windows 10 Pro (2Q6W7LAABM)",HP,0.0,2946990,2946990,i7-10750H,0,16GB,16.0,Windows 10,5.0,TodoClick.cl,2
512gb,512.0,2026-05-02 17:42:47,e-commerce,Notebook Hp 245 G10 AMD Ryzen 3 8gb Ram 512gb Ssd Windows 11 Home,HP,0.0,419.990,419990,Ryzen 3,0,8gb,8.0,Windows 11,2.0,Mercado Libre,3
512GB,512.0,2026-05-02 20:05:52,e-commerce,"Notebook HP 245 G10 Ryzen 7 7730U, 16GB Ram, 512GB SSD, W11Pro, 14""",HP,0.0,548990,548990,Ryzen 7,1,16GB,16.0,Windows 11 Pro,0.0,TodoClick.cl,2
512GB,512.0,2026-05-02 21:05:36,e-commerce,"Notebook HP 240 G9, I5-1235U, 8GB RAM, 512GB SSD, W11P, 14""",HP,0.0,706990,706990,I5-1235U,0,8GB,8.0,Windows 11 Pro,0.0,TodoClick.cl,2
256GB,256.0,2026-05-02 22:12:19,e-commerce,"Notebook HP Pro MT440 G3 14“ (Celeron 7305, 8GB Ram, 256GB SSD, HP ThinPro)",HP,0.0,583990,583990,Celeron 7305,0,8GB,8.0,Otro,3.0,NotebookStoreCL,1
512 GB,512.0,2026-05-02 18:19:36,e-commerce,Notebook - Hp 240 (g10) 8gb Ddr4 512gb Led 14.0 60 Hz W11h,HP,0.0,455.990,455990,Intel Core i3 1315U,6,8gb,8.0,Windows 11,2.0,Mercado Libre,3
1TB,1024.0,2026-05-02 22:35:18,e-commerce,"Notebook HP EliteBook X360 1040 G10 de 14“ touch (intel i7-1355U, 32GB Ram, 1TB SSD, Win11 Pro)",HP,0.0,1994990,1994990,intel i7-1355U,0,32GB,32.0,Windows 11 Pro,0.0,NotebookStoreCL,1
1TB,1024.0,2026-05-02 22:01:08,e-commerce,"Notebook HP 245 G10 de 14“ (Ryzen 5 7530U, 16GB Ram, 1TB SSD, Win11 Home)",HP,0.0,669990,669990,Ryzen 5,4,16GB,16.0,Windows 11,2.0,NotebookStoreCL,1
512GB,512.0,2026-05-02 17:07:42,e-commerce,"Notebook HP 14-em0017la AMD Ryzen 5 8GB RAM 512GB SSD 14"" Windows 11 Home",HP,0.0,671.990,671990,Ryzen 5,4,8GB,8.0,Windows 11,2.0,Mercado Libre,3
1TB,1024.0,2026-05-02 15:53:05,comercio electrónico,"Notebook Gamer HP OMEN 14-FB0000LA Intel Core Ultra 7, 16GB RAM, 1TB SSD, NVIDIA RTX 4060",HP,0.0,1699990,1699990,Intel Core Ultra 7 155H (3800 MHz - 4800 MHz),0,16GB,16.0,Windows 11 Home,1.0,SoloTodo,0
1TB,1024.0,2026-05-02 22:06:16,e-commerce,"Notebook HP 245 G10 de 14“ (Ryzen 5 7530U, 16GB Ram, 1TB SSD, Win11 Home)",HP,0.0,669990,669990,Ryzen 5,4,16GB,16.0,Windows 11,2.0,NotebookStoreCL,1
1TB,1024.0,2026-05-02 14:46:58,comercio electrónico,Notebook Gamer HP OMEN 14-FB0001LA Intel Core Ultra 7 16GB 1TB SSD RTX 4060,HP,0.0,1799990,1799990,Intel Core Ultra 7 155H (3800 MHz - 4800 MHz),0,16GB,16.0,Windows 11 Home,1.0,SoloTodo,0
512GB,512.0,2026-05-02 22:46:25,e-commerce,"Notebook HP ProBook 440 G11 de 14“ (Ultra 5 125U, 16GB Ram, 512GB SSD, Win11 Pro)",HP,0.0,1081990,1081990,Ultra 5 125U,0,16GB,16.0,Windows 11 Pro,0.0,NotebookStoreCL,1
512GB,512.0,2026-05-02 20:19:30,e-commerce,"Notebook HP 245 G9 Ryzen 3 3250U 16GB Ram, 512GB SSD, W11Home, 14""",HP,0.0,369990,369990,Ryzen 3,0,16GB,16.0,Windows 11,2.0,TodoClick.cl,2
512GB,512.0,2026-05-02 21:22:20,e-commerce,"Notebook HP EliteBook G8 Ci7-1165G7 Ram 16GB, 512GB SSD, W11P",HP,0.0,1943990,1943990,Ci7-1165G7,0,16GB,16.0,Windows 11 Pro,0.0,TodoClick.cl,2
1TB SSD,1024.0,2026-05-02 19:43:23,e-commerce,Notebook HP ZBook Studio G10 Workstation,HP,0.0,$ 1.999.990,1999990,Intel Core i7-13700H,3,32 GB,32.0,Windows 11,2.0,PORTATILCHILE,9
1TB,1024.0,2026-05-02 21:44:52,e-commerce,"Notebook HP ProBook 440 G11 de 14“ (Ultra 5 125U, 32GB Ram, 1TB SSD, Win11 Pro)",HP,0.0,1199990,1199990,Ultra 5 125U,0,32GB,32.0,Windows 11 Pro,0.0,NotebookStoreCL,1
512GB,512.0,2026-05-02 21:44:13,e-commerce,"Notebook HP ProBook 4 G1iR de 14“ (intel i7-150U, 24GB Ram, 512GB SSD, Win11 Pro)",HP,0.0,994990,994990,intel i7-150U,0,24GB,24.0,Windows 11 Pro,0.0,NotebookStoreCL,1
512GB,512.0,2026-05-02 20:23:27,e-commerce,"Notebook HP EliteBook 840 G8 14"" i5-1135G7 16GB Ram, 512GB SSD, W10Pro (35Y48LT)",HP,0.0,1364990,1364990,i5-1135G7,0,16GB,16.0,Windows 10,5.0,TodoClick.cl,2
1TB,1024.0,2026-05-02 20:49:42,e-commerce,"Notebook HP EliteBook 840 G1 Intel Ultra 7 155U, 32GB Ram, 1TB SSD, W11Pro, 14""",HP,0.0,1395990,1395990,Intel Ultra 7 155U,0,32GB,32.0,Windows 11 Pro,0.0,TodoClick.cl,2
1tb,1024.0,2026-05-02 18:18:12,e-commerce,Notebook HP ZBook 8 G1i Intel Core Ultra 7 32gb Ram 1tb Ssd RTX500 4gb Windows 11 Pro,HP,0.0,2.069.990,2069990,Intel Core i7 8250U,3,32gb,32.0,Windows 11 Pro,0.0,Mercado Libre,3
1TB,1024.0,2026-05-02 22:06:24,e-commerce,"Notebook HP EliteBook X360 1040 G10 de 14“ touch (intel i7-1355U, 32GB Ram, 1TB SSD, Win11 Pro)",HP,0.0,1994990,1994990,intel i7-1355U,0,32GB,32.0,Windows 11 Pro,0.0,NotebookStoreCL,1
512GB,512.0,2026-05-02 15:05:51,comercio electrónico,"Notebook HP 14-EM0017LA AMD Ryzen 5 8GB 512GB SSD 14"" Full HD",HP,0.0,439990,439990,Ryzen 5,4,8GB,8.0,Windows 11 Home,1.0,SoloTodo,0
512GB,512.0,2026-05-02 19:30:28,e-commerce,"Notebook HP 245 G10 (AN0Y2LT) – AMD Ryzen 7, 14"" Full HD, 8GB RAM, 512GB SSD",HP,0.0,642656,642656,Ryzen 7,1,8GB,8.0,Windows 11 Pro,0.0,SoloTodo,0
SSD 1 TB,1024.0,2026-05-02 16:03:18,comercio electrónico,"HP Elite Dragonfly 13.5"" (Modelo 7F407LA)",HP,0.0,2259990,2259990,Intel Core i7-1265U (1300 MHz - 4800 MHz),3,32 GB LPDDR5 (6400 MHz),32.0,Windows 10 Pro,7.0,SoloTodo,0
256 Gb,256.0,2026-05-02 20:24:47,e-commerce,"Notebook Hp 250 G8 I7 1165G7 8Gb 256 Gb Ssd 15,6″ Win 10 Pro",HP,0.0,689990,689990,I7 1165G7,0,8Gb,8.0,Otro,3.0,TodoClick.cl,2
128 Gb,128.0,2026-05-02 17:10:21,e-commerce,"Notebook Hp 15,6 Pantalla Hd 16 Gb Ram 128 Gb Ssd Plateado",HP,0.0,559.743,559743,Intel Celeron N200,0,16 Gb,16.0,Otro,3.0,Mercado Libre,3
512GB,512.0,2026-05-02 16:10:32,comercio electrónico,"Notebook HP 250 G10 Intel Core i3 - 8GB RAM, 512GB SSD, Windows 11 Home",HP,0.0,409990,409990,Intel Core i3,6,8GB,8.0,Windows 11,2.0,SoloTodo,0
1TB,1024.0,2026-05-02 22:40:01,e-commerce,"Notebook HP 245 G10 de 14“ (Ryzen 5 7530U, 16GB Ram, 1TB SSD, Win11 Home)",HP,0.0,669990,669990,Ryzen 5,4,16GB,16.0,Windows 11,2.0,NotebookStoreCL,1
1TB,1024.0,2026-05-02 12:45:34,e-commerce,Notebook HP Elitebook Ultra G1i CORE 7 258V 32GB 1TB SSD WIN11P,HP,0.0,$ 1.799.990,1799990,Intel Core Ultra 7 258V,0,32GB,32.0,Windows 11,2.0,SCGLOBAL.CL,14
256GB,256.0,2026-05-02 20:25:15,e-commerce,"Notebook HP 250 G8 de 15.6“ i5-1135G7, 8GB RAM, 256GB SSD, Win11",HP,0.0,477990,477990,i5-1135G7,0,8GB,8.0,Windows 11,2.0,TodoClick.cl,2
1tb,1024.0,2026-05-02 17:56:08,e-commerce,Notebook HP ZBook 8 G1i Intel Core Ultra 7 32gb Ram 1tb Ssd RTX500 4gb Windows 11 Pro,HP,0.0,2.599.990,2599990,Intel Core Ulta 7 255H,0,32gb,32.0,Windows 11 Pro,0.0,Mercado Libre,3
512GB,512.0,2026-05-02 19:35:50,e-commerce,"Notebook 245 G10 14"" AMD Ryzen 5 7530U 8GB RAM 512GB SSD FREEDOS BM4G4AT...",HP,0.0,1129990,1129990,Ryzen 5,4,8GB,8.0,FreeDOS,6.0,PC Factory,5
512GB,512.0,2026-05-02 20:50:33,e-commerce,"Notebook HP 15-EF2528LA, Ryzen 5 5500U, 8 GB RAM, 512GB SSD, W11H, 15.6""",HP,0.0,586990,586990,Ryzen 5,4,8 GB,8.0,Windows 11,2.0,TodoClick.cl,2
256GB,256.0,2026-05-02 20:12:23,e-commerce,"Notebook HP 240 G9, I5-1235U, 8GB RAM, 256GB SSD, W11H, 14""",HP,0.0,367990,367990,I5-1235U,0,8GB,8.0,Windows 11,2.0,TodoClick.cl,2
512GB,512.0,2026-05-02 21:47:11,e-commerce,"Notebook HP 245 G10 de 14“ (Ryzen 5 7530U, 16GB Ram, 512GB SSD, Win11 Home)",HP,0.0,559990,559990,Ryzen 5,4,16GB,16.0,Windows 11,2.0,NotebookStoreCL,1
1TB,1024.0,2026-05-02 22:16:05,e-commerce,"Notebook HP EliteBook X360 1040 G10 de 14“ touch (intel i7-1355U, 32GB Ram, 1TB SSD, Win11 Pro)",HP,0.0,1994990,1994990,intel i7-1355U,0,32GB,32.0,Windows 11 Pro,0.0,NotebookStoreCL,1
SSD 512 GB,512.0,2026-05-02 15:26:30,comercio electrónico,Notebook HP 255 G9,HP,0.0,499990,499990,AMD Ryzen 7 5825U (2000 MHz - 4500 MHz),1,8 GB DDR4 (3200 MHz),8.0,FreeDOS,6.0,SoloTodo,0
256GB,256.0,2026-05-02 23:02:57,e-commerce,"Notebook HP Pro MT440 G3 14“ (Celeron 7305, 8GB Ram, 256GB SSD, HP ThinPro)",HP,0.0,583990,583990,Celeron 7305,0,8GB,8.0,Otro,3.0,NotebookStoreCL,1
512gb,512.0,2026-05-02 12:30:54,e-commerce,"Notebook hp one, ryzen 7, 32gb ram, 512gb ssd, 15.6"", negro-reacondicionado",HP,0.0,$ 674.910,674910,ryzen 7,0,32gb,32.0,Windows 11 Home,1.0,MOXI.CL,16
512gb,512.0,2026-05-02 17:17:52,e-commerce,Notebook Hp Omnibook X 14-fm0051la Intel Core Ultra5 16gb 512gb Ssd Windows 11 Home,HP,0.0,1.049.990,1049990,Intel Core Ultra 5 226V,0,16gb,16.0,Windows 11,2.0,Mercado Libre,3
1TB,1024.0,2026-05-02 22:30:18,e-commerce,"Notebook HP 245 G10 de 14“ (Ryzen 5 7530U, 16GB Ram, 1TB SSD, Win11 Home)",HP,0.0,669990,669990,Ryzen 5,4,16GB,16.0,Windows 11,2.0,NotebookStoreCL,1
512GB,512.0,2026-05-02 15:57:24,comercio electrónico,"Notebook HP 15-FD0048LA (A20H0LA) – Intel Core i5, 8GB RAM, 512GB SSD, 15.6"" HD",HP,0.0,679990,679990,Intel Core i5,2,8GB,8.0,Windows 11 Home,1.0,SoloTodo,0
256GB,256.0,2026-05-02 19:58:01,e-commerce,"Notebook HP 250 G10 i3-N305, 8GB Ram, 256GB SSD, Windows 11 Pro, 15,6""",HP,0.0,399990,399990,i3-N305,0,8GB,8.0,Windows 11 Pro,0.0,TodoClick.cl,2
512GB,512.0,2026-05-02 20:34:45,e-commerce,"Notebook HP 245 G10 14"" AMD Ryzen 7 7730U 16GB RAM 512GB SSD W11 Pro",HP,0.0,825990,825990,Ryzen 7,1,16GB,16.0,Windows 11,2.0,TodoClick.cl,2
32GB,32.0,2026-05-02 19:37:05,e-commerce,"Notebook Gamer HP Omen Ryzen 9 8945HS RAM 32GB SSD 1TB 17.3"" RTX 4060 8GB W11H (SKU: A14RDLA)",HP,0.0,$ 1.489.990,1489990,Ryzen 9,8,8GB,8.0,Windows 11,2.0,TECNOMAS,15
512GB,512.0,2026-05-02 19:13:04,e-commerce,"Notebook HP ProBook 450 G10 15.6"" Core i5-1334U, 16GB RAM, 512GB SSD, Windows 11 Pro",HP,0.0,729900,729900,Intel Core i5-1334U (900 MHz - 4600 MHz),2,16GB,16.0,Windows 11 Pro,0.0,SoloTodo,0
SSD 1 TB,1024.0,2026-05-02 14:49:15,comercio electrónico,Notebook Gamer HP Victus 15-FA1013LA,HP,0.0,1166990,1166990,Intel Core i7-13700H (1800 MHz - 5000 MHz),3,16 GB DDR4 (3200 MHz),16.0,Windows 11 Home,1.0,SoloTodo,0
512GB,512.0,2026-05-02 12:44:46,e-commerce,NOTEBOOK HP 250R I7-150U 8GB 512GB SSD W11,HP,0.0,$ 879.990,879990,Intel Core 7 150U,0,8GB,8.0,Windows 11,2.0,SCGLOBAL.CL,14
512gb,512.0,2026-05-02 17:24:32,e-commerce,Notebook Hp 240 G10 Intel Core I5 8gb Ram 512gb Ssd,HP,0.0,549.990,549990,Intel Core I5,2,8gb,8.0,Windows 11 Home,1.0,Mercado Libre,3
SSD 1TB,1024.0,2026-05-02 19:37:04,e-commerce,"Notebook Gamer HP Victus Ryzen 7 8845HS RAM 16GB SSD 1TB 15.6"" RTX4050 6GB W11H (SKU: A14LPLA)",HP,0.0,$ 999.990,999990,Ryzen 7,1,16GB,16.0,Windows 11,2.0,TECNOMAS,15
1tb,1024.0,2026-05-02 17:50:37,e-commerce,Notebook HP Gamer VICTUS 15-fb3038la AMD Ryzen 7 24gb Ram 1tb Ssd RTX5050 8gb Windows 11 Home,HP,0.0,1.699.990,1699990,Ryzen 7,1,24gb,24.0,Windows 11,2.0,Mercado Libre,3
256GB,256.0,2026-05-02 22:51:04,e-commerce,"Notebook HP Pro MT440 G3 14“ (Celeron 7305, 8GB Ram, 256GB SSD, HP ThinPro)",HP,0.0,583990,583990,Celeron 7305,0,8GB,8.0,Otro,3.0,NotebookStoreCL,1
512GB,512.0,2026-05-02 15:24:21,comercio electrónico,"Notebook HP 15-dy2501la (Intel Core i3, 8GB RAM, 512GB SSD)",HP,0.0,290000,290000,Intel Core i3,6,8GB,8.0,Windows 11 Home,1.0,SoloTodo,0
1TB,1024.0,2026-05-02 20:29:56,e-commerce,"Notebook HP 240 G8 Intel Core i3-1005G1 /4GB Ram / 1TB HDD / W10H / 14"" (2K2P2LTABM)",HP,0.0,582990,582990,Intel Core i3-1005G1,6,4GB,4.0,Windows 10,5.0,TodoClick.cl,2
512 GB,512.0,2026-05-02 21:39:59,e-commerce,"Notebook HP EliteBook 845 G8 AMD Ryzen 5 5600U 8GB Ram, 512 GB SSD, W10PRO",HP,0.0,1056990,1056990,Ryzen 5,4,8GB,8.0,Windows 10,5.0,TodoClick.cl,2
2tb,2048.0,2026-05-02 17:43:06,e-commerce,Notebook HP Gamer Omen 14-fb0004la Intel Core Ultra 9 32gb Ram 2tb Ssd RTX4070 8gb Windows 11 Home,HP,0.0,2.799.990,2799990,Intel Core Ultra 9 185H,0,32gb,32.0,Windows 11,2.0,Mercado Libre,3
2TB,2048.0,2026-05-02 20:09:51,e-commerce,"Notebook HP Zbook Fury16 G10, i9-13900HX, 64GB RAM. 2TB SSD, NVIDIA RTX 5000, W11P, 16""",HP,0.0,6932990,6932990,i9-13900HX,0,64GB,64.0,Windows 11 Pro,0.0,TodoClick.cl,2
1TB,1024.0,2026-05-02 22:25:37,e-commerce,"Notebook HP EliteBook X360 1040 G10 de 14“ touch (intel i7-1355U, 32GB Ram, 1TB SSD, Win11 Pro)",HP,0.0,1994990,1994990,intel i7-1355U,0,32GB,32.0,Windows 11 Pro,0.0,NotebookStoreCL,1
512GB,512.0,2026-05-02 21:04:46,e-commerce,"Notebook HP ProBook 440 G8, I5-1135G7, 8GB RAM, 512GB SSD, W11P, 14""",HP,0.0,1152990,1152990,I5-1135G7,0,8GB,8.0,Windows 11 Pro,0.0,TodoClick.cl,2
512GB,512.0,2026-05-02 15:26:08,comercio electrónico,"Notebook HP ProBook 4 G1a 14"" AMD Ryzen 5 230, 16GB DDR5, 512GB SSD, Windows 11 Pro",HP,0.0,818192,818192,Ryzen 5,4,16GB,16.0,Windows 11 Pro,0.0,SoloTodo,0
512GB,512.0,2026-05-02 20:49:33,e-commerce,"Notebook HP EliteBook 840 G1 Intel Ultra 5 125U, 16GB Ram, 512GB SSD, W11Pro, 14""",HP,0.0,1394990,1394990,Intel Ultra 5 125U,0,16GB,16.0,Windows 11 Pro,0.0,TodoClick.cl,2
512gb,512.0,2026-05-02 17:21:09,e-commerce,Notebook HP OmniBook 7 Aero NG AI 13-bg1071la AMD Ryzen Ai 7 16gb Ram 512gb Ssd Windows 11 Home,HP,0.0,1.129.990,1129990,AMD Ryzen 7 350,1,16gb,16.0,Windows 11,2.0,Mercado Libre,3
256GB,256.0,2026-05-02 18:00:12,e-commerce,"Notebook EliteBook 645 G9 14"" color plateado 256GB SSD - AMD Ryzen 5 PRO - Excelente (Reacondicionado)",HP,0.0,327.802,327802,Ryzen 5,4,16 GB,16.0,Windows 11 Pro,0.0,Mercado Libre,3
SSD 1 TB,1024.0,2026-05-02 14:57:09,comercio electrónico,Notebook Gamer HP OMEN 16-AM0018LA,HP,0.0,1454990,1454990,Intel Core i7-14650HX (1600 MHz - 5200 MHz),3,16 GB DDR5 (5600 MHz),16.0,Windows 11 Home,1.0,SoloTodo,0
1TB,1024.0,2026-05-02 22:44:55,e-commerce,"Notebook HP 245 G10 de 14“ (Ryzen 5 7530U, 16GB Ram, 1TB SSD, Win11 Home)",HP,0.0,669990,669990,Ryzen 5,4,16GB,16.0,Windows 11,2.0,NotebookStoreCL,1
512GB,512.0,2026-05-02 22:36:27,e-commerce,"Notebook HP ProBook 440 G11 de 14“ (Ultra 5 125U, 16GB Ram, 512GB SSD, Win11 Pro)",HP,0.0,1081990,1081990,Ultra 5 125U,0,16GB,16.0,Windows 11 Pro,0.0,NotebookStoreCL,1
256 GB,256.0,2026-05-02 17:56:58,e-commerce,Notebook Hp Elitebook 840 G5 I5 8gb Ram 256 Ssd Full Hd 14 (Reacondicionado),HP,0.0,249.990,249990,Intel Core i5 8250U,2,8gb,8.0,Windows 10 Pro,7.0,Mercado Libre,3
512GB,512.0,2026-05-02 17:43:26,e-commerce,"Notebook HP Victus 15-fb2028la AMD Ryzen 5 8GB RAM NVIDIA GeForce RTX 2050 512GB SSD 15.6"" - Excelente (Reacondicionado)",HP,0.0,719.990,719990,Ryzen 5,4,8GB,8.0,Windows 11 Home,1.0,Mercado Libre,3
512gb,512.0,2026-05-02 18:04:07,e-commerce,Notebook Hp Probook G10 14in Ryzen 5 16gb Ram 512gb Ssd W11p Gris,HP,0.0,1.148.990,1148990,Ryzen 5,4,16gb,16.0,Windows 11 Pro,0.0,Mercado Libre,3
512GB,512.0,2026-05-02 22:07:35,e-commerce,"Notebook HP ProBook 440 G11 de 14“ (Ultra 5 125U, 16GB Ram, 512GB SSD, Win11 Pro)",HP,0.0,1081990,1081990,Ultra 5 125U,0,16GB,16.0,Windows 11 Pro,0.0,NotebookStoreCL,1
1TB,1024.0,2026-05-02 17:36:17,e-commerce,Notebook HP Gamer Victus 16-r1016la Intel Core i7 32GGB RAM NVIDIA GeForcce RTX4070 1TB SSD Windows 11 Home,HP,0.0,2.112.410,2112410,Intel Core i7,3,32 GB,32.0,Windows 11,2.0,Mercado Libre,3
256 GB,256.0,2026-05-02 18:23:20,e-commerce,Notebook Hp Elitebook 840 G5 I5 8gb Ram 256 Ssd Full Hd 14 Color Plateado - Excelente (Reacondicionado),HP,0.0,1.632.210,1632210,Intel Core i5 8250U,2,8gb,8.0,Windows 10 Pro,7.0,Mercado Libre,3
512GB,512.0,2026-05-02 20:58:08,e-commerce,"Notebook HP 240 G9, I3-1215U, 8GB RAM, 512GB SSD, W11P, 14""",HP,0.0,649990,649990,I3-1215U,0,8GB,8.0,Windows 11 Pro,0.0,TodoClick.cl,2
SSD 512 GB,512.0,2026-05-02 15:14:50,comercio electrónico,Notebook HP 250 G10 (Modelo AJ1Y8LT),HP,0.0,623200,623200,Intel Core i7-1355U (1700 MHz - 5000 MHz),3,16 GB DDR4 (3200 MHz),16.0,FreeDOS,6.0,SoloTodo,0
1tb,1024.0,2026-05-02 18:04:53,e-commerce,Notebook HP ZBook 8 G1i Intel Core Ultra 7 32gb Ram 1tb Ssd RTX500 4gb Windows 11 Pro,HP,0.0,2.599.990,2599990,Intel Core Ulta 7 255H,0,32gb,32.0,Windows 11 Pro,0.0,Mercado Libre,3
512GB,512.0,2026-05-02 20:34:16,e-commerce,"Notebook HP 240 G10 Intel Core i3-1315U, 8GB Ram, 512GB SSD, W11 Home, 14""",HP,0.0,480990,480990,Intel Core i3-1315U,6,8GB,8.0,Windows 11,2.0,TodoClick.cl,2
SSD 1 TB,1024.0,2026-05-02 16:00:36,comercio electrónico,Notebook HP Victus 15-FB3007LA,HP,0.0,1029990,1029990,AMD Ryzen 7 8845HS (3800 MHz - 5100 MHz),1,16 GB DDR5 (5600 MHz),16.0,Windows 11 Home,1.0,SoloTodo,0
1 TB,1024.0,2026-05-02 18:26:02,e-commerce,Notebook Hp Victus 15-fb2019la Ryzen 7 /16gb/1 Tb/rtx 4050,HP,0.0,889.874,889874,Ryzen 7,1,16gb,16.0,Windows 11,2.0,Mercado Libre,3
256 GB,256.0,2026-05-02 21:05:06,e-commerce,"Notebook HP 245 G9, Ryzen3 3250U, 8GB RAM, 256 GB SSD, FreeDOS, 14""",HP,0.0,289990,289990,Ryzen3,0,8GB,8.0,FreeDOS,6.0,TodoClick.cl,2
1tb,1024.0,2026-05-02 17:20:20,e-commerce,Notebook HP Gamer Victus 15-fb2015la AMD Ryzen 5 16gb Ram 1tb Ssd RTX3050 6 gb Windows 11 Home,HP,0.0,1.189.990,1189990,Ryzen 5,4,16gb,16.0,Windows 11,2.0,Mercado Libre,3
1 TB,1024.0,2026-05-02 12:12:44,e-commerce,"HP ProBook 440 G6 Intel i7-8565U 8GB RAM 1 TB HDD 14"" HD Win 10 Pro",HP,0.0,"Precio habitual
$899.990",899990,Intel i7-8565U,3,8GB,8.0,Windows 11,2.0,opcstore.cl,7
256gb,256.0,2026-05-02 17:17:34,e-commerce,Notebook Hp 245 G10 Amd Ryzen 3 8gb Ram 256gb Ssd Window 11 Home,HP,0.0,479.990,479990,Ryzen 3,0,8gb,8.0,Windows 11,2.0,Mercado Libre,3
512GB,512.0,2026-05-02 15:53:10,comercio electrónico,"Notebook HP 14-em0015la AMD Ryzen 7 7730U 14"" FHD 8GB 512GB SSD Windows 11 Home",HP,0.0,529990,529990,Ryzen 7,1,8GB,8.0,Windows 11,2.0,SoloTodo,0
512GB,512.0,2026-05-02 20:06:21,e-commerce,"Notebook HP 250 G9 I5-1235U 8GB Ram, 512GB SSD, W11Pro, LED 15.6""",HP,0.0,469990,469990,I5-1235U,0,8GB,8.0,Windows 11 Pro,0.0,TodoClick.cl,2
512GB,512.0,2026-05-02 19:43:32,e-commerce,Notebook HP 240 G10 I3-1315U 14in 8GB 512GB SSD Win11 Home,HP,0.0,"$504,990",504990,I3-1315U,0,8GB,8.0,Windows 11,2.0,ONEDUC,6
512GB,512.0,2026-05-02 21:05:27,e-commerce,"Notebook HP ProBook 450 G10, I5 1335U, 16GB RAM, 512GB SSD, W11P, 15.6""",HP,0.0,847990,847990,I5 1335U,0,16GB,16.0,Windows 11 Pro,0.0,TodoClick.cl,2
SSD 1 TB,1024.0,2026-05-02 15:32:49,comercio electrónico,HP Omen Gaming 16-AM0065NR Edición League of Legends,HP,0.0,1849000,1849000,Intel Core i7-14650HX (1600 MHz - 5200 MHz),3,32 GB DDR5 (5600 MHz),32.0,Windows 11 Home,1.0,SoloTodo,0
1tb,1024.0,2026-05-02 18:18:03,e-commerce,Notebook Hp Gamer Omen 16-wf0008la Intel Core i9 32gb Ram 1tb Ssd Rtx4070 8gb Windows 11 Home,HP,0.0,2.559.990,2559990,Intel Core i9,7,32gb,32.0,Windows 11,2.0,Mercado Libre,3
1TB,1024.0,2026-05-02 21:40:21,e-commerce,"Notebook HP 240 G8 Intel Core i5-1035G1 / 8GB Ram / 1TB HDD / W10H / 14"" (2T2D4LTABM)",HP,0.0,637990,637990,Intel Core i5-1035G1,2,8GB,8.0,Windows 10,5.0,TodoClick.cl,2
SSD 512 GB,512.0,2026-05-02 16:50:56,e-commerce,HP EliteBook x360 830 G10 (8N9N9LS / 16 GB RAM / SSD 512 GB),HP,0.0,1349990,1349990,Intel Core i7-1355U (1700 MHz - 5000 MHz),3,16 GB,16.0,Windows 11 Pro,0.0,SoloTodo,0
512GB,512.0,2026-05-02 20:30:06,e-commerce,"Notebook HP Zbook Firefly 15 G8 i7-1165G7 / 16GB Ram / 512GB SSD / 15.6"" LED / Windows 10 Pro (3C9C7LAABM)",HP,0.0,1377990,1377990,i7-1165G7,0,16GB,16.0,Windows 10,5.0,TodoClick.cl,2
512GB,512.0,2026-05-02 22:38:19,e-commerce,"Notebook HP 255R G10 de 15.6“ (Ryzen 7 7735U, 16GB Ram, 512GB SSD, FreeDOS)",HP,0.0,715990,715990,Ryzen 7,1,16GB,16.0,FreeDOS,6.0,NotebookStoreCL,1
SSD 256 GB,256.0,2026-05-02 15:57:49,comercio electrónico,HP Laptop 15-DY2055LA,HP,0.0,320000,320000,Intel Core i5-1135G7 (2400 MHz - 4200 MHz),2,8 GB DDR4 (2666 MHz),8.0,Windows 11 Home,1.0,SoloTodo,0
512GB,512.0,2026-05-02 20:53:08,e-commerce,"Notebook HP 240 G9, i5-1235U, 8GB RAM, 512GB SSD, W11P, 14""",HP,0.0,611990,611990,i5-1235U,0,8GB,8.0,Windows 11 Pro,0.0,TodoClick.cl,2
256GB,256.0,2026-05-02 19:58:11,e-commerce,Notebook HP 245 G10 BP0L4AT Ryzen 3-7320U 8GB Ram 256GB SSD Windows 11 Home 14″ Negro,HP,0.0,449990,449990,Ryzen 3-7320U,1,8GB,8.0,Windows 11,2.0,TodoClick.cl,2
256GB,256.0,2026-05-02 19:46:28,e-commerce,"Notebook HP 250 G10 de 15.6“ (i3-N305, 8GB RAM, 256GB SSD, (FreeDOS) (am)",HP,0.0,$426.063,426063,i3-N305,0,8GB,8.0,FreeDOS,6.0,ITSHOP,18
1tb,1024.0,2026-05-02 17:28:49,e-commerce,Notebook Hp Gamer Victus 15-fb3004la AMD Ryzen 9 16gb Ram 1tb Ssd Rtx 4060 Windows 11 Home,HP,0.0,2.169.990,2169990,Ryzen 9,8,16gb,16.0,Windows 11,2.0,Mercado Libre,3
512GB,512.0,2026-05-02 20:04:39,e-commerce,"Notebook HP 250 G10 Intel Core I5-1334U, 16GB Ram, 512GB SSD, Windows 11 Pro, 15,6""",HP,0.0,629990,629990,Intel Core I5-1334U,2,16GB,16.0,Windows 11 Pro,0.0,TodoClick.cl,2
512gb,512.0,2026-05-02 17:09:21,e-commerce,Notebook Hp Omnibook X 14-fm0051la Intel Core Ultra5 16gb 512gb Ssd Windows 11 Home,HP,0.0,1.049.990,1049990,Intel Core Ultra 5 226V,0,16gb,16.0,Windows 11,2.0,Mercado Libre,3
1tb,1024.0,2026-05-02 17:53:36,e-commerce,Hp (15-fd0182) 15.6 I7-1355u 16gb 1tb Ssd W11 Plata Color Plateado (Nuevo con caja abierta),HP,0.0,769.900,769900,Intel Intel Core i7-1355U,3,16gb,16.0,Windows 11,2.0,Mercado Libre,3
512 GB,512.0,2026-05-02 18:07:59,e-commerce,"Notebook Hp 245 G10 Ryzen 5 7530u 8gb Ram, 512gb, W11h Negro 81T58LT",HP,0.0,499.990,499990,Ryzen 5,4,8gb,8.0,Windows 11,2.0,Mercado Libre,3
512GB,512.0,2026-05-02 19:43:32,e-commerce,Notebook HP 255 G10 AMD Ryzen 7 7730U 16GB 512GB SSD 15.6in Win11Home,HP,0.0,"$656,990",656990,Ryzen 7,1,16GB,16.0,Windows 11,2.0,ONEDUC,6
512GB,512.0,2026-05-02 21:16:27,e-commerce,"Notebook HP Elitebook 640 G9 i5-1235U, 16GB RAM, 512GB SSD, W11P (6W4G2LT)",HP,0.0,855990,855990,i5-1235U,0,16GB,16.0,Windows 11 Pro,0.0,TodoClick.cl,2
SSD 512 GB,512.0,2026-05-02 15:24:07,comercio electrónico,Notebook HP 14-ep1001la,HP,0.0,529990,529990,Intel Core Ultra 5 125H (3600 MHz - 4500 MHz),0,8 GB DDR5 (5600 MHz),8.0,Windows 11 Home,1.0,SoloTodo,0
512GB,512.0,2026-05-02 20:14:36,e-commerce,"Notebook HP 250 G9 I5-1235U, 8GB RAM, 512GB SSD, W11H, 15.6""",HP,0.0,499990,499990,I5-1235U,0,8GB,8.0,Windows 11,2.0,TodoClick.cl,2
256GB,256.0,2026-05-02 19:32:13,e-commerce,"Notebook HP 250 G10 (B83U6AT) – Intel Core i3 N305, 8GB RAM, 256GB SSD, FreeDOS",HP,0.0,447833,447833,Intel Core i3,6,8GB,8.0,FreeDOS,6.0,SoloTodo,0
SSD 1 TB,1024.0,2026-05-02 18:43:30,e-commerce,HP ProBook 440 G11 (A24Z2LT / 32 GB RAM / SSD 1 TB),HP,0.0,1159190,1159190,Intel Core Ultra 5 125U (1300 MHz - 4300 MHz),0,32 GB,32.0,Windows 11 Pro,0.0,SoloTodo,0
512GB,512.0,2026-05-02 20:31:53,e-commerce,"Notebook HP 250 G10 15.6"" Intel Core 7 150U 8GB RAM 512GB SSD W11 Pro",HP,0.0,867990,867990,Intel Core 7 150U,0,8GB,8.0,Windows 11,2.0,TodoClick.cl,2
SSD 2 TB,2048.0,2026-05-02 16:11:58,comercio electrónico,HP ZBook Fury G1i 16 – Workstation móvil profesional,HP,0.0,4127900,4127900,Intel Core Ultra 7 265HX (2600 MHz - 5300 MHz),0,32 GB DDR5 (5600 MHz),32.0,Windows 11 Pro,0.0,SoloTodo,0
512GB,512.0,2026-05-02 17:07:20,e-commerce,"Notebook HP 14-em0017la AMD Ryzen 5 8GB RAM 512GB SSD 14"" Windows 11 Home",HP,0.0,671.990,671990,Ryzen 5,4,8GB,8.0,Windows 11,2.0,Mercado Libre,3
1TB,1024.0,2026-05-02 16:02:43,comercio electrónico,"Notebook HP 240 G8 Intel Core i3-1005G1, 4GB DDR4, 1TB HDD, 14"" HD, Windows 10 Home",HP,0.0,299990,299990,Intel Core i3-1005G1,6,4GB,4.0,Windows 10,5.0,SoloTodo,0
256GB,256.0,2026-05-02 19:59:16,e-commerce,"Notebook HP 245 G10 A3GA0LS Ryzen 3 7320U 8GB Ram, 256GB SSD, Windows 11 Home",HP,0.0,359990,359990,Ryzen 3,0,8GB,8.0,Windows 11,2.0,TodoClick.cl,2
512GB,512.0,2026-05-02 20:51:16,e-commerce,"Notebook HP 14-DQ5019LA, I5-1235U, 8GB RAM, 512GB SSD, W11H, 14""",HP,0.0,922990,922990,I5-1235U,0,8GB,8.0,Windows 11,2.0,TodoClick.cl,2
512GB,512.0,2026-05-02 21:44:05,e-commerce,"Notebook HP ProBook 4 G1i de 14“ (intel i5 120U, 16GB Ram, 512GB SSD, Win11 Pro)",HP,0.0,860990,860990,intel i5,0,16GB,16.0,Windows 11 Pro,0.0,NotebookStoreCL,1
SSD 512 GB,512.0,2026-05-02 16:09:48,comercio electrónico,"HP 255RG10 R77735U - Notebook de 15.6"" con AMD Ryzen 7",HP,0.0,687782,687782,Ryzen 7,1,16 GB DDR5 (4800 MHz),16.0,FreeDOS,6.0,SoloTodo,0
128 GB,128.0,2026-05-02 18:00:21,e-commerce,Notebook Hp Intel N150 4gb 128 Gb 14' Hd Gris,HP,0.0,299.990,299990,N 150 Intel N150,0,4gb,4.0,Otro,3.0,Mercado Libre,3
1TB SSD,1024.0,2026-05-02 19:43:22,e-commerce,Notebook HP Omen 16-AE0075CL,HP,0.0,$ 1.599.990,1599990,Intel Core i7-14700HX,3,16 GB,16.0,Windows 11,2.0,PORTATILCHILE,9
256GB,256.0,2026-05-02 21:05:58,e-commerce,"Notebook HP 14-FQ1011LA, Ryzen5 5300U, 8GB RAM, 256GB SSD W11H, 14""",HP,0.0,528990,528990,Ryzen5,4,8GB,8.0,Windows 11,2.0,TodoClick.cl,2
1TB,1024.0,2026-05-02 20:09:29,e-commerce,"Notebook HP Zbook Power G10, i7-13700H, 16GB RAM, 1TB SSD, NVIDIA RTX A500, W11P, 15.6""",HP,0.0,2207990,2207990,i7-13700H,0,16GB,16.0,Windows 11 Pro,0.0,TodoClick.cl,2
128GB,128.0,2026-05-02 13:05:08,e-commerce,"Notebook HP AMD RYZEN 3 4GB 128GB SSD W10 14""",HP,0.0,$1.199.990 $1.349.990,1199990,RYZEN 3,0,4GB,4.0,Windows 10,5.0,BESTMART.CL,19
SSD 1 TB,1024.0,2026-05-02 15:37:43,comercio electrónico,Notebook HP EliteBook 840 G10 (9J308LT),HP,0.0,1599990,1599990,Intel Core i7-1355U (1700 MHz - 5000 MHz),3,32 GB DDR5 (5200 MHz),32.0,Windows 11 Pro,0.0,SoloTodo,0
SSD 512 GB,512.0,2026-05-02 16:00:46,comercio electrónico,HP ZBook Firefly 14 G7 (1P6L2LA) – Estación de trabajo móvil compacta y potente,HP,0.0,1359990,1359990,Intel Core i7-10510U (1800 MHz - 4900 MHz),3,16 GB DDR4 (2666 MHz),16.0,Windows 10 Pro,7.0,SoloTodo,0
512 GB,512.0,2026-05-02 20:38:47,e-commerce,"Notebook HP ProBook 4G1i R14 Intel Core 5 120U 14"" DDR5 16 GB 512 GB SSD W11 Pro Gris",HP,0.0,859990,859990,Intel Core 5 120U,0,16 GB,16.0,Windows 11,2.0,TodoClick.cl,2
512gb,512.0,2026-05-02 17:11:13,e-commerce,Notebook HP OmniBook 7 Aero NG AI 13-bg1071la AMD Ryzen Ai 7 16gb Ram 512gb Ssd Windows 11 Home,HP,0.0,1.129.990,1129990,AMD Ryzen 7 350,1,16gb,16.0,Windows 11,2.0,Mercado Libre,3
256GB,256.0,2026-05-02 12:10:45,e-commerce,"Notebook HP 245 G10 Ryzen 3 7330U 256GB SSD 8GB RAM 14"" Win 11 Home",HP,0.0,$659.990,659990,Ryzen 3,0,8GB,8.0,Windows 11 Home,1.0,opcstore.cl,7
512GB,512.0,2026-05-02 20:50:03,e-commerce,"Notebook HP 250 G10 i5-1334U, 8 GB Ram, 512GB SSD, W11H, 15.6""",HP,0.0,543990,543990,i5-1334U,0,8 GB,8.0,Windows 11,2.0,TodoClick.cl,2
256GB,256.0,2026-05-02 19:44:11,e-commerce,"Notebook HP 240 G9, Intel® Celeron® N4500, 8GB DDR4, 256GB SSD, WiFi, Bluetooth, HDMI, 14"" HD, Windows 11 Home (BL5Q7ATH).",HP,0.0,$379.990,379990,N4500,0,8GB,8.0,Windows 11,2.0,BIP,10
1TB,1024.0,2026-05-02 22:56:59,e-commerce,"Notebook HP 245 G10 de 14“ (Ryzen 5 7530U, 16GB Ram, 1TB SSD, Win11 Home)",HP,0.0,669990,669990,Ryzen 5,4,16GB,16.0,Windows 11,2.0,NotebookStoreCL,1
512GB,512.0,2026-05-02 19:59:04,e-commerce,Notebook HP 250 G10 Intel I5-1334U 8GB Ram + 512GB SSD FreeDOS,HP,0.0,769990,769990,Intel I5-1334U,2,8GB,8.0,FreeDOS,6.0,TodoClick.cl,2
512gb,512.0,2026-05-02 17:55:10,e-commerce,Notebook Hp 15-fd0252la Intel Core I5 8gb Ram 512gb Ssd 15.6,HP,0.0,679.990,679990,Intel Core I5,2,8gb,8.0,Windows 11 Home,1.0,Mercado Libre,3
256GB,256.0,2026-05-02 17:15:22,e-commerce,"Notebook EliteBook 845 G8 14"" color plateado 256GB SSD - AMD Ryzen 5 - Excelente (Reacondicionado)",HP,0.0,279.835,279835,Ryzen 5,4,16 GB,16.0,Windows 11 Pro,0.0,Mercado Libre,3
1TB,1024.0,2026-05-02 22:49:55,e-commerce,"Notebook HP 245 G10 de 14“ (Ryzen 5 7530U, 16GB Ram, 1TB SSD, Win11 Home)",HP,0.0,669990,669990,Ryzen 5,4,16GB,16.0,Windows 11,2.0,NotebookStoreCL,1
256gb,256.0,2026-05-02 18:03:56,e-commerce,Hp Probook 440 G4-intel I5-7200u-8gb Ram-256gb Ssd-14 -w11p (Reacondicionado),HP,0.0,189.990,189990,intel I5-7200u-8gb,0,8gb,8.0,Windows 11 Pro,0.0,Mercado Libre,3
256 GB,256.0,2026-05-02 18:13:26,e-commerce,Notebook Hp 240 G8 Intel Core I5-1035g1 Ssd 256 Gb Ram 8 Gb (Reacondicionado),HP,0.0,290.000,290000,Intel Core I5-1035g1,2,256 Gb,8.0,Windows 11 Pro,0.0,Mercado Libre,3
512GB SSD,512.0,2026-05-02 19:43:22,e-commerce,Notebook HP 15-FD0150WM,HP,0.0,$ 529.990,529990,Intel Core i5-1334U,2,8 GB,8.0,Windows 11,2.0,PORTATILCHILE,9
512 GB,512.0,2026-05-02 18:07:51,e-commerce,Notebook Hp 15-fd0259la I5 16gb 512gb,HP,0.0,819.990,819990,Intel Core i5 1334U,2,16gb,16.0,Windows 11 Home,1.0,Mercado Libre,3
1TB,1024.0,2026-05-02 20:20:53,e-commerce,"Notebook HP 250 G8 Intel Core i5-1135G7, 16GB Ram, 1TB SSD M2, W11PRO, 15,6""",HP,0.0,499990,499990,Intel Core i5-1135G7,2,16GB,16.0,Windows 11 Pro,0.0,TodoClick.cl,2
1TB,1024.0,2026-05-02 20:13:58,e-commerce,"Notebook HP 840 G10, I7 1355U, 16GB RAM, 1TB SSD, W11P, 14""",HP,0.0,1364990,1364990,I7 1355U,0,16GB,16.0,Windows 11 Pro,0.0,TodoClick.cl,2
512GB,512.0,2026-05-02 20:03:47,e-commerce,"Notebook HP 15-FD0006LA i7-1355U, 12GB, 512GB SSD, W11Pro",HP,0.0,699990,699990,i7-1355U,0,12GB,12.0,Windows 11 Pro,0.0,TodoClick.cl,2
256GB,256.0,2026-05-02 22:31:28,e-commerce,"Notebook HP Pro MT440 G3 14“ (Celeron 7305, 8GB Ram, 256GB SSD, HP ThinPro)",HP,0.0,583990,583990,Celeron 7305,0,8GB,8.0,Otro,3.0,NotebookStoreCL,1
256gb,256.0,2026-05-02 12:28:19,e-commerce,"Notebook hp 15-fc0037wm ryzen 5, 256gb ssd, 8gb,15,6""-azul-open box",HP,0.0,$ 499.900,499900,ryzen 5,0,8gb,8.0,Windows 11,2.0,MOXI.CL,16
SSD 1 TB,1024.0,2026-05-02 15:34:03,comercio electrónico,Notebook HP OmniBook X Flip 14-fm0072la x360 2 en 1,HP,0.0,1359990,1359990,Intel Core Ultra 7 256V (2200 MHz - 4800 MHz),0,16 GB LPDDR5X (8533 MHz),16.0,Windows 11 Home,1.0,SoloTodo,0
1TB,1024.0,2026-05-02 22:01:18,e-commerce,"Notebook HP EliteBook X360 1040 G10 de 14“ touch (intel i7-1355U, 32GB Ram, 1TB SSD, Win11 Pro)",HP,0.0,1994990,1994990,intel i7-1355U,0,32GB,32.0,Windows 11 Pro,0.0,NotebookStoreCL,1
SSD 512 GB,512.0,2026-05-02 14:56:16,comercio electrónico,Notebook HP Pavilion 15-eg2502la,HP,0.0,459990,459990,Intel Core i5-1235U (900 MHz - 4400 MHz),2,8 GB DDR4 (3200 MHz),8.0,Windows 11 Home,1.0,SoloTodo,0
256gb,256.0,2026-05-02 18:04:19,e-commerce,"Hp Probook 440 G6 Core I5-8, 12gb Ram, 256gb Ssd (Reacondicionado)",HP,0.0,329.990,329990,Intel Core i5-8265U,2,12gb,12.0,Windows 10 Pro,7.0,Mercado Libre,3
512gb,512.0,2026-05-02 18:25:51,e-commerce,Notebook Hp 440g8 I5 1135g7 16gb 512gb Ssd 14 W10p Fullstock (Nuevo con caja abierta),HP,0.0,1.632.210,1632210,Intel Core i5,2,16gb,16.0,Windows 10,5.0,Mercado Libre,3
512GB,512.0,2026-05-02 20:09:06,e-commerce,"Notebook HP ZBook Firefly 16 G9, I7-1260P, 8GB RAM, 512GB SSD, W11P, 16""",HP,0.0,1280990,1280990,I7-1260P,0,8GB,8.0,Windows 11 Pro,0.0,TodoClick.cl,2
1 TB,1024.0,2026-05-02 17:31:36,e-commerce,Hp Victus 15-fb3007la Spa R7-8845hs 16gb 1tb Rtx4050 W11h Negro,HP,0.0,1.089.990,1089990,AMD AMD Ryzen 7 8845HS R7-8845HS,1,16gb,16.0,Windows 11,2.0,Mercado Libre,3
1TB,1024.0,2026-05-02 21:56:11,e-commerce,"Notebook HP 245 G10 de 14“ (Ryzen 5 7530U, 16GB Ram, 1TB SSD, Win11 Home)",HP,0.0,669990,669990,Ryzen 5,4,16GB,16.0,Windows 11,2.0,NotebookStoreCL,1
512GB,512.0,2026-05-02 20:12:34,e-commerce,"Notebook HP 250 G9, i7-1255U, FreeDOS, 16GB RAM, 512GB SSD, 15.6""",HP,0.0,589990,589990,i7-1255U,0,16GB,16.0,FreeDOS,6.0,TodoClick.cl,2
256GB,256.0,2026-05-02 19:50:05,e-commerce,"Notebook HP 250 G10 i3-1315U, 8 GB Ram, 256GB SSD, FreeDOS, 15.6""",HP,0.0,428990,428990,i3-1315U,0,8 GB,8.0,FreeDOS,6.0,TodoClick.cl,2
1TB,1024.0,2026-05-02 21:41:11,e-commerce,"Notebook HP 255 G8 AMD Ryzen 3 3250U / 8GB Ram / 1TB HDD / W10 Home / 15.6"" HD (2Q6E2LTABM)",HP,0.0,619990,619990,Ryzen 3,0,8GB,8.0,Windows 10,5.0,TodoClick.cl,2
512 GB SSD PCIe Gen4 NVMe,512.0,2026-05-02 19:39:52,e-commerce,Notebook HP OMEN Transcend 16T-U100 GAMING,HP,0.0,$1.399.990,1399990,Intel Core i9-14900HX,7,16 GB,16.0,Windows 11,2.0,SMARTDEAL,4
512 GB,512.0,2026-05-02 18:11:02,e-commerce,Notebook - Hp 245 G10 - 16 Gb Ddr4 - Ssd 512 Gb - Led 14.0,HP,0.0,739.990,739990,AMD Ryzen 5 7530U,1,16 Gb,16.0,Windows 11 Home,1.0,Mercado Libre,3
512GB,512.0,2026-05-02 20:04:59,e-commerce,"Notebook HP 250 G10 9E4Y4LT Intel Core I5-1334U, 8GB Ram, 512GB SSD, FreeDOS 15,6""",HP,0.0,559990,559990,Intel Core I5-1334U,2,8GB,8.0,FreeDOS,6.0,TodoClick.cl,2
512GB,512.0,2026-05-02 12:12:57,e-commerce,"Notebook HP 245 G9 Ryzen 7 5825U 16GB RAM 512GB SSD 14"" HD Windows 11 Home",HP,0.0,$839.990,839990,Ryzen 7,1,16GB,16.0,Windows 11,2.0,opcstore.cl,7
512GB,512.0,2026-05-02 21:06:27,e-commerce,"Notebook HP Pavillion 14-EH0101LA ,I7-1255U, 16GB RAM, 512GB SSD, W11H",HP,0.0,1546990,1546990,I7-1255U,0,16GB,16.0,Windows 11,2.0,TodoClick.cl,2
64 GB,64.0,2026-05-02 17:44:35,e-commerce,Notebook Hp Intel Celeron 4gb 64gb 14' Táctil W11,HP,0.0,249.990,249990,Intel Celeron N4120,0,4gb,4.0,Windows 11,2.0,Mercado Libre,3
256GB,256.0,2026-05-02 12:37:02,e-commerce,"Portátil - HP 250 G10 39.6cm (15.6"") - HD - 60Hz - Intel N-Series i3-N305 - 8GB - 256GB SSD - Plata ceniza oscuro - Intel Chip - 1366 x 768 - FreeDOS 3.0 - Inte",HP,0.0,$524.503,524503,Intel N-Series i3-N305,6,8GB,8.0,FreeDOS,6.0,FSNSTORE.CL,8
512GB,512.0,2026-05-02 16:56:44,e-commerce,"Notebook HP EliteBook 840 G11 (A1UQ5LA) – 14"" Táctil, Intel Core Ultra 5 125U, 16GB RAM, 512GB SSD",HP,0.0,1106990,1106990,Intel Core Ultra 5 125U (1300 MHz - 4300 MHz),0,16GB,16.0,Windows 11 Pro,0.0,SoloTodo,0
SSD 1 TB,1024.0,2026-05-02 15:13:11,comercio electrónico,HP ZBook Ultra 14 G1a – Workstation portátil de alto rendimiento con IA integrada,HP,0.0,2741910,2741910,AMD Ryzen AI Max+ Pro 395 (3000 MHz - 5100 MHz),4,64 GB LPDDR5X (8533 MHz),64.0,Windows 11 Pro,0.0,SoloTodo,0
512GB,512.0,2026-05-02 19:54:20,e-commerce,"Notebook HP 245 G10 14"" AMD Ryzen 5 7520U 8GB RAM 512GB SSD W11H",HP,0.0,757990,757990,Ryzen 5,4,8GB,8.0,Windows 11,2.0,TodoClick.cl,2
512GB,512.0,2026-05-02 21:26:20,e-commerce,"Notebook HP ProBook 450 G9 de 15.6“ i5-1235U, 8GB RAM, 512GB SSD, Win11 Pro",HP,0.0,817990,817990,i5-1235U,0,8GB,8.0,Windows 11 Pro,0.0,TodoClick.cl,2
SSD 1 TB,1024.0,2026-05-02 14:47:36,comercio electrónico,Notebook HP Victus 16-R1015LA,HP,0.0,1289818,1289818,Intel Core i7-14650HX (1600 MHz - 5200 MHz),3,16 GB DDR5 (5600 MHz),16.0,Windows 11 Home,1.0,SoloTodo,0
1TB,1024.0,2026-05-02 19:43:33,e-commerce,Notebook HP Elitebook 840 G10 14in I7-1355U 32GB 1TB SSD Win11 Pro,HP,0.0,"$1,428,990",1428990,I7-1355U,0,32GB,32.0,Windows 11 Pro,0.0,ONEDUC,6
1TB,1024.0,2026-05-02 20:06:02,e-commerce,"Notebook HP 250 G9 I5-1235U 16GB Ram, 1TB SSD, W11Pro, LED 15.6""",HP,0.0,529990,529990,I5-1235U,0,16GB,16.0,Windows 11 Pro,0.0,TodoClick.cl,2
512GB,512.0,2026-05-02 20:45:21,e-commerce,"Notebook HP 250 G10 Intel Core i7 I7-1355U, 8GB Ram, 512GB SSD, W11H",HP,0.0,771990,771990,Intel Core i7,3,8GB,8.0,Windows 11,2.0,TodoClick.cl,2
512gb,512.0,2026-05-02 17:15:45,e-commerce,Notebook 83jg0019cl LOQ 15AHP10 15.6 512gb Ssd Plateado 16gb Ram Lenovo,HP,0.0,1.579.990,1579990,AMD Ryzen 7 250,1,16gb,16.0,Windows 11 Home,1.0,Mercado Libre,3
1TB,1024.0,2026-05-02 20:50:22,e-commerce,"Notebook HP EliteBook x360 1040 G10, i7-1355U, 32GB RAM, 1TB SSD, W11P, Touch, 14""",HP,0.0,2945990,2945990,i7-1355U,0,32GB,32.0,Windows 11 Pro,0.0,TodoClick.cl,2
512gb,512.0,2026-05-02 17:29:41,e-commerce,Notebook Hp Pavilion X360 14-ek1013la Intel Core i3 8gb Ram 512gb Ssd Windows 11 home,HP,0.0,939.990,939990,Intel Core i3,6,8gb,8.0,Windows 11,2.0,Mercado Libre,3
512GB,512.0,2026-05-02 20:02:37,e-commerce,"Notebook HP 250 G10 i3-1315U, 8GB Ram, 512GB SSD, W11Pro, 15.6""",HP,0.0,509990,509990,i3-1315U,0,8GB,8.0,Windows 11 Pro,0.0,TodoClick.cl,2
256GB,256.0,2026-05-02 19:49:48,e-commerce,"Notebook HP 250 G10 i3-1315U, 8 GB Ram, 256GB SSD, W11Pro, 15.6""",HP,0.0,449990,449990,i3-1315U,0,8 GB,8.0,Windows 11 Pro,0.0,TodoClick.cl,2
1TB,1024.0,2026-05-02 19:43:34,e-commerce,Notebook HP EB Ultra G1i 14in Core Ultra 7 258V 32GB 1TB SSD Win11,HP,0.0,"$2,178,990",2178990,Ultra 7 258V,0,32GB,32.0,Windows 11,2.0,ONEDUC,6
512GB,512.0,2026-05-02 12:56:31,e-commerce,HP Victus 15-FB0110LA AMD Ryzen 7 | RTX 3050 Ti (4GB) | 24GB RAM | 512GB SSD [6F821LA] - Excelente Estado,HP,0.0,$799.990 CLP,799990,Ryzen 7,1,24GB,24.0,Windows 11 Pro,0.0,ZTECH.CL,11
512gb,512.0,2026-05-02 17:58:39,e-commerce,Notebook Hp 15-fd0274la Intel Core I7 16gb Ram 512gb Ssd ...,HP,0.0,1.029.990,1029990,Intel Core I7,3,16gb,16.0,Otro,3.0,Mercado Libre,3
512GB,512.0,2026-05-02 20:49:53,e-commerce,"Notebook HP 255 G10 Ryzen 3 7330U, 8 GB Ram, 512GB SSD, W11H, 15.6""",HP,0.0,413990,413990,Ryzen 3,0,8 GB,8.0,Windows 11,2.0,TodoClick.cl,2
256GB,256.0,2026-05-02 19:43:50,e-commerce,"Notebook HP 240 G9, Intel® Celeron® N4500, 8GB DDR4, 256GB SSD, WiFi, Bluetooth, HDMI, 14"" HD, FreeDOS (BL5Q7AT).",HP,0.0,$269.990,269990,N4500,0,8GB,8.0,FreeDOS,6.0,BIP,10
512 Gb,512.0,2026-05-02 18:39:27,e-commerce,Hp Zbook Firefly 14 G8 I5 16 Gb 512 Gb Ssd Fhd (Reacondicionado),HP,0.0,378.837,378837,Intel Core i7 8250U,3,16 Gb,16.0,Otro,3.0,Mercado Libre,3
SSD 512 GB,512.0,2026-05-02 15:46:18,comercio electrónico,Notebook HP 15-fd0012la Intel Core i7 - Potencia y Portabilidad para el Día a Día,HP,0.0,989990,989990,Intel Core i7,3,8 GB DDR4 (3200 MHz),8.0,Windows 10 Home,8.0,SoloTodo,0
1tb,1024.0,2026-05-02 12:29:48,e-commerce,"Notebook hp ryzen 7, 16gb, 1tb ssd, 14"" hd, plateado-open box",HP,0.0,$ 809.910,809910,ryzen 7,0,16gb,16.0,Windows 11,2.0,MOXI.CL,16
256GB,256.0,2026-05-02 20:20:34,e-commerce,"Notebook HP 250 G8 Intel Core i7-1165G7 8GB Ram, 256GB SSD, FreeDOS, 15""",HP,0.0,559990,559990,Intel Core i7-1165G7,3,8GB,8.0,FreeDOS,6.0,TodoClick.cl,2
512gb,512.0,2026-05-02 17:39:53,e-commerce,Notebook Hp 250 G9 I7-1255u 16gb Ram 512gb Ssd 15.6,HP,0.0,769.990,769990,Intel Core i7 1255U,3,16gb,16.0,Windows 11 Pro,0.0,Mercado Libre,3
256gb,256.0,2026-05-02 18:15:09,e-commerce,Notebook Hp 445 G8 Ryzen 5-5650 16gb 256gb Ssd W11p (reac),HP,0.0,299.900,299900,Ryzen 5-5650,4,16gb,16.0,Windows 11 Pro,0.0,Mercado Libre,3
512GB,512.0,2026-05-02 19:44:27,e-commerce,"Notebook HP 250 G10, Intel® Core™ I3-N305, 8GB DDR4, 512GB SSD, USB Type-C®, Wi-Fi 6, HDMI, 15"" HD, Windows 11 Home (B83U7AT).",HP,0.0,$409.990,409990,I3-N305,0,8GB,8.0,Windows 11,2.0,BIP,10
SSD 512 GB,512.0,2026-05-02 15:25:29,comercio electrónico,"HP ProBook 4 AI G1i 14"" – Notebook Empresarial con Intel Core Ultra 5",HP,0.0,879990,879990,Intel Core Ultra 5 225U (1500 MHz - 4800 MHz),0,16 GB DDR5 (5600 MHz),16.0,Windows 11 Pro,0.0,SoloTodo,0
512GB,512.0,2026-05-02 22:41:22,e-commerce,"Notebook HP ProBook 440 G11 de 14“ (Ultra 5 125U, 16GB Ram, 512GB SSD, Win11 Pro)",HP,0.0,1081990,1081990,Ultra 5 125U,0,16GB,16.0,Windows 11 Pro,0.0,NotebookStoreCL,1
512GB,512.0,2026-05-02 17:01:32,e-commerce,"Notebook HP Victus 15-fa0026la – Intel Core i5, 16GB RAM, 512GB SSD, NVIDIA RTX 3050, 15.6"" FHD 144Hz",HP,0.0,799990,799990,Intel Core i5,2,16GB,16.0,Windows 11 Pro,0.0,SoloTodo,0
512GB,512.0,2026-05-02 15:17:05,comercio electrónico,"Notebook HP EliteBook 840 G10 14"" Intel Core i5-1335U, 16GB RAM, 512GB SSD, Windows 11 Pro",HP,0.0,933990,933990,Intel Core i5-1335U,2,16GB,16.0,Windows 11 Pro,0.0,SoloTodo,0
256GB,256.0,2026-05-02 19:04:41,e-commerce,"Notebook HP 14-em0001la AMD Ryzen 3 7320U 14"" FHD 8GB RAM 256GB SSD Windows 11 Home",HP,0.0,519990,519990,Ryzen 3,0,8GB,8.0,Windows 11,2.0,SoloTodo,0
512GB,512.0,2026-05-02 22:14:14,e-commerce,"Notebook HP 255R G10 de 15.6“ (Ryzen 7 7735U, 16GB Ram, 512GB SSD, FreeDOS)",HP,0.0,715990,715990,Ryzen 7,1,16GB,16.0,FreeDOS,6.0,NotebookStoreCL,1
1TB,1024.0,2026-05-02 19:52:04,e-commerce,"Notebook HP 250 G10 I7-1355U, 16GB Ram, 1TB SSD, W11Pro",HP,0.0,799990,799990,I7-1355U,0,16GB,16.0,Windows 11 Pro,0.0,TodoClick.cl,2
512GB,512.0,2026-05-02 12:11:12,e-commerce,"Notebook HP 245 G10 Ryzen 7 7730U 8GB RAM 512GB SSD 14"" FHD Win 11 Home SL",HP,0.0,"Precio habitual
$999.990",999990,Ryzen 7,1,8GB,8.0,Windows 11 Home,1.0,opcstore.cl,7
512GB,512.0,2026-05-02 20:19:39,e-commerce,"Notebook HP 240 G8 i5-1135G7 8GB Ram, 512GB SSD, LED 14"" HD, W11 Home",HP,0.0,383990,383990,i5-1135G7,0,8GB,8.0,Windows 11,2.0,TodoClick.cl,2
1TB,1024.0,2026-05-02 20:46:35,e-commerce,"Mobile WorkStation HP ZBook Power G11 Intel Ultra 9 185H, 16GB Ram, 1TB SSD, W11P, 16""",HP,0.0,2501990,2501990,Intel Ultra 9 185H,0,16GB,16.0,Windows 11 Pro,0.0,TodoClick.cl,2
SSD 256 GB,256.0,2026-05-02 16:06:54,comercio electrónico,HP Pavilion 13-an1010la,HP,0.0,369990,369990,Intel Core i5-1035G1 (1000 MHz - 3600 MHz),2,8 GB DDR4 (2400 MHz),8.0,Windows 10 Home,8.0,SoloTodo,0
512GB,512.0,2026-05-02 22:54:04,e-commerce,"Notebook HP 255R G10 de 15.6“ (Ryzen 7 7735U, 16GB Ram, 512GB SSD, FreeDOS)",HP,0.0,715990,715990,Ryzen 7,1,16GB,16.0,FreeDOS,6.0,NotebookStoreCL,1
SSD 256 GB,256.0,2026-05-02 15:44:47,comercio electrónico,Laptop HP 250 G10 (81H23LT / W11P),HP,0.0,449990,449990,Intel Core i3-1315U (900 MHz - 4500 MHz),6,8 GB DDR4 (3200 MHz),8.0,Windows 11 Pro,0.0,SoloTodo,0
512gb,512.0,2026-05-02 18:05:57,e-commerce,Notebook HP OmniBook 7 Aero NG AI 13-bg1071la AMD Ryzen Ai 7 16gb Ram 512gb Ssd Windows 11 Home,HP,0.0,1.129.990,1129990,AMD Ryzen 7 350,1,16gb,16.0,Windows 11,2.0,Mercado Libre,3
256GB,256.0,2026-05-02 20:19:19,e-commerce,"Notebook HP 245 G9 Ryzen 3 3250U 8GB Ram, 256GB SSD, W11Home, 14""",HP,0.0,278990,278990,Ryzen 3,0,8GB,8.0,Windows 11,2.0,TodoClick.cl,2
1tb,1024.0,2026-05-02 18:21:19,e-commerce,Notebook Omen 17-db0009la Ryzen 9 32gb Ram 1tb Ssd Rtx 4060,HP,0.0,1.599.990,1599990,Ryzen 9,8,32gb,32.0,Windows 11 Home,1.0,Mercado Libre,3
256GB,256.0,2026-05-02 19:58:20,e-commerce,"Notebook HP 240 G9 Intel Celeron N4500 8GB Ram, 256GB SSD, Windows 11 Pro, 14""",HP,0.0,299990,299990,N4500,0,8GB,8.0,Windows 11 Pro,0.0,TodoClick.cl,2
512GB,512.0,2026-05-02 20:53:30,e-commerce,"Notebook HP Pavilion Aero 13-be2000la, Ryzen 5 7535U, 16GB RAM, 512GB SSD, W11H, 13.3""",HP,0.0,889990,889990,Ryzen 5,4,16GB,16.0,Windows 11,2.0,TodoClick.cl,2
1TB,1024.0,2026-05-02 19:15:58,e-commerce,"Notebook HP EliteBook 840 G10 – Intel Core i7, 16GB RAM, 1TB SSD, Windows 11 Pro",HP,0.0,1559990,1559990,Intel Core i7,3,16GB,16.0,Windows 11 Pro,0.0,SoloTodo,0
512GB,512.0,2026-05-02 20:37:45,e-commerce,"Notebook HP Zbook 8 G1i Intel Ultra 7 255H, 32GB Ram, 512GB SSD, NVIDIA RTX 500 Ada, W11P, 14""",HP,0.0,1938990,1938990,Intel Ultra 7 255H,0,32GB,32.0,Windows 11 Pro,0.0,TodoClick.cl,2
512GB,512.0,2026-05-02 21:52:39,e-commerce,"Notebook HP ProBook 440 G11 de 14“ (Ultra 5 125U, 16GB Ram, 512GB SSD, Win11 Pro)",HP,0.0,1081990,1081990,Ultra 5 125U,0,16GB,16.0,Windows 11 Pro,0.0,NotebookStoreCL,1
256gb,256.0,2026-05-02 17:50:56,e-commerce,Notebook Hp Elitebook 845 G8 Ryzen 5 16gb 256gb Ssd Reacond (Reacondicionado),HP,0.0,379.990,379990,Ryzen 5,4,16gb,16.0,Windows 11 Pro,0.0,Mercado Libre,3
1TB,1024.0,2026-05-02 22:11:10,e-commerce,"Notebook HP 245 G10 de 14“ (Ryzen 5 7530U, 16GB Ram, 1TB SSD, Win11 Home)",HP,0.0,669990,669990,Ryzen 5,4,16GB,16.0,Windows 11,2.0,NotebookStoreCL,1
512 GB,512.0,2026-05-02 18:17:25,e-commerce,Hp Pavilion Laptop 16 Pulgadas Intel Core I7 8gb 512gb Con Ñ,HP,0.0,849.990,849990,Intel Core I7,3,8gb,8.0,Windows 11 Home,1.0,Mercado Libre,3
SSD 1 TB,1024.0,2026-05-02 16:00:32,comercio electrónico,HP ProBook 440 G11 (A24Z2LT / SSD 1 TB),HP,0.0,927350,927350,Intel Core Ultra 5 125U (1300 MHz - 4300 MHz),0,16 GB DDR5 (5600 MHz),16.0,Windows 11 Pro,0.0,SoloTodo,0
512GB,512.0,2026-05-02 17:21:29,e-commerce,Notebook HP 15-fc0079la AMD Ryzen 5 8GB RAM 512GB SSD Windows 11 Home,HP,0.0,649.990,649990,Ryzen 5,4,8GB,8.0,Windows 11,2.0,Mercado Libre,3
128GB,128.0,2026-05-02 17:17:26,e-commerce,"Notebook HP Stream 14"" HD Rosa con Intel N150, 4GB RAM y 128GB SSD Windows 11",HP,0.0,617.280,617280,Intel N150,0,4GB,4.0,Windows 11,2.0,Mercado Libre,3
512GB,512.0,2026-05-02 20:54:28,e-commerce,"Notebook HP 14-em0004la, Ryzen 3 7320U, 8GB RAM, 512GB SSD, W11H, 14""",HP,0.0,515990,515990,Ryzen 3,0,8GB,8.0,Windows 11,2.0,TodoClick.cl,2
1 TB,1024.0,2026-05-02 18:13:35,e-commerce,Notebook Hp Gamer 16-r1016la I7 32gb 1tb Rtx4070 8gb,HP,0.0,1.929.990,1929990,Intel Core i7-14650HX,3,32gb,32.0,Windows 11 Home,1.0,Mercado Libre,3
512GB,512.0,2026-05-02 22:12:27,e-commerce,"Notebook HP ProBook 440 G11 de 14“ (Ultra 5 125U, 16GB Ram, 512GB SSD, Win11 Pro)",HP,0.0,1081990,1081990,Ultra 5 125U,0,16GB,16.0,Windows 11 Pro,0.0,NotebookStoreCL,1
SSD 512 GB,512.0,2026-05-02 14:45:35,comercio electrónico,HP Notebook 15-FC0075LA (A4HB9LA),HP,0.0,434990,434990,AMD Ryzen 3 7320U (2400 MHz - 4100 MHz),1,8 GB LPDDR5 (5500 MHz),8.0,Windows 11 Home,1.0,SoloTodo,0
1TB,1024.0,2026-05-02 20:09:17,e-commerce,"Notebook HP Zbook Power G10, i9-13900H, 16GB RAM, 1TB SSD, NVIDIA RTX A1000, W11P, 15.6""",HP,0.0,2895990,2895990,i9-13900H,0,16GB,16.0,Windows 11 Pro,0.0,TodoClick.cl,2
1TB,1024.0,2026-05-02 21:42:37,e-commerce,Notebook HP 240 G8 i3-1005G1 / 4GB RAM / 1TB HDD / 14“ LED / Windows 10 Pro (2K2P3LTABM),HP,0.0,652990,652990,i3-1005G1,0,4GB,4.0,Windows 10,5.0,TodoClick.cl,2
SSD 512 GB,512.0,2026-05-02 16:11:49,comercio electrónico,"Notebook HP ProBook 4 AI G1i 14"" Intel Core Ultra 7 255U",HP,0.0,1055990,1055990,Intel Core Ultra 7 255U (2000 MHz - 5200 MHz),0,16 GB DDR5 (5600 MHz),16.0,Windows 11 Pro,0.0,SoloTodo,0
512GB,512.0,2026-05-02 16:51:49,e-commerce,"Notebook HP 250 G10 (9E4Y4LT) – 15.6"" Intel Core i5-1334U, 8GB RAM, 512GB SSD, FreeDOS",HP,0.0,561400,561400,Intel Core i5-1334U,2,8GB,8.0,FreeDOS,6.0,SoloTodo,0
512GB,512.0,2026-05-02 17:16:23,e-commerce,Notebook HP 15-fd0252la Intel Core i5 8GB RAM 512GB SSD Windows 11 Home,HP,0.0,548.000,548000,Intel Core i5,2,8GB,8.0,Windows 11,2.0,Mercado Libre,3
512GB,512.0,2026-05-02 12:10:16,e-commerce,"Notebook HP 245 G10 Ryzen 5 7530U 8GB RAM 512GB SSD 14"" HD Win 11 Home",HP,0.0,$759.990,759990,Ryzen 5,4,8GB,8.0,Windows 11 Home,1.0,opcstore.cl,7
128 GB,128.0,2026-05-02 17:16:03,e-commerce,HP Pink Stream 14-EP2011 Intel N150 4 GB Ram 128GB Ufs Incluye Windows 11 Instalado Pantalla 14 Laptop Rosa Con Regalo,HP,0.0,333.241,333241,Intel Celeron N150,0,4 GB,4.0,Windows 11,2.0,Mercado Libre,3
512GB,512.0,2026-05-02 19:59:25,e-commerce,"Notebook HP 255 G10 15.6"" Ryzen 3 7330U 8GB RAM, 512GB SSD, W11Pro",HP,0.0,429990,429990,Ryzen 3,0,8GB,8.0,Windows 11 Pro,0.0,TodoClick.cl,2
SSD 1 TB,1024.0,2026-05-02 14:47:45,comercio electrónico,HP Victus Gaming 15-fb2015la,HP,0.0,869990,869990,AMD Ryzen 5 8645HS (4300 MHz - 5000 MHz),4,16 GB DDR5 (5600 MHz),16.0,Windows 11 Home,1.0,SoloTodo,0
512GB,512.0,2026-05-02 18:35:59,e-commerce,"HP 240R G10 - Notebook Intel Core i5 120U, 8GB RAM, 512GB SSD",HP,0.0,815294,815294,Intel Core i5,2,8GB,8.0,Windows 11 Pro,0.0,SoloTodo,0
512GB,512.0,2026-05-02 19:45:49,e-commerce,Notebook HP 255R G10 15.6” Ryzen 3 7335U 8GB DDR5 512GB SSD,HP,0.0,$579.990,579990,Ryzen 3,0,8GB,8.0,Otro,3.0,TECHRELOAD,12
SSD 512 GB,512.0,2026-05-02 16:11:39,comercio electrónico,Notebook 2 en 1 HP Pavilion x360 14-ek1011la,HP,0.0,659990,659990,Intel Core i5-1335U (1300 MHz - 4600 MHz),2,8 GB DDR4 (3200 MHz),8.0,Windows 11 Home,1.0,SoloTodo,0
SSD 1 TB,1024.0,2026-05-02 15:25:39,comercio electrónico,"Notebook HP EliteBook X G1a 14"" Ryzen AI 7 PRO 360 32GB 1TB OLED 2.8K",HP,0.0,1774144,1774144,AMD Ryzen AI 7 Pro 360 (2000 MHz - 5000 MHz),1,32GB,32.0,Windows 11 Pro,0.0,SoloTodo,0
1TB,1024.0,2026-05-02 21:19:50,e-commerce,"Notebook HP ZBook Firefly 16 G9 i7-1255U, 16GB Ram, 1TB SSD, RTX T550",HP,0.0,1881990,1881990,i7-1255U,0,16GB,16.0,Otro,3.0,TodoClick.cl,2
512GB,512.0,2026-05-02 21:05:47,e-commerce,"Notebook HP 240 G9, I7-1255U, 16GB RAM, 512GB SSD, FREEDOS, 14""",HP,0.0,667990,667990,I7-1255U,0,16GB,16.0,FreeDOS,6.0,TodoClick.cl,2
256 GB,256.0,2026-05-02 18:14:06,e-commerce,Notebook Hp 348 - Grado B - (Reacondicionado),HP,0.0,189.900,189900,Intel Core i5 10210U,2,8 GB,8.0,Windows 10 Home,8.0,Mercado Libre,3
128GB,128.0,2026-05-02 18:26:23,e-commerce,"Notebook HP Stream 14"" HD Rosa con Intel N150, 4GB RAM y 128GB SSD Windows 11",HP,0.0,617.280,617280,Intel N150,0,4GB,4.0,Windows 11,2.0,Mercado Libre,3
512GB,512.0,2026-05-02 21:21:37,e-commerce,"Notebook HP Elitebook 640 G9 14"" i7-1255U, 16GB RAM, 512GB SSD, W11P (6C612LTAKH)",HP,0.0,1414990,1414990,i7-1255U,0,16GB,16.0,Windows 11 Pro,0.0,TodoClick.cl,2
256gb,256.0,2026-05-02 17:23:41,e-commerce,"Notebook Hp Elitebook 845 G7 Amd Ryzen 5 Pro, 16gb De Ram, 256gb Ssd, Full Hd, Windows 10 Pro - Excelente (Reacondicionado)",HP,0.0,456.364,456364,Ryzen 5,4,16gb,16.0,Windows 10,5.0,Mercado Libre,3
512GB,512.0,2026-05-02 15:46:42,comercio electrónico,Notebook HP 14-em0004la AMD Ryzen 3 8GB 512GB SSD,HP,0.0,419990,419990,Ryzen 3,0,8GB,8.0,Windows 11 Home,1.0,SoloTodo,0
1TB,1024.0,2026-05-02 20:45:53,e-commerce,"Notebook HP EliteBook X G1a Ryzen 7 Pro 360, Radeon 880M, 32GB Ram, 1TB SSD, W11P, 14""",HP,0.0,1978990,1978990,Ryzen 7,1,32GB,32.0,Windows 11 Pro,0.0,TodoClick.cl,2
512GB,512.0,2026-05-02 22:09:30,e-commerce,"Notebook HP 255R G10 de 15.6“ (Ryzen 7 7735U, 16GB Ram, 512GB SSD, FreeDOS)",HP,0.0,715990,715990,Ryzen 7,1,16GB,16.0,FreeDOS,6.0,NotebookStoreCL,1
256GB,256.0,2026-05-02 21:04:37,e-commerce,"Notebook HP 348 G7, i5-10210U, 8GB RAM, 256GB SSD, W10P, 14""",HP,0.0,1137990,1137990,i5-10210U,0,8GB,8.0,Windows 10,5.0,TodoClick.cl,2
128 GB,128.0,2026-05-02 17:09:51,e-commerce,HP Pavilion Intel N200 4 GB RAM 128 GB Ufs Pantalla 15.6 HD Incluye Windows Instalado Laptop 15-FD0084 Con Regalo,HP,0.0,342.994,342994,Intel Celeron N200,0,4 GB,4.0,Windows 11 Home,1.0,Mercado Libre,3
512 GB,512.0,2026-05-02 18:06:26,e-commerce,Notebook Hp 250r G10 Intel 5-120u 16gb 512gb W11p 15.6,HP,0.0,819.990,819990,Intel 5-120U,0,16gb,16.0,Windows 11 Pro,0.0,Mercado Libre,3
1TB,1024.0,2026-05-02 20:46:56,e-commerce,"Notebook HP Elite x360 1040 G11 Intel Ultra 5 135U 16GB Ram, 1TB SSD, W11P, 14""",HP,0.0,2149990,2149990,Intel Ultra 5 135U,0,16GB,16.0,Windows 11 Pro,0.0,TodoClick.cl,2
1TB,1024.0,2026-05-02 21:20:02,e-commerce,"Notebook HP ZBook Firefly 14 G9 i7-1255U, 16GB Ram, 1TB SSD, RTX T550",HP,0.0,1808990,1808990,i7-1255U,0,16GB,16.0,Otro,3.0,TodoClick.cl,2
256GB,256.0,2026-05-02 18:23:21,e-commerce,"Notebook HP 245 G10 (BP0L4AT) – 14"" | AMD Ryzen 3 7320U | 8GB RAM | 256GB SSD | Windows 11 Home",HP,0.0,389728,389728,Ryzen 3,0,8GB,8.0,Windows 11,2.0,SoloTodo,0
512gb,512.0,2026-05-02 17:20:52,e-commerce,Notebook HP 255 G10 AMD Ryzen 3 8gb Ram 512gb SSD Windows 11 Home,HP,0.0,469.990,469990,Ryzen 3,0,8gb,8.0,Windows 11,2.0,Mercado Libre,3
512GB,512.0,2026-05-02 19:56:46,e-commerce,"Notebook HP EliteBook 640 G11Intel Ultra 7 155U, 16GB Ram, 512GB SSD, W11P, 14""",HP,0.0,1322990,1322990,Intel Ultra 7 155U,0,16GB,16.0,Windows 11 Pro,0.0,TodoClick.cl,2
512 GB,512.0,2026-05-02 18:00:31,e-commerce,Notebook Hp Envy 15-ep1501la I7 16gb 512gb+32gb 6gb Color Plateado natural,HP,0.0,1.499.990,1499990,Intel Core i7 11800H,3,16gb,16.0,Windows 11 Home,1.0,Mercado Libre,3
SSD 1 TB,1024.0,2026-05-02 14:58:00,comercio electrónico,HP ZBook 8 G1i – Workstation portátil de alto rendimiento,HP,0.0,1885108,1885108,Intel Core Ultra 7 255H (4400 MHz - 5100 MHz),0,32 GB DDR5 (5600 MHz),32.0,Windows 11 Pro,0.0,SoloTodo,0
512gb,512.0,2026-05-02 17:38:04,e-commerce,Notebook Hp 15-fd0274la Intel Core I7 16gb Ram 512gb Ssd ...,HP,0.0,1.029.990,1029990,Intel Core I7,3,16gb,16.0,Otro,3.0,Mercado Libre,3
256GB,256.0,2026-05-02 21:04:55,e-commerce,"Notebook HP 14-DQ2507LA, I3-1115G4, 4GB RAM, 256GB SSD, W11H, 14""",HP,0.0,374990,374990,I3-1115G4,0,4GB,4.0,Windows 11,2.0,TodoClick.cl,2
SSD 512 GB,512.0,2026-05-02 15:55:16,comercio electrónico,Notebook HP ProBook 440 G11 – Potencia y Portabilidad para Profesionales,HP,0.0,1078990,1078990,Intel Core Ultra 7 155U (3800 MHz - 4800 MHz),0,16 GB DDR5 (5600 MHz),16.0,Windows 11 Pro,0.0,SoloTodo,0
512GB,512.0,2026-05-02 19:43:32,e-commerce,Notebook HP 250 G10 15in Intel Core I7-1355U 8GB 512GB SSD W11H 1y,HP,0.0,"$784,990",784990,Intel Core I7-1355U,3,8GB,8.0,Windows 11,2.0,ONEDUC,6
512GB,512.0,2026-05-02 19:43:33,e-commerce,Notebook HP Probook 450 G10 I7-1355U 16GB 512GB SSD 15.6 FHD Win11 Pro,HP,0.0,"$1,025,990",1025990,I7-1355U,0,16GB,16.0,Windows 11 Pro,0.0,ONEDUC,6
512gb,512.0,2026-05-02 17:19:32,e-commerce,Notebook HP OmniBook 7 Aero NG AI 13-bg1071la AMD Ryzen Ai 7 16gb Ram 512gb Ssd Windows 11 Home,HP,0.0,1.129.990,1129990,AMD Ryzen 7 350,1,16gb,16.0,Windows 11,2.0,Mercado Libre,3
1tb,1024.0,2026-05-02 18:12:03,e-commerce,Notebook Hp 250 G9 I7-1255u 32gb Ram 1tb Ssd 15.6,HP,0.0,999.990,999990,Intel Core i7 1255U,3,32gb,32.0,Windows 11 Pro,0.0,Mercado Libre,3
1TB,1024.0,2026-05-02 22:11:19,e-commerce,"Notebook HP EliteBook X360 1040 G10 de 14“ touch (intel i7-1355U, 32GB Ram, 1TB SSD, Win11 Pro)",HP,0.0,1994990,1994990,intel i7-1355U,0,32GB,32.0,Windows 11 Pro,0.0,NotebookStoreCL,1
SSD 512 GB,512.0,2026-05-02 16:00:41,comercio electrónico,"HP EliteBook 640 G9 – Notebook Profesional de 14"" Full HD",HP,0.0,999990,999990,Intel Core i7-1255U (1200 MHz - 4700 MHz),3,16 GB DDR4 (3200 MHz),16.0,Windows 10 Pro,7.0,SoloTodo,0
SSD 1 TB,1024.0,2026-05-02 14:42:41,comercio electrónico,Notebook HP Victus 15-fb3036la,HP,0.0,959990,959990,AMD Ryzen 7 7445HS (3500 MHz - 4700 MHz),1,16 GB DDR5 (5600 MHz),16.0,Windows 11 Home,1.0,SoloTodo,0
512gb,512.0,2026-05-02 18:00:41,e-commerce,Notebook Hp Victus Gamer I5 12450h Rtx 3050 16gb 512gb Ssd,HP,0.0,899.990,899990,Intel I5 12450H,2,16gb,16.0,Windows 11 Home,1.0,Mercado Libre,3
512 GB,512.0,2026-05-02 18:24:09,e-commerce,Laptop HP 15 Ryzen 7 512 GB Ssd 16 GB Ram Táctil Pantalla FHD 1920 px x 1080 px Amd Radeon Graphics Incluye Windows Con Regalo,HP,0.0,1.015.429,1015429,Ryzen 7,1,16 GB,16.0,Windows 11 Home,1.0,Mercado Libre,3
1tb,1024.0,2026-05-02 17:31:56,e-commerce,Notebook Hp Gamer Omen 16-wf0008la Intel Core i9 32gb Ram 1tb Ssd Rtx4070 8gb Windows 11 Home,HP,0.0,2.559.990,2559990,Intel Core i9,7,32gb,32.0,Windows 11,2.0,Mercado Libre,3
512GB,512.0,2026-05-02 20:25:25,e-commerce,"Notebook HP EliteBook 840 G8 de 14“ (i7-1165G7, 8GB RAM, 512GB SSD, Win11 Pro)",HP,0.0,1111990,1111990,i7-1165G7,0,8GB,8.0,Windows 11 Pro,0.0,TodoClick.cl,2
512GB,512.0,2026-05-02 20:26:14,e-commerce,HP ProBook 445 G8 AMD Ryzen 5 5600U 8GB 512GB SSD W11Pro,HP,0.0,802990,802990,Ryzen 5,4,8GB,8.0,Windows 11 Pro,0.0,TodoClick.cl,2
1TB,1024.0,2026-05-02 17:36:26,e-commerce,Notebook Hp Omnibook Ultra 14-fd0001la Amd Ryzen Ai 9 16GB RAM 1TB SSD Windows 11 Home.,HP,0.0,1.799.990,1799990,AMD Ryzen AI 9 HX 375,1,16GB,16.0,Windows 11,2.0,Mercado Libre,3
1TB,1024.0,2026-05-02 12:38:02,e-commerce,"portátil - HP ZBook Ultra G1a 35.6cm (14"") Copilot+ PC - WUXGA - 60Hz - AMD 395 - 64GB - 1TB SSD - Español Teclado - AMD Chip - 1920 x 1200 Windows 11 Pro",HP,0.0,$3.425.418,3425418,AMD 395,0,64GB,64.0,Windows 11 Pro,0.0,FSNSTORE.CL,8
256GB,256.0,2026-05-02 22:36:19,e-commerce,"Notebook HP Pro MT440 G3 14“ (Celeron 7305, 8GB Ram, 256GB SSD, HP ThinPro)",HP,0.0,583990,583990,Celeron 7305,0,8GB,8.0,Otro,3.0,NotebookStoreCL,1
512GB,512.0,2026-05-02 21:59:24,e-commerce,"Notebook HP 255R G10 de 15.6“ (Ryzen 7 7735U, 16GB Ram, 512GB SSD, FreeDOS)",HP,0.0,715990,715990,Ryzen 7,1,16GB,16.0,FreeDOS,6.0,NotebookStoreCL,1
512GB,512.0,2026-05-02 22:19:03,e-commerce,"Notebook HP 255R G10 de 15.6“ (Ryzen 7 7735U, 16GB Ram, 512GB SSD, FreeDOS)",HP,0.0,715990,715990,Ryzen 7,1,16GB,16.0,FreeDOS,6.0,NotebookStoreCL,1
256GB,256.0,2026-05-02 22:58:05,e-commerce,"Notebook HP Pro MT440 G3 14“ (Celeron 7305, 8GB Ram, 256GB SSD, HP ThinPro)",HP,0.0,583990,583990,Celeron 7305,0,8GB,8.0,Otro,3.0,NotebookStoreCL,1
1TB,1024.0,2026-05-02 23:01:56,e-commerce,"Notebook HP EliteBook X360 1040 G10 de 14“ touch (intel i7-1355U, 32GB Ram, 1TB SSD, Win11 Pro)",HP,0.0,1994990,1994990,intel i7-1355U,0,32GB,32.0,Windows 11 Pro,0.0,NotebookStoreCL,1
512gb,512.0,2026-05-02 17:29:52,e-commerce,Notebook Hp 15-fd0274la Intel Core I7 16gb Ram 512gb Ssd ...,HP,0.0,1.029.990,1029990,Intel Core I7,3,16gb,16.0,Otro,3.0,Mercado Libre,3
512gb,512.0,2026-05-02 18:02:44,e-commerce,Notebook Hp 250 G9 I7-1255u 16gb Ram 512gb Ssd 15.6,HP,0.0,769.990,769990,Intel Core i7 1255U,3,16gb,16.0,Windows 11 Pro,0.0,Mercado Libre,3
1TB,1024.0,2026-05-02 20:23:48,e-commerce,"Notebook HP Zbook Power G9 i7-12700H, 16GB Ram, 1TB SSD, NVIDIA T600",HP,0.0,1940990,1940990,i7-12700H,0,16GB,16.0,Otro,3.0,TodoClick.cl,2
1TB,1024.0,2026-05-02 16:24:16,e-commerce,"Notebook HP EliteBook 8 G1i 14"" Intel Core Ultra 7 32GB 1TB SSD",HP,0.0,1889500,1889500,Intel Core Ultra 7 258V (2200 MHz - 4800 MHz),0,32GB,32.0,Windows 11 Pro,0.0,SoloTodo,0
SSD 512 GB,512.0,2026-05-02 15:15:47,comercio electrónico,Notebook Gamer HP Victus 15-FA0025LA,HP,0.0,735990,735990,Intel Core i5-12450H (1500 MHz - 4400 MHz),2,8 GB DDR4 (3200 MHz),8.0,Windows 11 Home,1.0,SoloTodo,0
SSD 512 GB,512.0,2026-05-02 14:57:55,comercio electrónico,HP OMEN 16-XD0002LA: Potente notebook gaming para usuarios exigentes,HP,0.0,1299990,1299990,AMD Ryzen 7 7840HS (3800 MHz - 5100 MHz),1,16 GB DDR5 (5600 MHz),16.0,Windows 11 Home,1.0,SoloTodo,0
1TB,1024.0,2026-05-02 19:50:39,e-commerce,"Notebook HP 240 G9 Intel Celeron N4500 8GB Ram, 1TB SSD, Windows 11 Pro, 14""",HP,0.0,329990,329990,N4500,0,8GB,8.0,Windows 11 Pro,0.0,TodoClick.cl,2
1TB,1024.0,2026-05-02 22:25:27,e-commerce,"Notebook HP 245 G10 de 14“ (Ryzen 5 7530U, 16GB Ram, 1TB SSD, Win11 Home)",HP,0.0,669990,669990,Ryzen 5,4,16GB,16.0,Windows 11,2.0,NotebookStoreCL,1
16GB,16.0,2026-05-02 19:37:04,e-commerce,"Notebook Gamer HP Victus i7-13700H RAM 16GB SSD 1TB 15.6"" RTX 4060 8GB W11H (SKU: 9D0R1LA)",HP,0.0,$ 1.166.990,1166990,i7-13700H,0,8GB,8.0,Windows 11,2.0,TECNOMAS,15
SSD 1 TB,1024.0,2026-05-02 18:09:12,e-commerce,Notebook HP 245 G10 (81T58LT) – 16 GB RAM / SSD 1 TB / Windows 11 Home,HP,0.0,647210,647210,AMD Ryzen 5 7530U (2000 MHz - 4500 MHz),1,16 GB,16.0,Windows 11,2.0,SoloTodo,0
1tb,1024.0,2026-05-02 17:59:51,e-commerce,Notebook Hp 250 G10 I7-1355u 32gb Ram 1tb Ssd W11p 15.6,HP,0.0,1.099.990,1099990,Intel i7 Intel Core i7-1355U,3,32gb,32.0,Windows 11 Pro,0.0,Mercado Libre,3
SSD 512 GB,512.0,2026-05-02 15:48:38,comercio electrónico,Notebook HP ENVY 15-ep1501la (486K5LA),HP,0.0,1897214,1897214,Intel Core i7-11800H (2300 MHz - 4600 MHz),3,16 GB DDR4 (2933 MHz),16.0,Windows 10 Home,8.0,SoloTodo,0
1TB,1024.0,2026-05-02 19:15:02,e-commerce,"Notebook HP ZBook X G1i Intel Core Ultra 7 255H, 32GB RAM, 1TB SSD, NVIDIA RTX PRO 1000 8GB, Windows 11 Pro",HP,0.0,3099990,3099990,Intel Core Ultra 7 255H (4400 MHz - 5100 MHz),0,32GB,32.0,Windows 11 Pro,0.0,SoloTodo,0
128GB,128.0,2026-05-02 18:05:34,e-commerce,"Notebook HP Stream 14"" HD Rosa con Intel N150, 4GB RAM y 128GB SSD Windows 11",HP,0.0,617.280,617280,Intel N150,0,4GB,4.0,Windows 11,2.0,Mercado Libre,3
512 GB,512.0,2026-05-02 17:07:53,e-commerce,Notebook Hp 15-fc0043la AMD Ryzen 3 8GB RAM 512GB SSSD Windows 11 Home,HP,0.0,579.990,579990,Ryzen 3,0,8GB,8.0,Windows 11,2.0,Mercado Libre,3
1TB SSD,1024.0,2026-05-02 19:42:25,e-commerce,Notebook HP OMEN TRANSCEND 14-FB0013 GAMING,HP,0.0,$1.599.990,1599990,Intel Core Ultra 7 255H,0,32 GB,32.0,Windows 11,2.0,SMARTDEAL,4
256GB SSD M.2 PCIe NVMe,256.0,2026-05-02 19:42:50,e-commerce,Notebook HP EliteBook 745 G5,HP,0.0,$449.990,449990,AMD Ryzen 5 PRO 2500U,4,8GB DDR4,8.0,Windows 11 Pro,0.0,SMARTDEAL,4
500GB,500.0,2026-05-02 20:27:22,e-commerce,Notebook HP 240 G7 NTBK Celeron N4020 500GB HDD 4GB 14in W10 Home,HP,0.0,305990,305990,N4020,0,4GB,4.0,Windows 10,5.0,TodoClick.cl,2
SSD 1 TB,1024.0,2026-05-02 15:18:06,comercio electrónico,Notebook HP ProBook 440 G10,HP,0.0,879990,879990,Intel Core i5-1335U (1300 MHz - 4600 MHz),2,32 GB DDR4 (3200 MHz),32.0,Windows 11 Home,1.0,SoloTodo,0
1TB,1024.0,2026-05-02 21:17:22,e-commerce,"Notebook Hp ZBook Fury 15 G8 I7-11850H 16GB Ram, 1TB SSD",HP,0.0,2623990,2623990,I7-11850H,0,16GB,16.0,Otro,3.0,TodoClick.cl,2
1tb,1024.0,2026-05-02 17:39:43,e-commerce,Notebook HP ZBook 8 G1i Intel Core Ultra 7 32gb Ram 1tb Ssd RTX500 4gb Windows 11 Pro,HP,0.0,2.069.990,2069990,Intel Core i7 8250U,3,32gb,32.0,Windows 11 Pro,0.0,Mercado Libre,3
500GB,500.0,2026-05-02 18:10:24,e-commerce,"Notebook HP 245 G8 - 14"" HD, AMD Athlon 3020e, 4GB RAM, 500GB HDD, Windows 10 Home",HP,0.0,435891,435891,AMD Athlon 3020e (1200 MHz - 2600 MHz),0,4GB,4.0,Windows 10,5.0,SoloTodo,0
512GB,512.0,2026-05-02 20:21:54,e-commerce,"Notebook HP Pavilion 15-eh0006la Ryzen 5 4500U, Ram 8GB, 512GB SSD, W11H, 15.6""",HP,0.0,469990,469990,Ryzen 5,4,8GB,8.0,Windows 11,2.0,TodoClick.cl,2
2TB,2048.0,2026-05-02 20:07:48,e-commerce,"Notebook HP Zbook Studio 16 G10, I9-13900H, GeForce RTX 4070 8GB, 32GB RAM, 2TB SSD, W11P, 16""",HP,0.0,4413990,4413990,I9-13900H,0,32GB,32.0,Windows 11 Pro,0.0,TodoClick.cl,2
512GB,512.0,2026-05-02 21:04:26,e-commerce,"Notebook HP ProBook 440 G8, I5-1135G7, 8GB RAM, 512GB SSD, W10P, 14""",HP,0.0,1174990,1174990,I5-1135G7,0,8GB,8.0,Windows 10,5.0,TodoClick.cl,2
1TB,1024.0,2026-05-02 21:40:09,e-commerce,"Notebook HP 240 G8 Intel Core i5-1035G1 /4GB Ram / 1TB HDD / W10H / 14"" (2K2P7LTABM)",HP,0.0,535490,535490,Intel Core i5-1035G1,2,4GB,4.0,Windows 10,5.0,TodoClick.cl,2
512GB,512.0,2026-05-02 20:18:59,e-commerce,"Notebook HP 250 G8 Intel Core i3-1115G4 16GB Ram, 512GB SSD M2, W11Pro, 15.6""",HP,0.0,369990,369990,Intel Core i3-1115G4,6,16GB,16.0,Windows 11 Pro,0.0,TodoClick.cl,2
1TB,1024.0,2026-05-02 21:47:20,e-commerce,"Notebook HP 245 G10 de 14“ (Ryzen 5 7530U, 8GB Ram, 1TB SSD, Win11 Home)",HP,0.0,629990,629990,Ryzen 5,4,8GB,8.0,Windows 11,2.0,NotebookStoreCL,1
SSD 1 TB,1024.0,2026-05-02 16:07:41,comercio electrónico,Notebook HP EliteBook 840 G11 (A1UP8LT),HP,0.0,1548800,1548800,Intel Core Ultra 7 155U (3800 MHz - 4800 MHz),0,32 GB DDR5 (5600 MHz),32.0,Windows 11 Pro,0.0,SoloTodo,0
512 GB,512.0,2026-05-02 17:27:48,e-commerce,Notebook Hp 15-fd0259la I5 16gb 512gb,HP,0.0,819.990,819990,Intel Core i5 1334U,2,16gb,16.0,Windows 11 Home,1.0,Mercado Libre,3
512gb,512.0,2026-05-02 17:26:28,e-commerce,Notebook Hp Pavilion X360 14-ek1013la Intel Core i3 8gb Ram 512gb Ssd Windows 11 home,HP,0.0,939.990,939990,Intel Core i3,6,8gb,8.0,Windows 11,2.0,Mercado Libre,3
2TB,2048.0,2026-05-02 20:10:12,e-commerce,"Notebook HP Zbook Studio G10, i7-13700H, 32GB RAM, 2TB SSD, NVIDIA RTX 4070, W11P, 16""",HP,0.0,3948990,3948990,i7-13700H,0,32GB,32.0,Windows 11 Pro,0.0,TodoClick.cl,2
256GB,256.0,2026-05-02 22:17:06,e-commerce,"Notebook HP Pro MT440 G3 14“ (Celeron 7305, 8GB Ram, 256GB SSD, HP ThinPro)",HP,0.0,583990,583990,Celeron 7305,0,8GB,8.0,Otro,3.0,NotebookStoreCL,1
512GB,512.0,2026-05-02 21:54:28,e-commerce,"Notebook HP 255R G10 de 15.6“ (Ryzen 7 7735U, 16GB Ram, 512GB SSD, FreeDOS)",HP,0.0,715990,715990,Ryzen 7,1,16GB,16.0,FreeDOS,6.0,NotebookStoreCL,1
512GB,512.0,2026-05-02 15:50:03,comercio electrónico,"Notebook HP 240R G10 14"" Intel Core i5-120U, 8GB DDR4, 512GB SSD, Windows 11 Home (C61QQAT)",HP,0.0,515990,515990,Intel Core i5-120U,2,8GB,8.0,Windows 11,2.0,SoloTodo,0
512GB,512.0,2026-05-02 19:43:34,e-commerce,Notebook HP Elite Dragonfly G4 13.5in I7-1365U 32GB 512GB SSD W11P,HP,0.0,"$2,272,990",2272990,I7-1365U,0,32GB,32.0,Windows 11 Pro,0.0,ONEDUC,6
SSD 512 GB,512.0,2026-05-02 16:05:31,comercio electrónico,Notebook HP Envy 14-eb1035nr,HP,0.0,934990,934990,Intel Core i7-11390H (3400 MHz - 5000 MHz),3,16 GB DDR4 (3200 MHz),16.0,Windows 11 Home,1.0,SoloTodo,0
256gb,256.0,2026-05-02 17:10:42,e-commerce,Notebook Hp 245 G10 14in Amd Ryzen 3 8gb Ram 256gb Ssd W11h,HP,0.0,419.990,419990,Ryzen 3,0,8gb,8.0,Windows 11,2.0,Mercado Libre,3
SSD 512 GB,512.0,2026-05-02 14:45:30,comercio electrónico,Notebook HP Victus 15-fb2002la,HP,0.0,709990,709990,AMD Ryzen 5 8645HS (4300 MHz - 5000 MHz),4,8 GB DDR5 (5600 MHz),8.0,Windows 11 Home,1.0,SoloTodo,0
SSD 512 GB,512.0,2026-05-02 15:28:13,comercio electrónico,Notebook HP 15-FD0063LA,HP,0.0,749990,749990,Intel Core i7-1255U (1200 MHz - 4700 MHz),3,16 GB DDR4 (3200 MHz),16.0,Windows 11 Home,1.0,SoloTodo,0
1TB,1024.0,2026-05-02 21:20:34,e-commerce,"Notebook HP Elite Dragonfly G3 i7-1265G7, 32GB Ram, 1TB SSD, W10Pro",HP,0.0,2046951,2046951,i7-1265G7,0,32GB,32.0,Windows 10,5.0,TodoClick.cl,2
512GB,512.0,2026-05-02 21:44:43,e-commerce,"Notebook HP ProBook 440 G11 de 14“ (Ultra 5 125U, 32GB Ram, 512GB SSD, Win11 Pro)",HP,0.0,1089990,1089990,Ultra 5 125U,0,32GB,32.0,Windows 11 Pro,0.0,NotebookStoreCL,1
1tb,1024.0,2026-05-02 17:33:48,e-commerce,Notebook Hp Envy X360 16-ad0003la AMD Ryzen 7 16gb Ram 1tb Ssd Windows 11 Home,HP,0.0,1.429.990,1429990,Ryzen 7,1,16gb,16.0,Windows 11,2.0,Mercado Libre,3
512 GB,512.0,2026-05-02 17:32:33,e-commerce,Notebook Hp 15-fd0259la I5 16gb 512gb,HP,0.0,819.990,819990,Intel Core i5 1334U,2,16gb,16.0,Windows 11 Home,1.0,Mercado Libre,3
512GB,512.0,2026-05-02 20:02:29,e-commerce,"Notebook HP 245 G9 Ryzen 3 3250U 8GB Ram, 512GB SSD, W11Pro, 14""",HP,0.0,349990,349990,Ryzen 3,0,8GB,8.0,Windows 11 Pro,0.0,TodoClick.cl,2
256GB,256.0,2026-05-02 22:46:17,e-commerce,"Notebook HP Pro MT440 G3 14“ (Celeron 7305, 8GB Ram, 256GB SSD, HP ThinPro)",HP,0.0,583990,583990,Celeron 7305,0,8GB,8.0,Otro,3.0,NotebookStoreCL,1
SSD 512 GB,512.0,2026-05-02 15:13:55,comercio electrónico,HP Victus 15-fa2701la Notebook Gaming,HP,0.0,899990,899990,Intel Core i5-13420H (1500 MHz - 4600 MHz),2,16 GB DDR4 (3200 MHz),16.0,Windows 11 Home,1.0,SoloTodo,0
1TB,1024.0,2026-05-02 20:20:00,e-commerce,"Notebook HP 240 G8 i3-1115G4 16GB Ram, 1TB SSD, LED 14"" HD, W11 Home",HP,0.0,399990,399990,i3-1115G4,0,16GB,16.0,Windows 11,2.0,TodoClick.cl,2
512GB,512.0,2026-05-02 19:50:28,e-commerce,"Notebook HP 250R G10 Intel Core 5-120U 16GB Ram, 512GB SSD, Windows 11 Pro, 15.6""",HP,0.0,629990,629990,Intel Core 5-120U,0,16GB,16.0,Windows 11 Pro,0.0,TodoClick.cl,2
512GB,512.0,2026-05-02 21:21:25,e-commerce,"Notebook HP ProBook 450 G9 15.6"" i7-1255U, 16GB Ram, 512GB SSD W10Pro (6K6X5LT)",HP,0.0,1160990,1160990,i7-1255U,0,16GB,16.0,Windows 10,5.0,TodoClick.cl,2
512GB,512.0,2026-05-02 20:03:28,e-commerce,"Notebook HP 250 G10 I7-1355U, 8GB Ram, 512GB SSD, FreeDOS",HP,0.0,629990,629990,I7-1355U,0,8GB,8.0,FreeDOS,6.0,TodoClick.cl,2
SSD 1 TB,1024.0,2026-05-02 16:08:30,comercio electrónico,Notebook Gamer HP Omen Max 16-AH0003LA,HP,0.0,3149990,3149990,Intel Core Ultra 9 275HX (2100 MHz - 5400 MHz),0,32 GB DDR5 (5600 MHz),32.0,Windows 11 Home,1.0,SoloTodo,0
SSD 1 TB,1024.0,2026-05-02 14:52:59,comercio electrónico,Notebook HP Victus 16-r1016la,HP,0.0,1599990,1599990,Intel Core i7-14650HX (1600 MHz - 5200 MHz),3,32 GB DDR5 (5600 MHz),32.0,Windows 11 Home,1.0,SoloTodo,0
256GB,256.0,2026-05-02 22:26:37,e-commerce,"Notebook HP Pro MT440 G3 14“ (Celeron 7305, 8GB Ram, 256GB SSD, HP ThinPro)",HP,0.0,583990,583990,Celeron 7305,0,8GB,8.0,Otro,3.0,NotebookStoreCL,1
1tb,1024.0,2026-05-02 17:37:03,e-commerce,Notebook Hp OmniBook X FlipNGAI 14-fm0072la Intel Core Ultra 7 16gb Ram 1tb Ssd Windows 11 Home,HP,0.0,1.699.990,1699990,Intel Core Ultra 7 Ultra 7 256V,0,16gb,16.0,Windows 11,2.0,Mercado Libre,3
256GB,256.0,2026-05-02 20:20:11,e-commerce,"Notebook HP 240 G8 i3-1115G4 8GB Ram, 256GB SSD, LED 14"" HD, W11 Home",HP,0.0,287990,287990,i3-1115G4,0,8GB,8.0,Windows 11,2.0,TodoClick.cl,2
512GB,512.0,2026-05-02 17:25:50,e-commerce,"Notebook Gamer HP Victus 15-FA2014LA Intel Core i5 16GB NVIDIA GeForce RTX 3050 512GB SSD 15.6""",HP,0.0,1.099.990,1099990,Intel Core i5,2,16GB,16.0,Windows 11 Home,1.0,Mercado Libre,3
512gb,512.0,2026-05-02 17:59:41,e-commerce,Notebook Hp 15-fc0079la Amd Ryzen 5 8gb Ram 512gb Ssd 15.6,HP,0.0,649.990,649990,Ryzen 5,4,8gb,8.0,Windows 11 Home,1.0,Mercado Libre,3
512GB,512.0,2026-05-02 19:48:46,e-commerce,"Notebook HP 245 G10 14"" Ryzen 3 733U 8GB Ram, 512GB SSD, Windows 11 Pro (R3G108GB512SSD)",HP,0.0,439990,439990,Ryzen 3,0,8GB,8.0,Windows 11 Pro,0.0,TodoClick.cl,2
512GB,512.0,2026-05-02 19:48:34,e-commerce,"Notebook HP 245 G10 14"" Ryzen 3 733U 8GB Ram, 512GB SSD, FreeDOS (BM4G5AT)",HP,0.0,399990,399990,Ryzen 3,0,8GB,8.0,FreeDOS,6.0,TodoClick.cl,2
512GB,512.0,2026-05-02 21:42:46,e-commerce,"Notebook HP EliteBook 1040 G7 i7-10610U / 32GB Ram / 512GB SSD / 14"" LED FHD / Windows 10 Pro (1Z9M3LTABM)",HP,0.0,2530990,2530990,i7-10610U,0,32GB,32.0,Windows 10,5.0,TodoClick.cl,2
512GB,512.0,2026-05-02 21:06:17,e-commerce,"Notebook HP EliteBook 640 G10, i7-1355U, 16GB RAM, 512GB SSD, W11P, 14""",HP,0.0,1272990,1272990,i7-1355U,0,16GB,16.0,Windows 11 Pro,0.0,TodoClick.cl,2
512gb,512.0,2026-05-02 17:19:12,e-commerce,Notebook Hp 14-em0004la AMD Ryzen 3 8gb Ram 512gb Ssd Windows 11 Home,HP,0.0,499.990,499990,Ryzen 3,0,8gb,8.0,Windows 11,2.0,Mercado Libre,3
512GB,512.0,2026-05-02 23:00:06,e-commerce,"Notebook HP 255R G10 de 15.6“ (Ryzen 7 7735U, 16GB Ram, 512GB SSD, FreeDOS)",HP,0.0,715990,715990,Ryzen 7,1,16GB,16.0,FreeDOS,6.0,NotebookStoreCL,1
1TB,1024.0,2026-05-02 16:09:53,comercio electrónico,"Notebook HP EliteBook X G1a 14"" – AMD Ryzen™ AI 7 PRO 360, 32GB RAM, 1TB SSD, Windows 11 Pro",HP,0.0,1493426,1493426,AMD Ryzen AI 7 Pro 360 (2000 MHz - 5000 MHz),1,32GB,32.0,Windows 11 Pro,0.0,SoloTodo,0
SSD 1 TB,1024.0,2026-05-02 14:44:29,comercio electrónico,Notebook HP Victus 15-fb3015la – Potencia equilibrada para gaming y productividad,HP,0.0,869990,869990,AMD Ryzen 5 8645HS (4300 MHz - 5000 MHz),4,16 GB DDR5 (5600 MHz),16.0,Windows 11 Home,1.0,SoloTodo,0
128gb,128.0,2026-05-02 18:23:50,e-commerce,Notebook Hp Home Student 14 Intel 8gb 128gb Ssd Rose Gold,HP,0.0,488.141,488141,Intel Celeron N150,0,8gb,8.0,Otro,3.0,Mercado Libre,3
512GB,512.0,2026-05-02 18:23:08,e-commerce,"Notebook HP 255 G10 AMD Ryzen 3 7320U 8GB 512GB SSD 15.6"" Windows 11 Home",HP,0.0,469990,469990,Ryzen 3,0,8GB,8.0,Windows 11,2.0,SoloTodo,0
512GB,512.0,2026-05-02 18:57:54,e-commerce,Notebook HP Pavilion x360 14-ek1012la Intel Core i5 8GB RAM 512GB SSD,HP,0.0,639990,639990,Intel Core i5,2,8GB,8.0,Windows 11 Pro,0.0,SoloTodo,0
512GB,512.0,2026-05-02 19:48:56,e-commerce,"Notebook HP 245 G10 14"" Ryzen 3 733U 16GB Ram, 512GB SSD, Windows 11 Pro (R3G1016GB512SSD)",HP,0.0,469990,469990,Ryzen 3,0,16GB,16.0,Windows 11 Pro,0.0,TodoClick.cl,2
512GB,512.0,2026-05-02 21:16:16,e-commerce,"Notebook HP ProBook 450 G9 15.6"" i5-1235U, 8GB Ram, 512GB SSD W10Pro (6C5Y0LT)",HP,0.0,1008990,1008990,i5-1235U,0,8GB,8.0,Windows 10,5.0,TodoClick.cl,2
512GB,512.0,2026-05-02 15:22:22,comercio electrónico,"Notebook HP 15-FD0259LA Intel Core i5 16GB 512GB SSD 15,6"" Full HD",HP,0.0,649990,649990,Intel Core i5,2,16GB,16.0,Windows 11 Home,1.0,SoloTodo,0
512GB,512.0,2026-05-02 16:28:51,e-commerce,"Notebook HP ProBook 4 G1a 14"" AMD Ryzen 5 230, 16GB DDR5, 512GB SSD, Windows 11 Pro",HP,0.0,818192,818192,Ryzen 5,4,16GB,16.0,Windows 11 Pro,0.0,SoloTodo,0
512GB,512.0,2026-05-02 19:48:24,e-commerce,"Notebook HP 250R G10 Intel Core 5-120U 16GB Ram, 512GB SSD, FreeDOS, 15.6"" (B77BYLT)",HP,0.0,599990,599990,Intel Core 5-120U,0,16GB,16.0,FreeDOS,6.0,TodoClick.cl,2
512GB,512.0,2026-05-02 18:03:35,e-commerce,"Notebook Hp 15-fd0059la Intel Core i5 16GB RAM 512GB SSD 15.6""",HP,0.0,690.000,690000,Intel Core i5,2,16GB,16.0,Windows 11 Home,1.0,Mercado Libre,3
512GB,512.0,2026-05-02 15:22:54,comercio electrónico,"Notebook HP 255 G10 AMD Ryzen 3 7320U 8GB 512GB SSD 15.6"" Windows 11 Home",HP,0.0,469990,469990,Ryzen 3,0,8GB,8.0,Windows 11,2.0,SoloTodo,0
512GB,512.0,2026-05-02 19:43:32,e-commerce,Notebook HP Probook 445 G10 14i AMD Ryzen 7-7730U 16GB 512GB SSD W,HP,0.0,"$890,990",890990,Ryzen 7-7730U,1,16GB,16.0,Otro,3.0,ONEDUC,6
1TB,1024.0,2026-05-02 17:42:17,e-commerce,"Notebook Hp Victus 15-fa1097la Intel Core i7 16GB RAM NVIDIA RTX4050 1TB SSD 15.6"" Windows 11 Home",HP,0.0,1.399.990,1399990,Intel Core i7,3,16GB,16.0,Windows 11,2.0,Mercado Libre,3
1TB,1024.0,2026-05-02 19:43:34,e-commerce,Notebook HP Zbook Power G11 16in AMD Ryzen 7 8845HS 32GB 1TB SSD W,HP,0.0,"$2,537,990",2537990,Ryzen 7,1,32GB,32.0,Otro,3.0,ONEDUC,6
512GB,512.0,2026-05-02 20:55:06,e-commerce,"Notebook HP 245 G9, Ryzen 7 5825U, 16GB RAM, 512GB SSD, 14"", W11P",HP,0.0,686990,686990,Ryzen 7,1,16GB,16.0,Windows 11 Pro,0.0,TodoClick.cl,2
SSD 512 GB,512.0,2026-05-02 15:22:49,comercio electrónico,Notebook Gaming HP Victus 15-fa2018la,HP,0.0,899990,899990,Intel Core i5-13420H (1500 MHz - 4600 MHz),2,8 GB DDR4 (3200 MHz),8.0,Windows 11 Home,1.0,SoloTodo,0
512GB,512.0,2026-05-02 20:54:56,e-commerce,"Notebook HP Pavilion 14-eh1002la, i5-1340p, 16GB RAM, 512GB SSD, Windows 11 Home, 14""",HP,0.0,901990,901990,i5-1340p,0,16GB,16.0,Windows 11,2.0,TodoClick.cl,2
1TB,1024.0,2026-05-02 12:55:17,e-commerce,HP Omen 16-C0507LA AMD Ryzen 7 | RTX 3050 Ti (4GB) | 16GB RAM | 1TB SSD [4C8X0LA] - Buen Estado,HP,0.0,$799.990 CLP,799990,Ryzen 7,1,16GB,16.0,Windows 11 Pro,0.0,ZTECH.CL,11
1TB,1024.0,2026-05-02 21:21:06,e-commerce,"Notebook Hp Zbook Power G8 15.6"" i9-11950H, 32GB Ram, 1TB SSD, W10Pro",HP,0.0,2418990,2418990,i9-11950H,0,32GB,32.0,Windows 10,5.0,TodoClick.cl,2
SSD 1 TB,1024.0,2026-05-02 15:18:15,comercio electrónico,Notebook HP Victus 15-fb3004la,HP,0.0,1379990,1379990,AMD Ryzen 9 8945HS (4000 MHz - 5200 MHz),4,16 GB DDR5 (5600 MHz),16.0,Windows 11 Home,1.0,SoloTodo,0
512GB,512.0,2026-05-02 20:48:10,e-commerce,"Notebook HP ProBook 440 G10 14 i5-1334, 16GB Ram, 512GB SSD W11Pro",HP,0.0,722990,722990,i5-1334,0,16GB,16.0,Windows 11 Pro,0.0,TodoClick.cl,2
512GB,512.0,2026-05-02 21:43:49,e-commerce,"Notebook HP ProBook 4G1i R16 de 16"" (intel i5-120U, 16GB Ram, 512GB SSD, Win11 Pro)",HP,0.0,875990,875990,intel i5-120U,0,16GB,16.0,Windows 11 Pro,0.0,NotebookStoreCL,1
512GB,512.0,2026-05-02 20:31:34,e-commerce,"Workstation HP ZBook 8 G1i 14"" Táctil Intel Core Ultra 7 255H 16GB DDR5 RAM RTX 500 Ada 512GB SSD W11P",HP,0.0,1933990,1933990,Intel Core Ultra 7 255H,0,16GB,16.0,Windows 11 Pro,0.0,TodoClick.cl,2
128GB,128.0,2026-05-02 17:27:28,e-commerce,"Notebook HP Stream 14"" HD Rosa con Intel N150, 4GB RAM y 128GB SSD Windows 11",HP,0.0,617.280,617280,Intel N150,0,4GB,4.0,Windows 11,2.0,Mercado Libre,3
1 TB,1024.0,2026-05-02 17:17:05,e-commerce,Notebook Gamer HP Victus 15-fb3015la AMD Ryzen 5 16GB RAM NVIDIA GeForce RTX3050 1T SSD Windows 11 Home,HP,0.0,1.169.990,1169990,Ryzen 5,4,16GB,16.0,Windows 11,2.0,Mercado Libre,3
512GB,512.0,2026-05-02 20:51:06,e-commerce,"Notebook HP EliteBook x360 830 G10, i7-1355U, 16GB RAM, 512GB SSD, Win11 Pro, 13.3""",HP,0.0,1476990,1476990,i7-1355U,0,16GB,16.0,Windows 11 Pro,0.0,TodoClick.cl,2
512GB,512.0,2026-05-02 19:43:32,e-commerce,Notebook HP 250 G10 Intel Core I5-1334U 8GB 512GBSSD 15.6in Win11Home,HP,0.0,"$614,990",614990,Intel Core I5-1334U,2,8GB,8.0,Windows 11,2.0,ONEDUC,6
512GB,512.0,2026-05-02 20:01:30,e-commerce,"Notebook HP 255 G9 AMD Ryzen 7 5825U, 8GB Ram, 512GB SSD, W11Pro, 15,6""",HP,0.0,599990,599990,Ryzen 7,1,8GB,8.0,Windows 11 Pro,0.0,TodoClick.cl,2
SSD 1 TB,1024.0,2026-05-02 16:03:13,comercio electrónico,Notebook Gamer HP Omen 16-C0507LA,HP,0.0,1429757,1429757,AMD Ryzen 7 5800H (3200 MHz - 4400 MHz),1,16 GB DDR4 (3200 MHz),16.0,Windows 10 Home,8.0,SoloTodo,0
SSD 1 TB,1024.0,2026-05-02 16:00:27,comercio electrónico,HP EliteBook 845 G10 (A13K6LS) - Notebook Profesional,HP,0.0,1099990,1099990,AMD Ryzen 5 7640U (3500 MHz - 4900 MHz),1,16 GB DDR5 (5600 MHz),16.0,Windows 11 Pro,0.0,SoloTodo,0
512GB,512.0,2026-05-02 15:57:14,comercio electrónico,"Notebook HP 14-ep1000la Intel Core Ultra 5 16GB RAM 512GB SSD 14"" FHD",HP,0.0,719990,719990,Intel Core Ultra 5 125H (3600 MHz - 4500 MHz),0,16GB,16.0,Windows 11 Home,1.0,SoloTodo,0
1TB,1024.0,2026-05-02 20:11:04,e-commerce,"Notebook HP Elite Dragonfly G4, I7-1355U, 32GB RAM, 1TB SSD, W11P, 13.5""",HP,0.0,2100990,2100990,I7-1355U,0,32GB,32.0,Windows 11 Pro,0.0,TodoClick.cl,2
256GB,256.0,2026-05-02 22:02:21,e-commerce,"Notebook HP Pro MT440 G3 14“ (Celeron 7305, 8GB Ram, 256GB SSD, HP ThinPro)",HP,0.0,583990,583990,Celeron 7305,0,8GB,8.0,Otro,3.0,NotebookStoreCL,1
SSD 512 GB,512.0,2026-05-02 14:56:55,comercio electrónico,Notebook HP Gamer Victus 15-fa0022la,HP,0.0,763990,763990,Intel Core i5-12450H (1500 MHz - 4400 MHz),2,16 GB DDR4 (3200 MHz),16.0,Windows 11 Home,1.0,SoloTodo,0
1tb,1024.0,2026-05-02 17:25:00,e-commerce,Notebook Gamer Hp Omen 16-wd0012la Intel Core i7 16gb RAM 1tb SSD Rtx4060 Windows 11 Home,HP,0.0,1.829.990,1829990,Intel Core i7,3,16gb,16.0,Windows 11,2.0,Mercado Libre,3
1 TB,1024.0,2026-05-02 17:55:48,e-commerce,"Hp Zbook Power G10 R7 Rtx 6gb 16gb 1tb, W11p Workstation Color Gris",HP,0.0,1.529.990,1529990,AMD Ryzen 7 7840HS,1,16gb,16.0,Windows 11 Pro,0.0,Mercado Libre,3
512GB,512.0,2026-05-02 12:54:02,e-commerce,HP Victus 15-FB0115LA AMD Ryzen 5 | GTX 1650 | 16GB RAM | 512GB SSD [6G1L8LA] - Buen Estado,HP,0.0,$649.990 CLP,649990,Ryzen 5,4,16GB,16.0,Windows 11 Pro,0.0,ZTECH.CL,11
512GB,512.0,2026-05-02 19:43:33,e-commerce,Notebook HP ZBook Firefly 16in Ultra 7 155H 16GB 512GB SSD W11P 1Y,HP,0.0,"$1,844,990",1844990,Ultra 7 155H,0,16GB,16.0,Windows 11 Pro,0.0,ONEDUC,6
256GB,256.0,2026-05-02 20:18:28,e-commerce,"Notebook HP 245 G9 Ryzen 3 3250U 16GB Ram, 256GB SSD, W11Pro, 14""",HP,0.0,299990,299990,Ryzen 3,0,16GB,16.0,Windows 11 Pro,0.0,TodoClick.cl,2
512GB,512.0,2026-05-02 19:46:14,e-commerce,"Notebook HP 245 G10 – AMD Ryzen 3 7320U, 8GB RAM, 512GB SSD, 14"", Radeon Graphics, W11 (am)",HP,0.0,$385.478,385478,Ryzen 3,0,8GB,8.0,Windows 11,2.0,ITSHOP,18
512GB,512.0,2026-05-02 20:21:04,e-commerce,"Notebook HP 245 G9 Ryzen 5 5625U 16GB Ram, 512GB SSD, W11PRO, 14""",HP,0.0,508990,508990,Ryzen 5,4,16GB,16.0,Windows 11 Pro,0.0,TodoClick.cl,2
1 TB,1024.0,2026-05-02 18:02:34,e-commerce,Notebook Hp Gamer Victus 15-fb3036la Amd Ryzen 7 16gb Ram...,HP,0.0,1.149.990,1149990,Ryzen 7,1,16gb,16.0,Otro,3.0,Mercado Libre,3
512GB,512.0,2026-05-02 20:47:59,e-commerce,"Notebook HP ProBook 440 G11 Intel Ultra 5 125U, 16GB Ram, 512GB SSD, W11Pro",HP,0.0,1110990,1110990,Intel Ultra 5 125U,0,16GB,16.0,Windows 11 Pro,0.0,TodoClick.cl,2
1TB,1024.0,2026-05-02 21:20:23,e-commerce,"Notebok HP Elite Dragonfly Folio G3 i7-1255U, 16GB Ram, 1TB SSD, W11Pro",HP,0.0,2080990,2080990,i7-1255U,0,16GB,16.0,Windows 11 Pro,0.0,TodoClick.cl,2
1tb,1024.0,2026-05-02 17:11:35,e-commerce,Notebook Hp Gamer Omer 16-ap0007la AMD Ryzen 9 24gb Ram 1tb Ssd RTX5070 8gb Windows 11 Home,HP,0.0,1.999.990,1999990,Ryzen 9,8,24gb,24.0,Windows 11,2.0,Mercado Libre,3
1tb,1024.0,2026-05-02 17:30:02,e-commerce,Laptop Hp 15-fc0276la Amd Ryzen 7-7730u 16gb Ram 1tb Ssd W11,HP,0.0,919.990,919990,Ryzen 7-7730u,1,16gb,16.0,Windows 11,2.0,Mercado Libre,3
1TB,1024.0,2026-05-02 20:45:31,e-commerce,"Notebook HP Zbook Power G11 Ryzen 9 8945HS, 32GB Ram, 1TB SSD, W11P, 16""",HP,0.0,2262990,2262990,Ryzen 9,8,32GB,32.0,Windows 11 Pro,0.0,TodoClick.cl,2
512GB,512.0,2026-05-02 15:05:00,comercio electrónico,"Notebook HP ProBook 440 G10 14"" – Intel Core i7-1355U, 16GB RAM, 512GB SSD, Windows 11 Pro",HP,0.0,883800,883800,Intel Core i7-1355U,3,16GB,16.0,Windows 11 Pro,0.0,SoloTodo,0
128 GB,128.0,2026-05-02 18:39:17,e-commerce,"Laptop Hp 14 Ultra Ligera, Intel N4120, 4gb, 128gb, Blanca",HP,0.0,295.412,295412,Intel Celeron N4120,0,4gb,4.0,Otro,3.0,Mercado Libre,3
512GB,512.0,2026-05-02 16:22:56,e-commerce,"Notebook HP ProBook 450 G10 15.6"" Core i5-1334U, 16GB RAM, 512GB SSD, Windows 11 Pro",HP,0.0,729900,729900,Intel Core i5-1334U (900 MHz - 4600 MHz),2,16GB,16.0,Windows 11 Pro,0.0,SoloTodo,0
512GB,512.0,2026-05-02 18:10:11,e-commerce,"Notebook HP 15-fd0010la Intel Core i3-N305 15.6"" FHD, 8GB RAM, 512GB SSD, Windows 11 Home",HP,0.0,527426,527426,Intel Core i3-N305,6,8GB,8.0,Windows 11,2.0,SoloTodo,0
1TB,1024.0,2026-05-02 20:48:52,e-commerce,"Notebook Legion Slim 5 16AHP9 Ryzen 7 8845HS, 16GB Ram, 1TB SSD, RTX 4060 8GB, W11H, 16""",HP,0.0,1796990,1796990,Ryzen 7,1,16GB,16.0,Windows 11,2.0,TodoClick.cl,2
1TB,1024.0,2026-05-02 19:49:27,e-commerce,"Notebook HP 250 G10 Intel Core I7-1355U, 32GB Ram, 1TB SSD, Windows 11 Pro, 15.6""",HP,0.0,959990,959990,Intel Core I7-1355U,3,32GB,32.0,Windows 11 Pro,0.0,TodoClick.cl,2
512GB,512.0,2026-05-02 20:03:07,e-commerce,"Notebook HP 15-FD0006LA i7-1355U, 16GB, 512GB SSD, W11Pro",HP,0.0,799990,799990,i7-1355U,0,16GB,16.0,Windows 11 Pro,0.0,TodoClick.cl,2
SSD 1 TB,1024.0,2026-05-02 15:50:13,comercio electrónico,Notebook HP Envy x360 16-AC0000LA,HP,0.0,1625998,1625998,Intel Core Ultra 7 155U (3800 MHz - 4800 MHz),0,32 GB DDR4 (3200 MHz),32.0,Windows 11 Home,1.0,SoloTodo,0
512GB,512.0,2026-05-02 20:37:54,e-commerce,"Notebook HP ProBook 440 G11 Intel Ultra 5 155U, 8GB Ram, 512GB SSD, W11P, 14""",HP,0.0,1129990,1129990,Intel Ultra 5 155U,0,8GB,8.0,Windows 11 Pro,0.0,TodoClick.cl,2
512 GB,512.0,2026-05-02 17:07:11,e-commerce,Notebook Hp 15-fc0043la AMD Ryzen 3 8GB RAM 512GB SSSD Windows 11 Home,HP,0.0,579.990,579990,Ryzen 3,0,8GB,8.0,Windows 11,2.0,Mercado Libre,3
SSD 1 TB,1024.0,2026-05-02 15:09:10,comercio electrónico,Notebook HP Pavilion Plus 14-eh1003la,HP,0.0,1138980,1138980,Intel Core i7-1355U (1700 MHz - 5000 MHz),3,16 GB DDR4 (3200 MHz),16.0,Windows 11 Home,1.0,SoloTodo,0
256GB,256.0,2026-05-02 20:30:35,e-commerce,"Notebook HP 255 G10 15.6"" Ryzen 3 7330U 8GB RAM, 256GB SSD, W11Pro",HP,0.0,389990,389990,Ryzen 3,0,8GB,8.0,Windows 11 Pro,0.0,TodoClick.cl,2
512GB,512.0,2026-05-02 20:24:29,e-commerce,"Notebook HP Envy 15-EP1503LA i5-11400H, 16GB RAM, 512GB SSD, W11H, RTX 3050 (4A432LAAKH)",HP,0.0,979990,979990,i5-11400H,0,16GB,16.0,Windows 11,2.0,TodoClick.cl,2
SSD 1 TB,1024.0,2026-05-02 15:46:37,comercio electrónico,Notebook Gaming HP OMEN 16-WF1001LA,HP,0.0,2629990,2629990,Intel Core i9-14900HX (1600 MHz - 5800 MHz),7,32 GB DDR5 (5600 MHz),32.0,Windows 11 Home,1.0,SoloTodo,0
1TB,1024.0,2026-05-02 20:00:25,e-commerce,"Notebook HP 250 G10 i3-1315U, 16GB Ram, 1TB SSD, W11Pro, 15.6""",HP,0.0,549990,549990,i3-1315U,0,16GB,16.0,Windows 11 Pro,0.0,TodoClick.cl,2
1tb,1024.0,2026-05-02 18:07:39,e-commerce,Notebook HP Gamer VICTUS 15-fb3038la AMD Ryzen 7 24gb Ram 1tb Ssd RTX5050 8gb Windows 11 Home,HP,0.0,1.699.990,1699990,Ryzen 7,1,24gb,24.0,Windows 11,2.0,Mercado Libre,3
512GB,512.0,2026-05-02 20:24:19,e-commerce,"Notebook HP Envy 15-EP1501LA i7-11800H, 16GB RAM, 512GB SSD, W11H, RTX 3060 (486K5LAAKH)",HP,0.0,1882990,1882990,i7-11800H,0,16GB,16.0,Windows 11,2.0,TodoClick.cl,2
SSD 1 TB,1024.0,2026-05-02 15:26:16,comercio electrónico,HP OmniBook Ultra 14-FD0001LA,HP,0.0,1599990,1599990,AMD Ryzen AI 9 HX 375 (2000 MHz - 5100 MHz),1,32 GB LPDDR5X (7500 MHz),32.0,Windows 11 Home,1.0,SoloTodo,0
SSD 1 TB,1024.0,2026-05-02 15:04:36,comercio electrónico,Notebook HP Gamer OMEN 16-xf0005la,HP,0.0,1749990,1749990,AMD Ryzen 9 7940HS (4000 MHz - 5200 MHz),1,32 GB DDR5 (5600 MHz),32.0,Windows 11 Home,1.0,SoloTodo,0
512GB,512.0,2026-05-02 14:52:45,comercio electrónico,"Notebook HP 15-fd1255la Intel Core Ultra 5 - 16GB RAM - 512GB SSD - 15.6"" Full HD Touch",HP,0.0,659990,659990,Intel Core Ultra 5 125H (3600 MHz - 4500 MHz),0,16GB,16.0,Windows 11 Home,1.0,SoloTodo,0
1TB,1024.0,2026-05-02 21:12:35,e-commerce,"Notebook HP EliteBook 840 G10 i7-1355U 8GB Ram, 1TB SSD, W11Pro, 14""",HP,0.0,1340990,1340990,i7-1355U,0,8GB,8.0,Windows 11 Pro,0.0,TodoClick.cl,2
512 GB,512.0,2026-05-02 15:57:54,comercio electrónico,Notebook HP 14-dq2516la Intel Core i5 8 GB RAM 512 GB SSD,HP,0.0,350000,350000,Intel Core i5,2,8 GB,8.0,Windows 11 Home,1.0,SoloTodo,0
1 TB,1024.0,2026-05-02 15:29:48,comercio electrónico,Notebook HP Spectre x360 14-ef2001la i7 16 GB RAM 1 TB SSD,HP,0.0,990000,990000,Intel Core i7-1355U (1700 MHz - 5000 MHz),3,16 GB,16.0,Windows 11 Home,1.0,SoloTodo,0
128GB,128.0,2026-05-02 17:47:41,e-commerce,"Notebook HP Stream 14"" HD Rosa con Intel N150, 4GB RAM y 128GB SSD Windows 11",HP,0.0,617.280,617280,Intel N150,0,4GB,4.0,Windows 11,2.0,Mercado Libre,3
1tb,1024.0,2026-05-02 17:32:05,e-commerce,Notebook HP ZBook 8 G1i Intel Core Ultra 7 32gb Ram 1tb Ssd RTX500 4gb Windows 11 Pro,HP,0.0,2.069.990,2069990,Intel Core i7 8250U,3,32gb,32.0,Windows 11 Pro,0.0,Mercado Libre,3
1TB,1024.0,2026-05-02 19:43:34,e-commerce,Notebook HP EB X Flip G1i 14in Ultra 7 258V 32GB 1TB SSD Touch Win,HP,0.0,"$2,206,990",2206990,Ultra 7 258V,0,32GB,32.0,Otro,3.0,ONEDUC,6
SSD 1 TB,1024.0,2026-05-02 14:45:07,comercio electrónico,Notebook Gamer HP Victus 15-fb3038la,HP,0.0,1149990,1149990,AMD Ryzen 7 260 (3800 MHz - 5100 MHz),1,24 GB DDR5 (5600 MHz),24.0,Windows 11 Home,1.0,SoloTodo,0
512GB,512.0,2026-05-02 17:09:12,e-commerce,Notebook Hp 15-fd0273la Intel Core i7 16GB RAM 512GB SSD Windows 11 Home,HP,0.0,958.545,958545,Intel Core i7,3,16GB,16.0,Windows 11,2.0,Mercado Libre,3
512GB,512.0,2026-05-02 22:43:12,e-commerce,"Notebook HP 255R G10 de 15.6“ (Ryzen 7 7735U, 16GB Ram, 512GB SSD, FreeDOS)",HP,0.0,715990,715990,Ryzen 7,1,16GB,16.0,FreeDOS,6.0,NotebookStoreCL,1
512GB,512.0,2026-05-02 22:48:15,e-commerce,"Notebook HP 255R G10 de 15.6“ (Ryzen 7 7735U, 16GB Ram, 512GB SSD, FreeDOS)",HP,0.0,715990,715990,Ryzen 7,1,16GB,16.0,FreeDOS,6.0,NotebookStoreCL,1
512GB,512.0,2026-05-02 17:16:34,e-commerce,"Notebook Hp Pavilion X360 14-ek0009la Intel Core i5 8GB 512GB SSD 14""",HP,0.0,829.990,829990,Intel Core i5,2,8GB,8.0,Windows 11 Home,1.0,Mercado Libre,3
512GB,512.0,2026-05-02 21:18:31,e-commerce,"Notebook Hp Elitebook 840 G8 i7-1185G7 16GB Ram, 512GB SSD, W11P",HP,0.0,1377990,1377990,i7-1185G7,0,16GB,16.0,Windows 11 Pro,0.0,TodoClick.cl,2
1TB,1024.0,2026-05-02 20:00:15,e-commerce,"Notebook HP 250 G10 I5-1334U, 32GB Ram, 1TB SSD, W11P 15,6""",HP,0.0,699990,699990,I5-1334U,0,32GB,32.0,Windows 11 Pro,0.0,TodoClick.cl,2
256GB,256.0,2026-05-02 19:43:32,e-commerce,Notebook HP 245 G10 15in AMD Ryzen 3-7320U 8GB 256GB SSD W11H 1Y,HP,0.0,"$402,990",402990,Ryzen 3-7320U,1,8GB,8.0,Windows 11,2.0,ONEDUC,6
256GB,256.0,2026-05-02 21:20:44,e-commerce,"Notebook Hp 240 G8 I3-1115G4, 8GB Ram, 256GB SSD, W11Pro",HP,0.0,629990,629990,I3-1115G4,0,8GB,8.0,Windows 11 Pro,0.0,TodoClick.cl,2
1TB,1024.0,2026-05-02 20:08:54,e-commerce,"Notebook HP ZBook Firefly 14 G10, AMD Ryzen 7 PRO, 16GB RAM, 1TB SSD, W11P,",HP,0.0,1620990,1620990,Ryzen 7,1,16GB,16.0,Windows 11 Pro,0.0,TodoClick.cl,2
512gb,512.0,2026-05-02 18:05:03,e-commerce,Portátil Hp Victus Gaming 15-fb3018la Amd Ryzen 7-7445h Nvidia Geforce Rtx 3050 8gb Ram 512gb Ssd Windows 11 Home,HP,0.0,969.990,969990,Ryzen 7-7445h,1,8gb,8.0,Windows 11,2.0,Mercado Libre,3
1TB,1024.0,2026-05-02 17:55:58,e-commerce,"Notebook HP ProBook 440 G9 con Intel Core i7, 16GB RAM y 1TB SSD, de 14"" - Excelente (Reacondicionado)",HP,0.0,649.990,649990,Intel Core i7,3,16GB,16.0,Windows 11 Pro,0.0,Mercado Libre,3
512GB,512.0,2026-05-02 19:43:32,e-commerce,Notebook HP 240 G10 I5-1335U 14 8GB 512GB SSD Win11 Home,HP,0.0,"$610,990",610990,I5-1335U,0,8GB,8.0,Windows 11,2.0,ONEDUC,6
512GB,512.0,2026-05-02 20:38:06,e-commerce,"Notebook HP Zbook 8 G1i Intel Ultra 9 285H, 32GB Ram, 512GB SSD, NVIDIA RTX 500 Ada, W11P, 16""",HP,0.0,2446990,2446990,Intel Ultra 9 285H,0,32GB,32.0,Windows 11 Pro,0.0,TodoClick.cl,2
512gb,512.0,2026-05-02 18:08:08,e-commerce,Notebook Hp Pavilion X360 14-ek1013la Intel Core i3 8gb Ram 512gb Ssd Windows 11 home,HP,0.0,939.990,939990,Intel Core i3,6,8gb,8.0,Windows 11,2.0,Mercado Libre,3
128GB,128.0,2026-05-02 18:16:00,e-commerce,"Notebook HP Stream 14"" HD Rosa con Intel N150, 4GB RAM y 128GB SSD Windows 11",HP,0.0,617.280,617280,Intel N150,0,4GB,4.0,Windows 11,2.0,Mercado Libre,3
SSD 2 TB,2048.0,2026-05-02 15:20:33,comercio electrónico,"HP ZBook Studio G10 16"" – Notebook Workstation Profesional",HP,0.0,1699900,1699900,Intel Core i9-13900H (1900 MHz - 5400 MHz),7,32 GB DDR5 (5600 MHz),32.0,Windows 11 Pro,0.0,SoloTodo,0
128 GB,128.0,2026-05-02 17:33:08,e-commerce,HP Azul Pentium N200 128GB Ufs 4GB Ram Pantalla 15.6 HD Intel Uhd Graphics Incluye Windows 11 Instalado Laptop Blue Fd0082 Con Regalo,HP,0.0,796.593,796593,Intel Pentium N200,0,4GB,4.0,Windows 11,2.0,Mercado Libre,3
512GB,512.0,2026-05-02 21:20:12,e-commerce,"Notebook Hp 840 G8 i5 -1145G7, 16GB Ram, 512GB SSD, W11Pro",HP,0.0,1366990,1366990,i5 -1145G7,0,16GB,16.0,Windows 11 Pro,0.0,TodoClick.cl,2
256GB,256.0,2026-05-02 20:04:18,e-commerce,"Notebook HP 245 G9 Ryzen 3 3250U 8GB Ram, 256GB SSD, W11Pro, 14""",HP,0.0,299990,299990,Ryzen 3,0,8GB,8.0,Windows 11 Pro,0.0,TodoClick.cl,2
500GB,500.0,2026-05-02 21:28:48,e-commerce,"Notebook HP 245 G8 de 14“ (AMD 3020e, 4GB RAM, 500GB HDD, FreeDOS)",HP,0.0,305990,305990,AMD 3020e,0,4GB,4.0,FreeDOS,6.0,TodoClick.cl,2
512GB,512.0,2026-05-02 15:13:06,comercio electrónico,"Notebook HP 15-fd0331la Intel Core 3-100U 15.6"" 8GB 512GB SSD Windows 11 Home",HP,0.0,464990,464990,Intel Core 3-100U (900 MHz - 4700 MHz),0,8GB,8.0,Windows 11,2.0,SoloTodo,0
512GB,512.0,2026-05-02 20:39:47,e-commerce,"Notebook HP Elite Dragonfly G4 I7-1365U 32GB RAM 512GB SSD 13.5"" Touch W11P",HP,0.0,2398990,2398990,I7-1365U,0,32GB,32.0,Windows 11 Pro,0.0,TodoClick.cl,2
1TB,1024.0,2026-05-02 14:48:28,comercio electrónico,Notebook HP Envy x360 16-ad0003la AMD Ryzen 7 16GB RAM 1TB SSD,HP,0.0,999990,999990,Ryzen 7,1,16GB,16.0,Windows 11 Home,1.0,SoloTodo,0
SSD 1 TB,1024.0,2026-05-02 15:53:29,comercio electrónico,Notebook HP 15-FC0276LA (Modelo B9TR4LA),HP,0.0,729990,729990,AMD Ryzen 7 7730U (2000 MHz - 4500 MHz),1,16 GB DDR4 (3200 MHz),16.0,Windows 11 Home,1.0,SoloTodo,0
512GB,512.0,2026-05-02 20:10:22,e-commerce,"Notebook HP Zbook Firefly16 G10, i7-1360P, 16GB RAM, 512GB SSD, W11P, 16""",HP,0.0,1687990,1687990,i7-1360P,0,16GB,16.0,Windows 11 Pro,0.0,TodoClick.cl,2
512GB,512.0,2026-05-02 20:13:21,e-commerce,"Notebook HP 240 G9, i5-1235U, W11H, 8GB RAM, 512GB SSD, 14""",HP,0.0,560990,560990,i5-1235U,0,8GB,8.0,Windows 11,2.0,TodoClick.cl,2
256GB,256.0,2026-05-02 21:32:26,e-commerce,Notebook HP 240 G8 Intel Core i3-1115G4 8GB 256GB SSD W10Pro,HP,0.0,1273990,1273990,Intel Core i3-1115G4,6,8GB,8.0,Windows 10,5.0,TodoClick.cl,2
512GB,512.0,2026-05-02 15:10:04,comercio electrónico,"Notebook HP 250 G10 Core i5-1334U 16GB 512GB SSD 15.6"" FreeDOS",HP,0.0,540390,540390,Intel Core i5-1334U (900 MHz - 4600 MHz),2,16GB,16.0,FreeDOS,6.0,SoloTodo,0
512GB,512.0,2026-05-02 19:43:33,e-commerce,Notebook HP Envy 15-Ep1503la Intel Core I5-11400H 16GB 512GB SSD NVIDIA GeForce RTX 3050 4GB 15in Windows 11,HP,0.0,"$1,646,990",1646990,Intel Core I5-11400H,2,16GB,16.0,Windows 11,2.0,ONEDUC,6
512GB,512.0,2026-05-02 22:28:35,e-commerce,"Notebook HP 255R G10 de 15.6“ (Ryzen 7 7735U, 16GB Ram, 512GB SSD, FreeDOS)",HP,0.0,715990,715990,Ryzen 7,1,16GB,16.0,FreeDOS,6.0,NotebookStoreCL,1
512GB,512.0,2026-05-02 12:10:58,e-commerce,"Notebook HP 245 G10 Ryzen 3 7330U 8GB RAM 512GB SSD 14"" HD Win 11 Home SL",HP,0.0,"Precio habitual
$759.990",759990,Ryzen 3,0,8GB,8.0,Windows 11 Home,1.0,opcstore.cl,7
1TB,1024.0,2026-05-02 19:43:33,e-commerce,Notebook HP EB X G1a 14in AMD Ryzen AI 7 Pro 360 32GB 1TB SSD Win1,HP,0.0,"$2,012,990",2012990,AMD Ryzen AI 7 Pro 360,1,32GB,32.0,Otro,3.0,ONEDUC,6
256GB,256.0,2026-05-02 19:49:17,e-commerce,"Notebook HP 250 G10 i3-1315U, 16GB Ram, 256GB SSD, Windows 11 Pro, 15.6""",HP,0.0,489990,489990,i3-1315U,0,16GB,16.0,Windows 11 Pro,0.0,TodoClick.cl,2
512GB,512.0,2026-05-02 16:28:13,e-commerce,"Notebook HP 245 G10 (BM4G5AT) – AMD Ryzen 3 7330U, 8GB RAM, 512GB SSD, FreeDOS",HP,0.0,371492,371492,Ryzen 3,0,8GB,8.0,FreeDOS,6.0,SoloTodo,0
SSD 512 GB,512.0,2026-05-02 15:57:10,comercio electrónico,HP ProBook 445 G10 – Notebook Profesional con Procesador AMD Ryzen 5,HP,0.0,719990,719990,Ryzen 5,4,16 GB DDR4 (3200 MHz),16.0,Windows 11 Pro,0.0,SoloTodo,0
512 GB,512.0,2026-05-02 17:21:39,e-commerce,"Notebook Hp 245 G10 Ryzen 5 7530u 8gb Ram, 512gb, W11h Negro 81T58LT",HP,0.0,499.990,499990,Ryzen 5,4,8gb,8.0,Windows 11,2.0,Mercado Libre,3
512GB,512.0,2026-05-02 19:43:32,e-commerce,Notebook HP Probook 440 G10 I7-1355U 16GB 512GB SSD 14 FHD Win11 Pro,HP,0.0,"$909,990",909990,I7-1355U,0,16GB,16.0,Windows 11 Pro,0.0,ONEDUC,6
512GB,512.0,2026-05-02 22:26:46,e-commerce,"Notebook HP ProBook 440 G11 de 14“ (Ultra 5 125U, 16GB Ram, 512GB SSD, Win11 Pro)",HP,0.0,1081990,1081990,Ultra 5 125U,0,16GB,16.0,Windows 11 Pro,0.0,NotebookStoreCL,1
256GB,256.0,2026-05-02 20:53:48,e-commerce,"Notebook HP 14-em0001la, Ryzen 3 7320U, 8GB RAM, 256GB SSD, W11H, 15.6""",HP,0.0,457990,457990,Ryzen 3,0,8GB,8.0,Windows 11,2.0,TodoClick.cl,2
512GB,512.0,2026-05-02 22:02:30,e-commerce,"Notebook HP ProBook 440 G11 de 14“ (Ultra 5 125U, 16GB Ram, 512GB SSD, Win11 Pro)",HP,0.0,1081990,1081990,Ultra 5 125U,0,16GB,16.0,Windows 11 Pro,0.0,NotebookStoreCL,1
1tb,1024.0,2026-05-02 18:10:12,e-commerce,Laptop Hp 15-fc0276la Amd Ryzen 7-7730u 16gb Ram 1tb Ssd W11,HP,0.0,919.990,919990,Ryzen 7-7730u,1,16gb,16.0,Windows 11,2.0,Mercado Libre,3
512GB,512.0,2026-05-02 21:43:57,e-commerce,"Notebook HP ProBook 4G1a de 14“ (Ryzen 5 230, 16GB Ram, 512GB SSD, FeeDOS)",HP,0.0,846990,846990,Ryzen 5,4,16GB,16.0,Otro,3.0,NotebookStoreCL,1
1tb,1024.0,2026-05-02 17:25:59,e-commerce,Notebook HP Gamer Omen 17-db0009la AMD Ryzen 9 32gb Ram 1tb Ssd RTX 4060 8GB Windows 11 Home,HP,0.0,2.199.990,2199990,Ryzen 9,8,32gb,32.0,Windows 11,2.0,Mercado Libre,3
512GB,512.0,2026-05-02 19:20:00,e-commerce,"Notebook HP EliteBook 8 G1i 14"" Intel Core Ultra 5 16GB 512GB SSD",HP,0.0,1271328,1271328,Intel Core Ultra 5 226V (2100 MHz - 4500 MHz),0,16GB,16.0,Windows 11 Pro,0.0,SoloTodo,0
512GB,512.0,2026-05-02 20:18:00,e-commerce,"Notebook HP 245 G9 Ryzen 3 3250U 16GB Ram, 512GB SSD, W11Pro, 14""",HP,0.0,369990,369990,Ryzen 3,0,16GB,16.0,Windows 11 Pro,0.0,TodoClick.cl,2
512GB,512.0,2026-05-02 20:08:42,e-commerce,"Notebook HP ZBook Firefly 14 G10, i7-1360P, 16GB RAM, 512GB SSD, W11P, 14""",HP,0.0,1268990,1268990,i7-1360P,0,16GB,16.0,Windows 11 Pro,0.0,TodoClick.cl,2
64 GB,64.0,2026-05-02 17:10:12,e-commerce,"Ordenador portátil HP Fortis X360 11.6"" táctil, Intel Celeron N5100, 8 GB RAM, 64 GB eMMC, Chrome OS, convertible 2 en 1, pantalla antirreflejo negra.",HP,0.0,365.357,365357,Intel Celeron N5100,0,8 GB,8.0,Chrome OS,9.0,Mercado Libre,3
1TB,1024.0,2026-05-02 21:45:01,e-commerce,"Notebook HP ProBook 440 G11 de 14“ (Ultra 5 125U, 16GB Ram, 1TB SSD, Win11 Pro)",HP,0.0,959990,959990,Ultra 5 125U,0,16GB,16.0,Windows 11 Pro,0.0,NotebookStoreCL,1
SSD 512 GB,512.0,2026-05-02 15:08:17,comercio electrónico,Notebook HP ProBook 440 G11 Intel Core Ultra 5 125U,HP,0.0,699995,699995,Intel Core Ultra 5 125U (1300 MHz - 4300 MHz),0,16 GB DDR5 (5600 MHz),16.0,Windows 11 Pro,0.0,SoloTodo,0
256gb,256.0,2026-05-02 17:07:31,e-commerce,Notebook Hp 245 G10 Amd Ryzen 3 8gb Ram 256gb Ssd Window 11 Home,HP,0.0,479.990,479990,Ryzen 3,0,8gb,8.0,Windows 11,2.0,Mercado Libre,3
512gb,512.0,2026-05-02 17:31:15,e-commerce,Notebook Hp 15-fc0070la Amd Ryzen 5 16gb Ram 512gb Ssd Windows 11 Home,HP,0.0,614.990,614990,Ryzen 5,4,16gb,16.0,Windows 11,2.0,Mercado Libre,3
256GB,256.0,2026-05-02 18:57:15,e-commerce,"Notebook HP 245 G10 14"" – AMD Ryzen 3 7330U, 8GB RAM, 256GB SSD, Windows 11 Home",HP,0.0,483990,483990,Ryzen 3,0,8GB,8.0,Windows 11,2.0,SoloTodo,0
"HDD 1 TB (5400rpm)
SSD 240 GB",1024.0,2026-05-02 15:17:14,comercio electrónico,HP 240 G8 (2K2P2LT) - Notebook Reacondicionada,HP,0.0,249990,249990,Intel Core i3-1005G1 (1200 MHz - 3400 MHz),6,8 GB DDR4 (2666 MHz),8.0,Windows 10 Home,8.0,SoloTodo,0
512GB,512.0,2026-05-02 20:04:49,e-commerce,"Notebook HP 250 G10 Intel Core I5-1334U, 8GB Ram, 512GB SSD, Windows 11 Pro, 15.6""",HP,0.0,599990,599990,Intel Core I5-1334U,2,8GB,8.0,Windows 11 Pro,0.0,TodoClick.cl,2
512GB,512.0,2026-05-02 22:17:14,e-commerce,"Notebook HP ProBook 440 G11 de 14“ (Ultra 5 125U, 16GB Ram, 512GB SSD, Win11 Pro)",HP,0.0,1081990,1081990,Ultra 5 125U,0,16GB,16.0,Windows 11 Pro,0.0,NotebookStoreCL,1
512GB,512.0,2026-05-02 22:23:43,e-commerce,"Notebook HP 255R G10 de 15.6“ (Ryzen 7 7735U, 16GB Ram, 512GB SSD, FreeDOS)",HP,0.0,715990,715990,Ryzen 7,1,16GB,16.0,FreeDOS,6.0,NotebookStoreCL,1
512GB,512.0,2026-05-02 19:43:32,e-commerce,Notebook HP 245 G10 R5-7530U 14in 8GB 512GB SSD Win11 Home,HP,0.0,"$549,990",549990,R5-7530U,0,8GB,8.0,Windows 11,2.0,ONEDUC,6
SSD 1 TB,1024.0,2026-05-02 15:55:07,comercio electrónico,"HP ProBook 445 G10 (A1NF8LA) – Notebook Profesional de 14""",HP,0.0,789990,789990,AMD Ryzen 5 7530U (2000 MHz - 4500 MHz),1,16 GB DDR4 (3200 MHz),16.0,Windows 11 Pro,0.0,SoloTodo,0
512GB,512.0,2026-05-02 15:58:24,comercio electrónico,"Notebook HP 15-FD0273LA Intel Core i7 1355U 15.6"" 16GB 512GB SSD Windows 11 Home",HP,0.0,699990,699990,Intel Core i7,3,16GB,16.0,Windows 11,2.0,SoloTodo,0
512 GB,512.0,2026-05-02 18:20:31,e-commerce,Hp Elitebook X360 830 G6 I5 16gb 512gb (Reacondicionado),HP,0.0,449.990,449990,Intel I5 8365U,2,16gb,16.0,Windows 11 Pro,0.0,Mercado Libre,3
1 TB SSD,1024.0,2026-05-02 12:45:51,e-commerce,Notebook HP Gamer Victus 15-fb3007la + Office 365 EP2-32316,HP,0.0,$ 1.039.990 AHORRA $ 297.000,297000,AMD Ryzen™ 7 8845HS,1,16 GB DDR5,16.0,Windows 11 Home,1.0,SCGLOBAL.CL,14
SSD 512 GB,512.0,2026-05-02 19:45:57,e-commerce,"Notebook - HP 245 G10 - AMD Ryzen 7 7730U - RAM 16 GB DDR4 - SSD 512 GB - LED 14.0"" (1366x768) / 60 Hz - SW11P (B88NCLA)",HP,0.0,$839.990,839990,Ryzen 7,1,16 GB,16.0,Windows 11 Pro,0.0,MYSHOP,13
1 TB SSD,1024.0,2026-05-02 19:43:23,e-commerce,Notebook HP Omen 16-AP0053DX,HP,0.0,$ 1.899.990,1899990,AMD Ryzen 9,8,32 GB,32.0,Windows 11,2.0,PORTATILCHILE,9
SSD 256 GB,256.0,2026-05-02 19:45:23,e-commerce,HP EliteBook 840 G7 ( i5-10310U / 16 GB RAM / SSD 256 GB),HP,0.0,$429.990,429990,i5-10310U,0,16 GB,16.0,Otro,3.0,SoloTodo,0
512GB,512.0,2026-05-02 19:53:26,e-commerce,"Notebook HP 245 G10 AMD Ryzen 5-7530U, 8GB Ram, 512GB SSD, Windows 11 Pro, 14""",HP,0.0,788990,788990,Ryzen 5-7530U,1,8GB,8.0,Windows 11 Pro,0.0,TodoClick.cl,2
512GB,512.0,2026-05-02 20:12:45,e-commerce,"Notebook HP 240 G8, i3-1115G4, W11H, 8GB RAM, 512GB SSD, 14""",HP,0.0,448990,448990,i3-1115G4,0,8GB,8.0,Windows 11,2.0,TodoClick.cl,2
1TB,1024.0,2026-05-02 22:45:15,e-commerce,"Notebook HP EliteBook X360 1040 G10 de 14“ touch (intel i7-1355U, 32GB Ram, 1TB SSD, Win11 Pro)",HP,0.0,1994990,1994990,intel i7-1355U,0,32GB,32.0,Windows 11 Pro,0.0,NotebookStoreCL,1
512gb,512.0,2026-05-02 17:21:00,e-commerce,Notebook Hp Omnibook X 14-fm0051la Intel Core Ultra5 16gb 512gb Ssd Windows 11 Home,HP,0.0,1.049.990,1049990,Intel Core Ultra 5 226V,0,16gb,16.0,Windows 11,2.0,Mercado Libre,3
512GB,512.0,2026-05-02 20:42:41,e-commerce,"Notebook HP EliteBook 840 G11 14"" Intel Core Ultra 7 155U 32GB Ram DDR5, 512GB SSD W11P",HP,0.0,1242990,1242990,Intel Core Ultra 7 155U,0,32GB,32.0,Windows 11 Pro,0.0,TodoClick.cl,2
1TB,1024.0,2026-05-02 21:36:36,e-commerce,Notebook HP Zbook power G8 Ci7-11800H T1200-4G 16GB 1TB SSD,HP,0.0,2299990,2299990,Ci7-11800H,0,16GB,16.0,Otro,3.0,TodoClick.cl,2
SSD 512 GB,512.0,2026-05-02 14:57:51,comercio electrónico,Notebook HP 240 G10 – Potencia y portabilidad para el trabajo diario,HP,0.0,509990,509990,Intel Core i5-1335U (1300 MHz - 4600 MHz),2,8 GB DDR4 (3200 MHz),8.0,Windows 11 Home,1.0,SoloTodo,0
256GB,256.0,2026-05-02 19:58:43,e-commerce,"NotebookHP 250 G10 B83U6AT Intel Core i3-N305, 8GB Ram, 256GB SSD, FreeDOS, 15,6""",HP,0.0,359990,359990,Intel Core i3-N305,6,8GB,8.0,FreeDOS,6.0,TodoClick.cl,2
128GB,128.0,2026-05-02 17:37:45,e-commerce,"Notebook HP Stream 14"" HD Rosa con Intel N150, 4GB RAM y 128GB SSD Windows 11",HP,0.0,617.280,617280,Intel N150,0,4GB,4.0,Windows 11,2.0,Mercado Libre,3
1TB,1024.0,2026-05-02 15:11:31,comercio electrónico,"Notebook HP ZBook 8 G1i Intel Core Ultra 7 255H 32GB 1TB SSD RTX 500 4GB 14"" Windows 11 Pro",HP,0.0,2028590,2028590,Intel Core Ultra 7 255H (4400 MHz - 5100 MHz),0,32GB,32.0,Windows 11 Pro,0.0,SoloTodo,0
SSD1TB,1024.0,2026-05-02 19:37:05,e-commerce,"Notebook HP Victus 16-r1016la I7-14650HX RAM32GB SSD1TB 16.1"" RTX 4070 8GB W11H (SKU: A14LYLA)",HP,0.0,$ 1.599.990,1599990,I7-14650HX,0,32GB,32.0,Windows 11,2.0,TECNOMAS,15
SSD 512 GB,512.0,2026-05-02 15:34:07,comercio electrónico,HP OmniBook 5 AI 16-AF1072LA,HP,0.0,869990,869990,Intel Core Ultra 7 255U (2000 MHz - 5200 MHz),0,16 GB LPDDR5X (7467 MHz),16.0,Windows 11 Home,1.0,SoloTodo,0
1TB,1024.0,2026-05-02 21:44:33,e-commerce,"Notebook HP 240 de 14“ (intel i3-1005G1, 8GB Ram, 1TB HDD, Win10 Home)",HP,0.0,438990,438990,intel i3-1005G1,0,8GB,8.0,Windows 10,5.0,NotebookStoreCL,1
512GB,512.0,2026-05-02 21:57:33,e-commerce,"Notebook HP ProBook 440 G11 de 14“ (Ultra 5 125U, 16GB Ram, 512GB SSD, Win11 Pro)",HP,0.0,1081990,1081990,Ultra 5 125U,0,16GB,16.0,Windows 11 Pro,0.0,NotebookStoreCL,1
512GB,512.0,2026-05-02 23:03:05,e-commerce,"Notebook HP ProBook 440 G11 de 14“ (Ultra 5 125U, 16GB Ram, 512GB SSD, Win11 Pro)",HP,0.0,1081990,1081990,Ultra 5 125U,0,16GB,16.0,Windows 11 Pro,0.0,NotebookStoreCL,1
SSD 1 TB,1024.0,2026-05-02 14:49:38,comercio electrónico,Notebook Gamer HP OMEN 17-db0009la,HP,0.0,1489990,1489990,AMD Ryzen 9 8945HS (4000 MHz - 5200 MHz),4,32 GB DDR5 (5600 MHz),32.0,Windows 11 Home,1.0,SoloTodo,0
256 GB,256.0,2026-05-02 18:13:15,e-commerce,"Hp Probook 440 G7 Hd 14 I5-10 Ssd 256 Gb, 8gb Ram Reacondici (Reacondicionado)",HP,0.0,380.000,380000,Intel Core i5 10210U,2,8gb,8.0,Windows 10 Pro,7.0,Mercado Libre,3
256GB,256.0,2026-05-02 20:23:18,e-commerce,"Notebook HP Pavillion 15-eh004la Ryzen 3 4300U, 8GB Ram, 256GB SSD W11H 15.6""",HP,0.0,515990,515990,Ryzen 3,0,8GB,8.0,Windows 11,2.0,TodoClick.cl,2
SSD 2 TB,2048.0,2026-05-02 16:11:54,comercio electrónico,HP ZBook Fury G1i 16 – Workstation móvil de alto rendimiento para profesionales,HP,0.0,6004900,6004900,Intel Core Ultra 9 285HX (2800 MHz - 5500 MHz),0,64 GB DDR5 (5600 MHz),64.0,Windows 11 Pro,0.0,SoloTodo,0
1tb,1024.0,2026-05-02 18:34:28,e-commerce,Notebook HP ZBook 8 G1i Intel Core Ultra 7 32gb Ram 1tb Ssd RTX500 4gb Windows 11 Pro,HP,0.0,2.599.990,2599990,Intel Core Ulta 7 255H,0,32gb,32.0,Windows 11 Pro,0.0,Mercado Libre,3
512GB,512.0,2026-05-02 20:42:50,e-commerce,"Notebook HP Pavilion x360 i3-1315U 8GB Ram, 512GB SSD, W11H, 14""",HP,0.0,710990,710990,i3-1315U,0,8GB,8.0,Windows 11,2.0,TodoClick.cl,2
SSD 512 GB,512.0,2026-05-02 15:57:34,comercio electrónico,Notebook HP 15-FD0274LA (Modelo B9TY9LA),HP,0.0,739990,739990,Intel Core i7-1355U (1700 MHz - 5000 MHz),3,16 GB DDR4 (3200 MHz),16.0,Windows 11 Home,1.0,SoloTodo,0
512GB,512.0,2026-05-02 20:47:07,e-commerce,"Notebook HP 255 G10 Ryzen 7 7730U 16GB Ram, 512GB SSD, W11H, 15.6""",HP,0.0,639990,639990,Ryzen 7,1,16GB,16.0,Windows 11,2.0,TodoClick.cl,2
256GB,256.0,2026-05-02 20:25:36,e-commerce,"Notebook HP 240 G8 de 14“ (i3-1005G1, 8GB RAM, 256GB SSD, Win10)",HP,0.0,734990,734990,i3-1005G1,0,8GB,8.0,Windows 10,5.0,TodoClick.cl,2
SSD 512 GB,512.0,2026-05-02 15:17:09,comercio electrónico,Notebook HP 15-FD0252LA,HP,0.0,489990,489990,Intel Core i5-1334U (900 MHz - 4600 MHz),2,8 GB DDR4 (3200 MHz),8.0,Windows 11 Home,1.0,SoloTodo,0
256GB,256.0,2026-05-02 21:57:24,e-commerce,"Notebook HP Pro MT440 G3 14“ (Celeron 7305, 8GB Ram, 256GB SSD, HP ThinPro)",HP,0.0,583990,583990,Celeron 7305,0,8GB,8.0,Otro,3.0,NotebookStoreCL,1
512GB,512.0,2026-05-02 14:52:41,comercio electrónico,"Notebook HP 15-fc0043la AMD Ryzen 3 8GB RAM 512GB SSD 15.6"" FHD Windows 11 Home",HP,0.0,379990,379990,Ryzen 3,0,8GB,8.0,Windows 11,2.0,SoloTodo,0
1TB,1024.0,2026-05-02 22:20:49,e-commerce,"Notebook HP EliteBook X360 1040 G10 de 14“ touch (intel i7-1355U, 32GB Ram, 1TB SSD, Win11 Pro)",HP,0.0,1994990,1994990,intel i7-1355U,0,32GB,32.0,Windows 11 Pro,0.0,NotebookStoreCL,1
256GB,256.0,2026-05-02 18:14:20,e-commerce,"Notebook HP 348 G7 (2X033LT) - Intel Core i5, 8GB RAM, 256GB SSD, Windows 10 Pro",HP,0.0,834190,834190,Intel Core i5,2,8GB,8.0,Windows 10,5.0,SoloTodo,0
1TB,1024.0,2026-05-02 19:47:14,e-commerce,"HP EliteBook X G1a 14"" AMD Ryzen AI 7 Pro 360 32GB 1TB SSD Windows 11 Pro",HP,0.0,$1.965.990,1965990,AMD Ryzen AI 7 Pro 360,1,32GB,32.0,Windows 11 Pro,0.0,TECHNOHIVE,17
SSD 1 TB,1024.0,2026-05-02 15:49:48,comercio electrónico,"HP ZBook Power G11 – Estación de Trabajo Móvil Profesional de 16""",HP,0.0,1890990,1890990,Intel Core Ultra 7 155H (3800 MHz - 4800 MHz),0,32 GB DDR5 (5600 MHz),32.0,Windows 11 Pro,0.0,SoloTodo,0
1TB,1024.0,2026-05-02 20:39:38,e-commerce,HP Zbook Power G11 16in AMD Ryzen 7 8845HS 32GB 1TB SSD W11P Gris,HP,0.0,2284990,2284990,Ryzen 7,1,32GB,32.0,Windows 11 Pro,0.0,TodoClick.cl,2
512GB,512.0,2026-05-02 21:29:09,e-commerce,"Notebook HP ZBook Firefly G8 de 15.6“ (i7-1165G7, 32GB RAM, 512GB SSD, Win10 Pro)",HP,0.0,1582990,1582990,i7-1165G7,0,32GB,32.0,Windows 10,5.0,TodoClick.cl,2
512GB,512.0,2026-05-02 21:19:41,e-commerce,"Notebook HP ZBook Studio G8 i9-11950H, 32GB Ram, 512GB SSD, RTX A3000",HP,0.0,2244990,2244990,i9-11950H,0,32GB,32.0,Otro,3.0,TodoClick.cl,2
512gb,512.0,2026-05-02 17:39:25,e-commerce,Notebook Hp 245 G10 R3 7330u 512gb Ssd 8gb Ram Windows 11 Ho,HP,0.0,459.900,459900,AMD Ryzen 3 R3 7330U,1,8gb,8.0,Windows 11,2.0,Mercado Libre,3
1TB,1024.0,2026-05-02 22:50:03,e-commerce,"Notebook HP EliteBook X360 1040 G10 de 14“ touch (intel i7-1355U, 32GB Ram, 1TB SSD, Win11 Pro)",HP,0.0,1994990,1994990,intel i7-1355U,0,32GB,32.0,Windows 11 Pro,0.0,NotebookStoreCL,1
256gb,256.0,2026-05-02 17:44:55,e-commerce,"Notebook Hp 250 G4 Intel, 8gb Ram, 256gb Ssd, Radeon, 15.6 (Reacondicionado)",HP,0.0,99.990,99990,Intel Celeron 3955u,0,8gb,8.0,Windows 10 Pro,7.0,Mercado Libre,3
256gb,256.0,2026-05-02 17:57:08,e-commerce,Hp 250 G4 Verde 8gb Ram 256gb Ssd Intel Am Radeon R5 (Reacondicionado),HP,0.0,119.990,119990,Intel Celeron 3955U,0,8gb,8.0,Windows 10,5.0,Mercado Libre,3
128 GB,128.0,2026-05-02 17:19:52,e-commerce,HP Pink Stream 14-EP2011 Intel N150 4 GB Ram 128GB Ufs Incluye Windows 11 Instalado Pantalla 14 Laptop Rosa Con Regalo,HP,0.0,333.241,333241,Intel Celeron N150,0,4 GB,4.0,Windows 11,2.0,Mercado Libre,3
512GB,512.0,2026-05-02 16:54:09,e-commerce,"Notebook HP ProBook 445 G8 (14"", Ryzen 5 5600U, 8GB RAM, 512GB SSD, Windows 11 Pro)",HP,0.0,1084990,1084990,Ryzen 5,4,8GB,8.0,Windows 11 Pro,0.0,SoloTodo,0
1tb,1024.0,2026-05-02 18:24:52,e-commerce,Notebook HP ZBook 8 G1i Intel Core Ultra 7 32gb Ram 1tb Ssd RTX500 4gb Windows 11 Pro,HP,0.0,2.599.990,2599990,Intel Core Ulta 7 255H,0,32gb,32.0,Windows 11 Pro,0.0,Mercado Libre,3
512GB,512.0,2026-05-02 17:50:45,e-commerce,HP Notebook 14-ew1000la Intel Core Ultra 5 16GB RAM 512GB SSD Windows 11 Home,HP,0.0,1.099.990,1099990,Intel Ultra 5 125H,0,16GB,16.0,Windows 11,2.0,Mercado Libre,3
256GB,256.0,2026-05-02 19:59:56,e-commerce,"Notebook HP 255 G10 15.6"" Ryzen 3 7330U 8GB RAM, 256GB SSD, FreeDOS",HP,0.0,373990,373990,Ryzen 3,0,8GB,8.0,FreeDOS,6.0,TodoClick.cl,2
1TB,1024.0,2026-05-02 19:36:16,e-commerce,"Notebook ENVY x360 2-en-1 Intel Core Ultra 7 16"" 32GB 1TB SSD Windows 11...",HP,0.0,999990,999990,Intel Core Ultra 7,0,32GB,32.0,Windows 11,2.0,PC Factory,5
128 GB,128.0,2026-05-02 17:38:44,e-commerce,Notebook Hp 14-dq6015dx 14 Hd 128gb /4gb Ram Intel N150 W11 - Pale Rose Gold,HP,0.0,198.397,198397,Intel Inside N150,0,4gb,4.0,Windows 11,2.0,Mercado Libre,3
1TB,1024.0,2026-05-02 21:21:14,e-commerce,"Notebook Hp Zbook Power G8 15.6"" i7-11800H, 16GB Ram, 1TB SSD, W10Pro",HP,0.0,1780990,1780990,i7-11800H,0,16GB,16.0,Windows 10,5.0,TodoClick.cl,2
SSD 512 GB,512.0,2026-05-02 15:14:22,comercio electrónico,Notebook HP Pavilion Plus 14-ew1000la,HP,0.0,1019990,1019990,Intel Core Ultra 5 125H (3600 MHz - 4500 MHz),0,16 GB LPDDR5X (6400 MHz),16.0,Windows 10,5.0,SoloTodo,0
1tb,1024.0,2026-05-02 17:34:59,e-commerce,Notebook Hp Gamer Omer 16-ap0007la AMD Ryzen 9 24gb Ram 1tb Ssd RTX5070 8gb Windows 11 Home,HP,0.0,1.999.990,1999990,Ryzen 9,8,24gb,24.0,Windows 11,2.0,Mercado Libre,3
512GB,512.0,2026-05-02 20:03:58,e-commerce,"Notebook HP 15-FD0006LA i7-1355U, 12GB, 512GB SSD, FreeDOS",HP,0.0,589990,589990,i7-1355U,0,12GB,12.0,FreeDOS,6.0,TodoClick.cl,2
512 GB,512.0,2026-05-02 18:41:36,e-commerce,Notebook Hp Amd Ryzen 5 7520u 8gb 512 Ssd 15-fc0020la Bolso (Reacondicionado),HP,0.0,409.990,409990,Ryzen 5,4,8gb,8.0,Windows 11 Home,1.0,Mercado Libre,3
SSD 1 TB,1024.0,2026-05-02 15:06:42,comercio electrónico,Notebook HP Spectre x360 14-eu0000la,HP,0.0,1599990,1599990,Intel Core Ultra 7 155H (3800 MHz - 4800 MHz),0,32 GB LPDDR5X (7467 MHz),32.0,Windows 11 Home,1.0,SoloTodo,0
512GB,512.0,2026-05-02 17:11:02,e-commerce,"Notebook Gamer HP Victus 15-fa2700la Intel Core i5 16GB RAM NVIDIA GeForce RTX 3050 512GB SSD 15.6"" Windows 11 Home",HP,0.0,1.119.631,1119631,Intel Core i5,2,16GB,16.0,Windows 11,2.0,Mercado Libre,3
256gb,256.0,2026-05-02 17:15:01,e-commerce,Notebook Hp 245 G10 Amd Ryzen 3 8gb Ram 256gb Ssd Window 11 Home,HP,0.0,479.990,479990,Ryzen 3,0,8gb,8.0,Windows 11,2.0,Mercado Libre,3
512 GB,512.0,2026-05-02 20:30:46,e-commerce,"Notebook HP 250 G9 I7-1255U 16GB Ram, 512 GB SSD M.2, W11P, 15.6""",HP,0.0,569990,569990,I7-1255U,0,16GB,16.0,Windows 11 Pro,0.0,TodoClick.cl,2
512gb,512.0,2026-05-02 17:31:46,e-commerce,Notebook Hp Probook 440 G11 Intel Core Ultra 5 16gb Ram 512gb Ssd Windows 11 Pro,HP,0.0,1.079.990,1079990,Intel Core Ultra 5 125U,0,16gb,16.0,Windows 11 Pro,0.0,Mercado Libre,3
SSD1TB,1024.0,2026-05-02 19:37:05,e-commerce,"Notebook HP ProBook 440 G10 I5-1335U RAM 32GB SSD1TB 14"" RTX 2050 4GB W11H (SKU: 9P2Y7LA)",HP,0.0,$879.990,879990,I5-1335U,0,32GB,32.0,Windows 11,2.0,TECNOMAS,15
1TB,1024.0,2026-05-02 23:01:46,e-commerce,"Notebook HP 245 G10 de 14“ (Ryzen 5 7530U, 16GB Ram, 1TB SSD, Win11 Home)",HP,0.0,669990,669990,Ryzen 5,4,16GB,16.0,Windows 11,2.0,NotebookStoreCL,1
1TB,1024.0,2026-05-02 22:40:13,e-commerce,"Notebook HP EliteBook X360 1040 G10 de 14“ touch (intel i7-1355U, 32GB Ram, 1TB SSD, Win11 Pro)",HP,0.0,1994990,1994990,intel i7-1355U,0,32GB,32.0,Windows 11 Pro,0.0,NotebookStoreCL,1
512GB,512.0,2026-05-02 22:51:12,e-commerce,"Notebook HP ProBook 440 G11 de 14“ (Ultra 5 125U, 16GB Ram, 512GB SSD, Win11 Pro)",HP,0.0,1081990,1081990,Ultra 5 125U,0,16GB,16.0,Windows 11 Pro,0.0,NotebookStoreCL,1
1tb,1024.0,2026-05-02 17:51:27,e-commerce,Notebook Hp Gamer Omen 16-wf0008la Intel Core i9 32gb Ram 1tb Ssd Rtx4070 8gb Windows 11 Home,HP,0.0,2.559.990,2559990,Intel Core i9,7,32gb,32.0,Windows 11,2.0,Mercado Libre,3
512GB,512.0,2026-05-02 15:34:26,comercio electrónico,"Notebook HP Pavilion x360 14-ek0010la – Intel Core i3, 8GB RAM, 512GB SSD, Pantalla Táctil 14""",HP,0.0,584990,584990,Intel Core i3,6,8GB,8.0,Windows 11 Home,1.0,SoloTodo,0
1 TB,1024.0,2026-05-02 15:46:05,comercio electrónico,Notebook HP ZBook X G1i Intel Core Ultra 7 32 GB RAM 1 TB SSD RTX Pro 500 Windows 11 Pro,HP,0.0,2165990,2165990,Intel Core Ultra 7 255HX (2300 MHz - 5200 MHz),0,32 GB,32.0,Windows 11 Pro,0.0,SoloTodo,0
256GB,256.0,2026-05-02 20:26:26,e-commerce,"HP ProBook 445 G8 AMD Ryzen 3 5400U 8GB 256GB SSD W10PRO 14"" (5Z8Z0LAABM)",HP,0.0,862990,862990,Ryzen 3,0,8GB,8.0,Windows 10,5.0,TodoClick.cl,2
512GB,512.0,2026-05-02 20:53:19,e-commerce,"Notebook HP 240 G9, Intel Core i3 I3-1215U, 8GB RAM, 512GB SSD, W11P, 14""",HP,0.0,544990,544990,Intel Core i3,6,8GB,8.0,Windows 11 Pro,0.0,TodoClick.cl,2
1TB,1024.0,2026-05-02 21:43:15,e-commerce,"Notebook HP EliteBook X G1a de 14“ (Ryzen 7 Pro 360, 32GB Ram, 1TB SSD, Win11 Pro)",HP,0.0,1545990,1545990,Ryzen 7,1,32GB,32.0,Windows 11 Pro,0.0,NotebookStoreCL,1
512GB,512.0,2026-05-02 20:04:08,e-commerce,"Notebook HP 250 G10 i3-1315U, 16GB Ram, 512GB SSD, W11Pro, 15.6""",HP,0.0,529990,529990,i3-1315U,0,16GB,16.0,Windows 11 Pro,0.0,TodoClick.cl,2
1TB,1024.0,2026-05-02 20:09:41,e-commerce,"Notebook HP Zbook Firefly14 G10, i7-1355U, 16GB RAM, 1TB SSD, NVIDIA RTX A500, W11P, 14""",HP,0.0,1983990,1983990,i7-1355U,0,16GB,16.0,Windows 11 Pro,0.0,TodoClick.cl,2
SSD 512 GB,512.0,2026-05-02 15:36:20,comercio electrónico,Notebook HP OmniBook X Flip 14-fm0051la,HP,0.0,949990,949990,Intel Core Ultra 5 226V (2100 MHz - 4500 MHz),0,16 GB LPDDR5X (8533 MHz),16.0,Windows 11 Home,1.0,SoloTodo,0
512GB,512.0,2026-05-02 19:47:25,e-commerce,"HP Elite Dragonfly G4 13.5"" Core i7-1365U 32GB 512GB SSD Windows 11 Pro",HP,0.0,$2.549.990,2549990,i7-1365U,0,32GB,32.0,Windows 11 Pro,0.0,TECHNOHIVE,17
512GB,512.0,2026-05-02 19:50:58,e-commerce,"Notebook HP EliteBook 640 G11 Intel Ultra 5 125U, 16GB Ram, 512GB SSD, W11P, 14""",HP,0.0,1195990,1195990,Intel Ultra 5 125U,0,16GB,16.0,Windows 11 Pro,0.0,TodoClick.cl,2
512GB,512.0,2026-05-02 19:43:32,e-commerce,Notebook HP 250 G10 Core I7-1355U 512GB SSD 8GB 15.6in HD FreeDOS,HP,0.0,"$836,990",836990,I7-1355U,0,8GB,8.0,FreeDOS,6.0,ONEDUC,6
512 GB,512.0,2026-05-02 18:03:14,e-commerce,"Notebook Hp 15-fc0047wm 15,6' Fhd Touch 512gb / 16gb Ram R7-7730u W11",HP,0.0,999.999,999999,AMD Ryzen 7 7730u,1,16gb,16.0,Windows 11,2.0,Mercado Libre,3
756gb,756.0,2026-05-02 18:30:33,e-commerce,"Laptop Hp 17,3 Fhd Ryzen 5 7430u 8gb 756gb Ssd Win11",HP,0.0,708.488,708488,Ryzen 5,4,8gb,8.0,Windows 11,2.0,Mercado Libre,3
256GB,256.0,2026-05-02 20:50:12,e-commerce,"Notebook HP 250 G9 i3-1215U, 8 GB Ram, 256GB SSD, W11H, 15.6""",HP,0.0,433990,433990,i3-1215U,0,8 GB,8.0,Windows 11,2.0,TodoClick.cl,2
256GB,256.0,2026-05-02 21:32:47,e-commerce,HP ProBook 440 G8 Intel Core i3-10110U 4GB 256GB SSD W10Pro,HP,0.0,860990,860990,Intel Core i3-10110U,6,4GB,4.0,Windows 10,5.0,TodoClick.cl,2
1TB,1024.0,2026-05-02 17:24:12,e-commerce,"Notebook Gamer HP Victus 16-R1015LA Intel Core i7 16GB RAM NVIDIA RTX 4060 1TB SSD 16.1"" Windows 11 Home",HP,0.0,1.793.343,1793343,Intel Core i7,3,16GB,16.0,Windows 11,2.0,Mercado Libre,3
512gb,512.0,2026-05-02 18:00:02,e-commerce,Notebook Hp Omnibook 13-bg1071la Amd Ai7 16gb Ram 512gb Ssd,HP,0.0,1.399.990,1399990,AMD AMD Ryzen™ AI 7 Ryzen AI 7 350,1,16gb,16.0,Windows 11 Home,1.0,Mercado Libre,3
512GB,512.0,2026-05-02 17:11:47,e-commerce,Notebook Hp 15-fd0273la Intel Core i7 16GB RAM 512GB SSD Windows 11 Home,HP,0.0,958.545,958545,Intel Core i7,3,16GB,16.0,Windows 11,2.0,Mercado Libre,3
1TB,1024.0,2026-05-02 22:57:07,e-commerce,"Notebook HP EliteBook X360 1040 G10 de 14“ touch (intel i7-1355U, 32GB Ram, 1TB SSD, Win11 Pro)",HP,0.0,1994990,1994990,intel i7-1355U,0,32GB,32.0,Windows 11 Pro,0.0,NotebookStoreCL,1
SSD 1 TB,1024.0,2026-05-02 14:50:33,comercio electrónico,Notebook Gamer HP Victus 15-fb2019la,HP,0.0,999990,999990,AMD Ryzen 7 8845HS (3800 MHz - 5100 MHz),1,16 GB DDR5 (5600 MHz),16.0,Windows 11 Home,1.0,SoloTodo,0
SSD 256 GB,256.0,2026-05-02 15:36:16,comercio electrónico,Notebook HP 14-CF2051LA (299P5LA) – Rendimiento equilibrado para uso diario,HP,0.0,245000,245000,Intel Core i3-10110U (2100 MHz - 4100 MHz),6,8 GB DDR4 (2666 MHz),8.0,Windows 10 Home,8.0,SoloTodo,0
512GB,512.0,2026-05-02 18:07:31,e-commerce,"HP ProBook 440 G9 – Notebook 14"" Full HD, Intel Core i7-1255U, 8GB RAM, 512GB SSD, Windows 10 Pro",HP,0.0,949990,949990,Intel Core i7-1255U,3,8GB,8.0,Windows 10,5.0,SoloTodo,0
512GB,512.0,2026-05-02 20:34:37,e-commerce,"Notebook HP 255 G10 15.6"" AMD Ryzen 3 7335U 8GB RAM 512GB SSD W11 Pro",HP,0.0,515990,515990,Ryzen 3,0,8GB,8.0,Windows 11,2.0,TodoClick.cl,2
512GB,512.0,2026-05-02 20:00:46,e-commerce,"Notebook HP 255 G9 AMD Ryzen 7 5825U, 16GB Ram, 512GB SSD, W11Pro, 15,6""",HP,0.0,599990,599990,Ryzen 7,1,16GB,16.0,Windows 11 Pro,0.0,TodoClick.cl,2
1TB,1024.0,2026-05-02 20:45:42,e-commerce,"Notebook HP Elite x360 1040 G11 Intel Ultra 7 135U 32GB Ram, 1TB SSD, W11P, 14""",HP,0.0,2070990,2070990,Intel Ultra 7 135U,0,32GB,32.0,Windows 11 Pro,0.0,TodoClick.cl,2
SSD 1 TB,1024.0,2026-05-02 14:48:23,comercio electrónico,Notebook HP OMEN 16-ap0007la – Potencia y rendimiento para gaming,HP,0.0,1699990,1699990,AMD Ryzen 9 8940HX (2400 MHz - 5300 MHz),4,24 GB DDR5 (5200 MHz),24.0,Windows 11 Home,1.0,SoloTodo,0
512GB,512.0,2026-05-02 17:36:54,e-commerce,"Notebook Gamer HP Victus 15-fa2700la Intel Core i5 16GB RAM NVIDIA GeForce RTX 3050 512GB SSD 15.6"" Windows 11 Home",HP,0.0,1.119.631,1119631,Intel Core i5,2,16GB,16.0,Windows 11,2.0,Mercado Libre,3
512GB,512.0,2026-05-02 22:04:25,e-commerce,"Notebook HP 255R G10 de 15.6“ (Ryzen 7 7735U, 16GB Ram, 512GB SSD, FreeDOS)",HP,0.0,715990,715990,Ryzen 7,1,16GB,16.0,FreeDOS,6.0,NotebookStoreCL,1
512GB,512.0,2026-05-02 19:13:16,e-commerce,"Notebook HP 240R G9 Core i5-1334U 8GB 512GB SSD 14"" FHD Windows 11 Pro",HP,0.0,639990,639990,Intel Core i5-1334U (900 MHz - 4600 MHz),2,8GB,8.0,Windows 11 Pro,0.0,SoloTodo,0
512gb,512.0,2026-05-02 18:09:52,e-commerce,Notebook Hp 15-fd0274la Intel Core I7 16gb Ram 512gb Ssd ...,HP,0.0,1.029.990,1029990,Intel Core I7,3,16gb,16.0,Otro,3.0,Mercado Libre,3
512 GB,512.0,2026-05-02 17:58:19,e-commerce,Notebook Hp Probook 440 G11 intel Core Ultra 7 16gb Ram 512g,HP,0.0,949.990,949990,Intel Core Ultra 7 155U,0,16gb,16.0,Windows 11 Pro,0.0,Mercado Libre,3
256GB,256.0,2026-05-02 19:36:01,e-commerce,"Notebook 250 G10 Intel Core i3-N305 15"" 8GB 256GB SSD FREEDOS B83U6AT",HP,0.0,1499990,1499990,Intel Core i3-N305,6,8GB,8.0,FreeDOS,6.0,PC Factory,5
SSD 1 TB,1024.0,2026-05-02 15:49:42,comercio electrónico,HP ZBook X G1i - Estación de Trabajo Móvil Profesional,HP,0.0,3004250,3004250,Intel Core Ultra 9 285H (4500 MHz - 5400 MHz),0,32 GB DDR5 (5600 MHz),32.0,Windows 11 Pro,0.0,SoloTodo,0
256GB,256.0,2026-05-02 22:41:14,e-commerce,"Notebook HP Pro MT440 G3 14“ (Celeron 7305, 8GB Ram, 256GB SSD, HP ThinPro)",HP,0.0,583990,583990,Celeron 7305,0,8GB,8.0,Otro,3.0,NotebookStoreCL,1
1TB,1024.0,2026-05-02 12:40:54,e-commerce,Notebook HP ProBook 460 G11 Ultra 5 125U 16GB 1TB SSD W11 Pro,HP,0.0,$ 949.990,949990,Intel Core Ultra 5 125U,0,16GB,16.0,Windows 11,2.0,SCGLOBAL.CL,14
512GB,512.0,2026-05-02 17:25:40,e-commerce,"NotebooK Gamer HP Omen 16-C0506LA AMD Ryzen 7 16GB RAM AMD Radeon RX 6600M 512GB SSD 16.1"" Windows 11 Home + Mouse Gamer HP OMEN",HP,0.0,1.399.990,1399990,Ryzen 7,1,16GB,16.0,Windows 11,2.0,Mercado Libre,3
512GB,512.0,2026-05-02 16:11:10,comercio electrónico,"Notebook HP 15-FD0252LA Intel Core i5 8GB 512GB SSD 15.6"" FHD Windows 11 Home",HP,0.0,529990,529990,Intel Core i5,2,8GB,8.0,Windows 11,2.0,SoloTodo,0
1tb,1024.0,2026-05-02 17:41:10,e-commerce,Laptop Hp 15-fc0276la Amd Ryzen 7-7730u 16gb Ram 1tb Ssd W11,HP,0.0,919.990,919990,Ryzen 7-7730u,1,16gb,16.0,Windows 11,2.0,Mercado Libre,3
256GB,256.0,2026-05-02 21:52:29,e-commerce,"Notebook HP Pro MT440 G3 14“ (Celeron 7305, 8GB Ram, 256GB SSD, HP ThinPro)",HP,0.0,583990,583990,Celeron 7305,0,8GB,8.0,Otro,3.0,NotebookStoreCL,1
1TB,1024.0,2026-05-02 22:35:08,e-commerce,"Notebook HP 245 G10 de 14“ (Ryzen 5 7530U, 16GB Ram, 1TB SSD, Win11 Home)",HP,0.0,669990,669990,Ryzen 5,4,16GB,16.0,Windows 11,2.0,NotebookStoreCL,1
512GB,512.0,2026-05-02 20:57:48,e-commerce,"Notebook HP 440 G10, I5-1335U, 16GB RAM, 512GB SSD, W11P, 14""",HP,0.0,783990,783990,I5-1335U,0,16GB,16.0,Windows 11 Pro,0.0,TodoClick.cl,2
256GB,256.0,2026-05-02 20:20:22,e-commerce,"Notebook HP 250 G8 Intel Core i5-1135G7, 8GB Ram, 256GB SSD, FreeDOS, 15""",HP,0.0,369990,369990,Intel Core i5-1135G7,2,8GB,8.0,FreeDOS,6.0,TodoClick.cl,2
256 GB,256.0,2026-05-02 18:23:02,e-commerce,Not. Hp 840 G7 I5-10210 8gb 256gb W11p (marco Pant Trizado) (Reacondicionado),HP,0.0,259.900,259900,Core™ i5-10210U Intel Core i5-10210U,2,8gb,8.0,Windows 11 Pro,0.0,Mercado Libre,3
SSD 1 TB,1024.0,2026-05-02 15:28:07,comercio electrónico,Notebook Gamer HP OMEN 16-WD0013LA,HP,0.0,1874550,1874550,Intel Core i7-13620H (2400 MHz - 4900 MHz),3,16 GB DDR5 (5200 MHz),16.0,Windows 11 Home,1.0,SoloTodo,0
SSD 1 TB,1024.0,2026-05-02 15:50:08,comercio electrónico,Notebook HP Gamer OMEN 16-ap0004la,HP,0.0,1849995,1849995,AMD Ryzen AI 9 365 (2000 MHz - 5000 MHz),4,32 GB DDR5 (5600 MHz),32.0,Windows 11 Home,1.0,SoloTodo,0
512GB,512.0,2026-05-02 22:58:14,e-commerce,"Notebook HP ProBook 440 G11 de 14“ (Ultra 5 125U, 16GB Ram, 512GB SSD, Win11 Pro)",HP,0.0,1081990,1081990,Ultra 5 125U,0,16GB,16.0,Windows 11 Pro,0.0,NotebookStoreCL,1
1TB,1024.0,2026-05-02 20:58:18,e-commerce,"Notebook HP Pavilion 14, I7-1255U, 16GB RAM, 1TB SSD, W11H, 14""",HP,0.0,995990,995990,I7-1255U,0,16GB,16.0,Windows 11,2.0,TodoClick.cl,2
512GB,512.0,2026-05-02 16:26:23,e-commerce,"Notebook HP 14-ep1000la Intel Core Ultra 5 16GB RAM 512GB SSD 14"" FHD",HP,0.0,719990,719990,Intel Core Ultra 5 125H (3600 MHz - 4500 MHz),0,16GB,16.0,Windows 11 Pro,0.0,SoloTodo,0
SSD 512 GB,512.0,2026-05-02 14:46:49,comercio electrónico,Notebook HP Omen 16-c0506la,HP,0.0,1011000,1011000,AMD Ryzen 7 5800H (3200 MHz - 4400 MHz),1,16 GB DDR4 (3200 MHz),16.0,Windows 10 Home,8.0,SoloTodo,0
1TB,1024.0,2026-05-02 21:56:20,e-commerce,"Notebook HP EliteBook X360 1040 G10 de 14“ touch (intel i7-1355U, 32GB Ram, 1TB SSD, Win11 Pro)",HP,0.0,1994990,1994990,intel i7-1355U,0,32GB,32.0,Windows 11 Pro,0.0,NotebookStoreCL,1
2TB,2048.0,2026-05-02 18:26:07,e-commerce,"Notebook HP OMEN Transcend 14-FB0004LA Intel Core Ultra 9, 32GB RAM, 2TB SSD, NVIDIA RTX 4070",HP,0.0,2474990,2474990,Intel Core Ultra 9 185H (3900 MHz - 5100 MHz),0,32GB,32.0,Windows 11 Pro,0.0,SoloTodo,0
256GB,256.0,2026-05-02 19:36:27,e-commerce,"Notebook 14-em0001la AMD Ryzen 3-7320U 14.0"" FHD 8GB 256GB SSD Windows 1...",HP,0.0,879990,879990,Ryzen 3-7320U,1,8GB,8.0,Otro,3.0,PC Factory,5
1TB,1024.0,2026-05-02 21:52:20,e-commerce,"Notebook Dell Pro Plus de 14“ (Ultra 7 265U, 32GB Ram, 1TB SSD, Win11 Pro) 3 años de garantía Pro Support Plus",Dell,3.0,1549990,1549990,Ultra 7 265U,0,32GB,32.0,Windows 11 Pro,0.0,NotebookStoreCL,1
SSD 512 GB,512.0,2026-05-02 14:44:45,comercio electrónico,Notebook HP OmniBook 7 Aero 13-bg1071la,HP,0.0,929990,929990,AMD Ryzen AI 7 350 (2000 MHz - 5000 MHz),1,16 GB LPDDR5 (7500 MHz),16.0,Windows 11 Home,1.0,SoloTodo,0
1TB,1024.0,2026-05-02 15:37:33,comercio electrónico,"Notebook HP Dragonfly G4 13.5"" – Intel Core i7, 32GB RAM, 1TB SSD, Windows 11 Pro",HP,0.0,2399990,2399990,Intel Core i7,3,32GB,32.0,Windows 11 Pro,0.0,SoloTodo,0
512GB,512.0,2026-05-02 20:51:26,e-commerce,"Notebook HP EliteBook 840 G10, I5-1335U, 16GB RAM, 512GB SSD, W11P, 14""",HP,0.0,1202990,1202990,I5-1335U,0,16GB,16.0,Windows 11 Pro,0.0,TodoClick.cl,2
512 GB,512.0,2026-05-02 17:22:40,e-commerce,"Notebook Hp 245 G10 Ryzen 5 7530u 8gb Ram, 512gb, W11h Negro 81T58LT",HP,0.0,499.990,499990,Ryzen 5,4,8gb,8.0,Windows 11,2.0,Mercado Libre,3
2TB,2048.0,2026-05-02 22:05:12,e-commerce,"Notebook Dell Pro de 14“ (Ultra 5 235U, 32GB Ram, 2TB SSD, Win11 Pro) 3 años de garantia",Dell,3.0,1399990,1399990,Ultra 5 235U,0,32GB,32.0,Windows 11 Pro,0.0,NotebookStoreCL,1
1TB,1024.0,2026-05-02 22:27:04,e-commerce,"Notebook Dell Pro Plus 14“ (Ryzen 7 Pro 350, 32GB Ram, 1TB SSD, Win11 Pro) 3 Años de Garantia",Dell,3.0,1583990,1583990,Ryzen 7,1,32GB,32.0,Windows 11 Pro,0.0,NotebookStoreCL,1
1TB,1024.0,2026-05-02 12:35:30,e-commerce,Portátil Dell PRO PLUS AMD R7 PRO 350 32GB 1TBSSD W11P 3YR,Dell,3.0,$1.752.987,1752987,AMD R7 PRO 350,0,32GB,32.0,Windows 11 Pro,0.0,FSNSTORE.CL,8
512GB,512.0,2026-05-02 22:50:29,e-commerce,"Notebook Dell Pro de 14“ (Ultra 7 255U, 16GB Ram, 512GB SSD, Win11 Pro) 3 Años de Garantia",Dell,3.0,1165990,1165990,Ultra 7 255U,0,16GB,16.0,Windows 11 Pro,0.0,NotebookStoreCL,1
1TB,1024.0,2026-05-02 23:00:38,e-commerce,"Notebook Dell Pro de 14“ (Ultra 5 235U, 64GB Ram, 1TB SSD, Win11 Pro) 3 años de garantia",Dell,3.0,1499990,1499990,Ultra 5 235U,0,64GB,64.0,Windows 11 Pro,0.0,NotebookStoreCL,1
512GB,512.0,2026-05-02 19:36:21,e-commerce,"Notebook Dell AMD Ryzen 5-7520U 15.6"" FHD 120Hz 8GB 512GB SSD Windows 11...",Dell,3.0,1799990,1799990,Ryzen 5-7520U,1,8GB,8.0,Windows 11,2.0,PC Factory,5
512GB,512.0,2026-05-02 19:45:49,e-commerce,"Notebook Dell Pro 14"" FHD+ Core 5 120U 8GB 512GB SSD Windows 11 Pro PC14250",Dell,3.0,$795.990,795990,Core 5 120U,0,8GB,8.0,Windows 11 Pro,0.0,TECHRELOAD,12
512GB,512.0,2026-05-02 22:28:09,e-commerce,"Notebook Dell Inspiron 5440 de 14“ (intel i5-1334U, 32GB Ram, 512GB SSD, Win11 Pro) Ice Blue Silver",Dell,3.0,799990,799990,intel i5-1334U,0,32GB,32.0,Windows 11 Pro,0.0,NotebookStoreCL,1
512GB,512.0,2026-05-02 22:53:37,e-commerce,"Notebook Dell Inspiron 5440 de 14“ (intel i5-1334U, 32GB Ram, 512GB SSD, Win11 Pro) Ice Blue Silver",Dell,3.0,799990,799990,intel i5-1334U,0,32GB,32.0,Windows 11 Pro,0.0,NotebookStoreCL,1
SSD 1 TB,1024.0,2026-05-02 15:08:08,comercio electrónico,Dell Alienware 16 Area-51,Dell,3.0,2999900,2999900,Intel Core Ultra 9 275HX (2100 MHz - 5400 MHz),0,32 GB DDR5 (6400 MHz),32.0,Windows 11 Home,1.0,SoloTodo,0
2TB,2048.0,2026-05-02 22:39:10,e-commerce,"Notebook Dell Pro de 14“ (Ultra 5 235U, 16GB Ram, 2TB SSD, Win11 Pro) 3 años de garantia",Dell,3.0,1149990,1149990,Ultra 5 235U,0,16GB,16.0,Windows 11 Pro,0.0,NotebookStoreCL,1
1TB,1024.0,2026-05-02 19:25:55,e-commerce,"Notebook Dell Pro Plus 14"" (AMD Ryzen 7 Pro 350, 32GB RAM, 1TB SSD, Windows 11 Home)",Dell,3.0,1607345,1607345,Ryzen 7,1,32GB,32.0,Windows 11,2.0,SoloTodo,0
1TB,1024.0,2026-05-02 22:22:33,e-commerce,"Notebook Dell Pro de 14“ (Ultra 5 235U, 16GB Ram, 1TB SSD, Win11 Pro) 3 años de garantia",Dell,3.0,1049990,1049990,Ultra 5 235U,0,16GB,16.0,Windows 11 Pro,0.0,NotebookStoreCL,1
1TB,1024.0,2026-05-02 22:48:24,e-commerce,"Notebook Dell Inspiron 5440 de 14“ (intel i5-1334U, 32GB Ram, 1TB SSD, Win11 Pro) Ice Blue Silver",Dell,3.0,899990,899990,intel i5-1334U,0,32GB,32.0,Windows 11 Pro,0.0,NotebookStoreCL,1
512 GB,512.0,2026-05-02 18:30:24,e-commerce,"Portátil Dell Inspiron 14 7440 De 14'' Fhd 16gb Ram, 512gb S",Dell,3.0,888.726,888726,Intel Core i5 120U,2,16gb,16.0,Windows 11 Pro,0.0,Mercado Libre,3
512GB,512.0,2026-05-02 21:02:49,e-commerce,"Notebook Dell Latitude 5540, i7-1355U, 16GB RAM, 512GB SSD, W11P, 15.6""",Dell,3.0,1101990,1101990,i7-1355U,0,16GB,16.0,Windows 11 Pro,0.0,TodoClick.cl,2
256GB SSD,256.0,2026-05-02 19:43:22,e-commerce,Notebook Dell Latitude 5340,Dell,3.0,$ 1.099.990,1099990,Intel Core i7-1365U,3,32 GB,32.0,Windows 11,2.0,PORTATILCHILE,9
512GB,512.0,2026-05-02 19:43:33,e-commerce,"Notebook DELL PRO 14""FHD Ultra 7 255U 16GB 512GB SSD W11Pro Grtia3A",Dell,3.0,"$1,197,990",1197990,Ultra 7 255U,0,16GB,16.0,Windows 11 Pro,0.0,ONEDUC,6
256GB,256.0,2026-05-02 21:24:51,e-commerce,"Notebook Dell Latitude 5430 de 14“ i5-1235U, 8GB RAM, 256GB SSD, Win10 Pro",Dell,3.0,800990,800990,i5-1235U,0,8GB,8.0,Windows 10,5.0,TodoClick.cl,2
512GB,512.0,2026-05-02 22:59:38,e-commerce,"Notebook Dell Inspiron 5440 de 14“ (intel i5-1334U, 32GB Ram, 512GB SSD, Win11 Pro) Ice Blue Silver",Dell,3.0,799990,799990,intel i5-1334U,0,32GB,32.0,Windows 11 Pro,0.0,NotebookStoreCL,1
1TB,1024.0,2026-05-02 22:21:38,e-commerce,"Notebook Dell Pro Plus de 14“ (Ultra 7 265U, 32GB Ram, 1TB SSD, Win11 Pro) 3 años de garantía Pro Support Plus",Dell,3.0,1549990,1549990,Ultra 7 265U,0,32GB,32.0,Windows 11 Pro,0.0,NotebookStoreCL,1
512GB,512.0,2026-05-02 22:01:46,e-commerce,"Notebook Dell Pro de 14“ (Ultra 7 255U, 16GB Ram, 512GB SSD, Win11 Pro) 3 Años de Garantia",Dell,3.0,1165990,1165990,Ultra 7 255U,0,16GB,16.0,Windows 11 Pro,0.0,NotebookStoreCL,1
2TB,2048.0,2026-05-02 22:34:34,e-commerce,"Notebook Dell Pro de 14“ (Ultra 5 235U, 64GB Ram, 2TB SSD, Win11 Pro) 3 años de garantia",Dell,3.0,1599990,1599990,Ultra 5 235U,0,64GB,64.0,Windows 11 Pro,0.0,NotebookStoreCL,1
512GB,512.0,2026-05-02 22:40:38,e-commerce,"Notebook Dell Pro de 14“ (Ultra 7 255U, 16GB Ram, 512GB SSD, Win11 Pro) 3 Años de Garantia",Dell,3.0,1165990,1165990,Ultra 7 255U,0,16GB,16.0,Windows 11 Pro,0.0,NotebookStoreCL,1
256GB,256.0,2026-05-02 20:16:20,e-commerce,"Notebook Dell Latitude 5440 i5 I5-1335U, 8GB Ram, 256GB SSD, W11Pro, 14""",Dell,3.0,883990,883990,I5-1335U,0,8GB,8.0,Windows 11 Pro,0.0,TodoClick.cl,2
1TB,1024.0,2026-05-02 22:41:40,e-commerce,"Notebook Dell Pro Plus 14“ (Ryzen 7 Pro 350, 32GB Ram, 1TB SSD, Win11 Pro) 3 Años de Garantia",Dell,3.0,1583990,1583990,Ryzen 7,1,32GB,32.0,Windows 11 Pro,0.0,NotebookStoreCL,1
512GB,512.0,2026-05-02 21:18:19,e-commerce,"Notebook Dell Latitude 5530 i7-1255U, 16GB Ram, 512GB SSD, W10P",Dell,3.0,1211990,1211990,i7-1255U,0,16GB,16.0,Windows 10,5.0,TodoClick.cl,2
1TB,1024.0,2026-05-02 22:17:31,e-commerce,"Notebook Dell Pro Plus 14“ (Ryzen 7 Pro 350, 32GB Ram, 1TB SSD, Win11 Pro) 3 Años de Garantia",Dell,3.0,1583990,1583990,Ryzen 7,1,32GB,32.0,Windows 11 Pro,0.0,NotebookStoreCL,1
1TB,1024.0,2026-05-02 21:09:09,e-commerce,"Notebook Dell Latitude 7440, i7 1355U, 16GB RAM, 1TB SSD, Win11P, 14""",Dell,3.0,1445990,1445990,i7 1355U,0,16GB,16.0,Windows 11,2.0,TodoClick.cl,2
2TB,2048.0,2026-05-02 22:10:40,e-commerce,"Notebook Dell Pro de 14“ (Ultra 5 235U, 64GB Ram, 2TB SSD, Win11 Pro) 3 años de garantia",Dell,3.0,1599990,1599990,Ultra 5 235U,0,64GB,64.0,Windows 11 Pro,0.0,NotebookStoreCL,1
1TB,1024.0,2026-05-02 22:37:21,e-commerce,"Notebook Dell Pro de 14“ (Ultra 5 235U, 32GB Ram, 1TB SSD, Win11 Pro) 3 años de garantia",Dell,3.0,1299990,1299990,Ultra 5 235U,0,32GB,32.0,Windows 11 Pro,0.0,NotebookStoreCL,1
512GB,512.0,2026-05-02 21:43:32,e-commerce,"NotebookDell Pro Essential PV14250 de 14“ (intel i7-150U, 16GB Ram, 512GB SSD, Win11 Pro)",Dell,3.0,875990,875990,intel i7-150U,0,16GB,16.0,Windows 11 Pro,0.0,NotebookStoreCL,1
512GB,512.0,2026-05-02 21:43:41,e-commerce,"Notebook Dell Pro de 14“ (Ultra 5 235U, 16GB Ram, 512GB SSD, Win11 Pro) 3 años de garantia",Dell,3.0,999990,999990,Ultra 5 235U,0,16GB,16.0,Windows 11 Pro,0.0,NotebookStoreCL,1
512GB,512.0,2026-05-02 22:36:35,e-commerce,"Notebook DELL Pro de 16“ (Ultra 5 235U, 16GB Ram, 512GB SSD, Win11 Pro)",Dell,3.0,1173990,1173990,Ultra 5 235U,0,16GB,16.0,Windows 11 Pro,0.0,NotebookStoreCL,1
1TB,1024.0,2026-05-02 22:19:38,e-commerce,"Notebook Dell Pro de 14“ (Ultra 5 235U, 64GB Ram, 1TB SSD, Win11 Pro) 3 años de garantia",Dell,3.0,1499990,1499990,Ultra 5 235U,0,64GB,64.0,Windows 11 Pro,0.0,NotebookStoreCL,1
1TB,1024.0,2026-05-02 21:07:17,e-commerce,"Notebook Dell Precision 3581 i9-13900H, 32GB RAM, 1TB SSD, W11P, NVIDIA RTX A2000, 15.6""",Dell,3.0,3075990,3075990,i9-13900H,0,32GB,32.0,Windows 11 Pro,0.0,TodoClick.cl,2
1TB,1024.0,2026-05-02 22:03:21,e-commerce,"Notebook Dell Pro de 14“ (Ultra 5 235U, 32GB Ram, 1TB SSD, Win11 Pro) 3 años de garantia",Dell,3.0,1299990,1299990,Ultra 5 235U,0,32GB,32.0,Windows 11 Pro,0.0,NotebookStoreCL,1
1TB,1024.0,2026-05-02 22:43:48,e-commerce,"Notebook Dell Pro de 14“ (Ultra 5 235U, 64GB Ram, 1TB SSD, Win11 Pro) 3 años de garantia",Dell,3.0,1499990,1499990,Ultra 5 235U,0,64GB,64.0,Windows 11 Pro,0.0,NotebookStoreCL,1
1TB,1024.0,2026-05-02 22:38:53,e-commerce,"Notebook Dell Pro de 14“ (Ultra 5 235U, 64GB Ram, 1TB SSD, Win11 Pro) 3 años de garantia",Dell,3.0,1499990,1499990,Ultra 5 235U,0,64GB,64.0,Windows 11 Pro,0.0,NotebookStoreCL,1
512GB,512.0,2026-05-02 22:26:55,e-commerce,"Notebook DELL Pro de 16“ (Ultra 5 235U, 16GB Ram, 512GB SSD, Win11 Pro)",Dell,3.0,1173990,1173990,Ultra 5 235U,0,16GB,16.0,Windows 11 Pro,0.0,NotebookStoreCL,1
2TB,2048.0,2026-05-02 22:00:33,e-commerce,"Notebook Dell Pro de 14“ (Ultra 5 235U, 64GB Ram, 2TB SSD, Win11 Pro) 3 años de garantia",Dell,3.0,1599990,1599990,Ultra 5 235U,0,64GB,64.0,Windows 11 Pro,0.0,NotebookStoreCL,1
512GB,512.0,2026-05-02 22:47:49,e-commerce,"Notebook Dell Inspiron 5440 de 14“ (intel i5-1334U, 32GB Ram, 512GB SSD, Win11 Pro) Ice Blue Silver",Dell,3.0,799990,799990,intel i5-1334U,0,32GB,32.0,Windows 11 Pro,0.0,NotebookStoreCL,1
1TB,1024.0,2026-05-02 21:48:16,e-commerce,"Notebook Dell Pro de 14“ (Ultra 5 235U, 16GB Ram, 1TB SSD, Win11 Pro) 3 años de garantia",Dell,3.0,1049990,1049990,Ultra 5 235U,0,16GB,16.0,Windows 11 Pro,0.0,NotebookStoreCL,1
1TB,1024.0,2026-05-02 21:53:24,e-commerce,"Notebook Dell Pro de 14“ (Ultra 5 235U, 16GB Ram, 1TB SSD, Win11 Pro) 3 años de garantia",Dell,3.0,1049990,1049990,Ultra 5 235U,0,16GB,16.0,Windows 11 Pro,0.0,NotebookStoreCL,1
1TB,1024.0,2026-05-02 22:04:16,e-commerce,"Notebook Dell Inspiron 5440 de 14“ (intel i5-1334U, 16GB Ram, 1TB SSD, Win11 Pro) Ice Blue Silver",Dell,3.0,829990,829990,intel i5-1334U,0,16GB,16.0,Windows 11 Pro,0.0,NotebookStoreCL,1
256GB,256.0,2026-05-02 19:43:59,e-commerce,"Notebook DELL Latitude 5490, Intel® Core™ I5-8350U, 16GB DDR4, 256GB SSD, USB3.0, WiFi, Bluetooth, HDMI, 14"" HD, Windows 11 Pro, Teclado Inglés (Configurable A Español) Reacondicionado (9Gp5YA0016).",Dell,3.0,$289.990,289990,I5-8350U,0,16GB,16.0,Windows 11 Pro,0.0,BIP,10
512GB,512.0,2026-05-02 19:44:07,e-commerce,"Notebook DELL Latitude 5490, Intel® Core™ I5-8350U, 16GB DDR4, 512GB SSD, USB3.0, WiFi, Bluetooth, HDMI, 14"" HD, Windows 11 Pro, Teclado Inglés (Configurable A Español) Reacondicionado (9Gp5YA0016512).",Dell,3.0,$349.990,349990,I5-8350U,0,16GB,16.0,Windows 11 Pro,0.0,BIP,10
512GB SSD M.2 PCIe NVMe,512.0,2026-05-02 19:39:58,e-commerce,Notebook Dell Latitude 7430,Dell,3.0,$599.990,599990,Intel Core i7-1270P,3,32GB LPDDR4x,32.0,Windows 11 Pro,0.0,SMARTDEAL,4
1TB,1024.0,2026-05-02 22:59:03,e-commerce,"Notebook Dell Pro de 14“ (Ultra 5 235U, 32GB Ram, 1TB SSD, Win11 Pro) 3 años de garantia",Dell,3.0,1299990,1299990,Ultra 5 235U,0,32GB,32.0,Windows 11 Pro,0.0,NotebookStoreCL,1
512GB,512.0,2026-05-02 22:47:42,e-commerce,"Notebook Dell Inspiron 5440 de 14“ (intel i5-1334U, 16GB Ram, 512GB SSD, Win11 Pro) Ice Blue Silver",Dell,3.0,699990,699990,intel i5-1334U,0,16GB,16.0,Windows 11 Pro,0.0,NotebookStoreCL,1
1TB,1024.0,2026-05-02 23:02:48,e-commerce,"Notebook Dell Pro Plus de 14“ (Ultra 7 265U, 32GB Ram, 1TB SSD, Win11 Pro) 3 años de garantía Pro Support Plus",Dell,3.0,1549990,1549990,Ultra 7 265U,0,32GB,32.0,Windows 11 Pro,0.0,NotebookStoreCL,1
512GB,512.0,2026-05-02 22:41:32,e-commerce,"Notebook DELL Pro de 16“ (Ultra 5 235U, 16GB Ram, 512GB SSD, Win11 Pro)",Dell,3.0,1173990,1173990,Ultra 5 235U,0,16GB,16.0,Windows 11 Pro,0.0,NotebookStoreCL,1
512GB,512.0,2026-05-02 22:32:54,e-commerce,"Notebook Dell Inspiron 5440 de 14“ (intel i5-1334U, 16GB Ram, 512GB SSD, Win11 Pro) Ice Blue Silver",Dell,3.0,699990,699990,intel i5-1334U,0,16GB,16.0,Windows 11 Pro,0.0,NotebookStoreCL,1
512GB,512.0,2026-05-02 21:17:30,e-commerce,"Notebook Dell Latitude 9430 i7-1265U, 16GB Ram, 512GB SSD, W10P",Dell,3.0,1839990,1839990,i7-1265U,0,16GB,16.0,Windows 10,5.0,TodoClick.cl,2
512 GB SSD,512.0,2026-05-02 19:39:35,e-commerce,Notebook Dell Latitude 7420,Dell,3.0,$349.990,349990,Intel Core i5-1145G7 de 11.ª generación con vPro,2,8 GB,8.0,Windows 11 Pro,0.0,SMARTDEAL,4
1TB,1024.0,2026-05-02 22:13:07,e-commerce,"Notebook Dell Pro de 14“ (Ultra 5 235U, 16GB Ram, 1TB SSD, Win11 Pro) 3 años de garantia",Dell,3.0,1049990,1049990,Ultra 5 235U,0,16GB,16.0,Windows 11 Pro,0.0,NotebookStoreCL,1
1TB,1024.0,2026-05-02 23:00:14,e-commerce,"Notebook Dell Inspiron 5440 de 14“ (intel i5-1334U, 32GB Ram, 1TB SSD, Win11 Pro) Ice Blue Silver",Dell,3.0,899990,899990,intel i5-1334U,0,32GB,32.0,Windows 11 Pro,0.0,NotebookStoreCL,1
SSD 512 GB,512.0,2026-05-02 15:29:27,comercio electrónico,"Dell Inspiron DC15250 - Notebook 15.6"" Full HD con Intel Core i5-1334U",Dell,3.0,719872,719872,Intel Core i5-1334U,2,16 GB DDR4 (3200 MHz),16.0,Windows 11 Home,1.0,SoloTodo,0
512GB,512.0,2026-05-02 19:43:33,e-commerce,"Notebook DELL PRO 16""FHD Ultra 5 235U 16GB 512GB SSD W11Pro Grtia3A",Dell,3.0,"$1,093,990",1093990,Ultra 5 235U,0,16GB,16.0,Windows 11 Pro,0.0,ONEDUC,6
512 GB,512.0,2026-05-02 20:33:14,e-commerce,"Dell Pro Essential PV14250 14"" Full HD Intel Core 7 150U 16 GB SDRAM 512 GB SSD Intel Integrated Gris",Dell,3.0,970990,970990,Intel Core 7 150U,0,16 GB,16.0,Otro,3.0,TodoClick.cl,2
2TB,2048.0,2026-05-02 22:39:01,e-commerce,"Notebook Dell Pro de 14“ (Ultra 5 235U, 32GB Ram, 2TB SSD, Win11 Pro) 3 años de garantia",Dell,3.0,1399990,1399990,Ultra 5 235U,0,32GB,32.0,Windows 11 Pro,0.0,NotebookStoreCL,1
1TB,1024.0,2026-05-02 23:03:22,e-commerce,"Notebook Dell Pro Plus 14“ (Ryzen 7 Pro 350, 32GB Ram, 1TB SSD, Win11 Pro) 3 Años de Garantia",Dell,3.0,1583990,1583990,Ryzen 7,1,32GB,32.0,Windows 11 Pro,0.0,NotebookStoreCL,1
512GB,512.0,2026-05-02 21:08:58,e-commerce,"Notebook Dell Latitude 3540 I5-1335U, 8GB RAM, 512GB SSD, W11P, 15,6""",Dell,3.0,930990,930990,I5-1335U,0,8GB,8.0,Windows 11 Pro,0.0,TodoClick.cl,2
1TB,1024.0,2026-05-02 22:08:20,e-commerce,"Notebook Dell Pro de 14“ (Ultra 5 235U, 16GB Ram, 1TB SSD, Win11 Pro) 3 años de garantia",Dell,3.0,1049990,1049990,Ultra 5 235U,0,16GB,16.0,Windows 11 Pro,0.0,NotebookStoreCL,1
256GB,256.0,2026-05-02 20:30:14,e-commerce,"Notebook Dell Latitude 5420 i5-1135G7 / 8GB Ram / 256GB SSD / 14"" LED HD / Windows 10 Pro (GJ7M3)",Dell,3.0,1195990,1195990,i5-1135G7,0,8GB,8.0,Windows 10,5.0,TodoClick.cl,2
1TB,1024.0,2026-05-02 21:59:58,e-commerce,"Notebook Dell Pro de 14“ (Ultra 5 235U, 64GB Ram, 1TB SSD, Win11 Pro) 3 años de garantia",Dell,3.0,1499990,1499990,Ultra 5 235U,0,64GB,64.0,Windows 11 Pro,0.0,NotebookStoreCL,1
2TB,2048.0,2026-05-02 22:19:53,e-commerce,"Notebook Dell Pro de 14“ (Ultra 5 235U, 16GB Ram, 2TB SSD, Win11 Pro) 3 años de garantia",Dell,3.0,1149990,1149990,Ultra 5 235U,0,16GB,16.0,Windows 11 Pro,0.0,NotebookStoreCL,1
SSD 2 TB,2048.0,2026-05-02 17:05:10,e-commerce,Dell Pro 14 PC14250 (Intel Core Ultra 5 235U / 32 GB RAM / SSD 2 TB),Dell,3.0,1352390,1352390,Intel Core Ultra 5 235U (2000 MHz - 4900 MHz),0,32 GB,32.0,Windows 11 Pro,0.0,SoloTodo,0
1TB,1024.0,2026-05-02 22:03:13,e-commerce,"Notebook Dell Pro de 14“ (Ultra 5 235U, 16GB Ram, 1TB SSD, Win11 Pro) 3 años de garantia",Dell,3.0,1049990,1049990,Ultra 5 235U,0,16GB,16.0,Windows 11 Pro,0.0,NotebookStoreCL,1
1TB,1024.0,2026-05-02 20:34:57,e-commerce,Notebook Dell Pro 14 Ultra 7 255U 32GB RAM 1TB SSD W11 Pro Silver,Dell,3.0,1502990,1502990,Ultra 7 255U,0,32GB,32.0,Windows 11,2.0,TodoClick.cl,2
512GB,512.0,2026-05-02 22:02:40,e-commerce,"Notebook DELL Pro de 16“ (Ultra 5 235U, 16GB Ram, 512GB SSD, Win11 Pro)",Dell,3.0,1173990,1173990,Ultra 5 235U,0,16GB,16.0,Windows 11 Pro,0.0,NotebookStoreCL,1
2TB,2048.0,2026-05-02 22:05:21,e-commerce,"Notebook Dell Pro de 14“ (Ultra 5 235U, 16GB Ram, 2TB SSD, Win11 Pro) 3 años de garantia",Dell,3.0,1149990,1149990,Ultra 5 235U,0,16GB,16.0,Windows 11 Pro,0.0,NotebookStoreCL,1
256gb,256.0,2026-05-02 18:23:41,e-commerce,"Dell Latitude 7410, Core I7, 16gb Ram, 256gb Ssd (Reacondicionado)",Dell,3.0,399.990,399990,Intel Core i7 8265U,3,16gb,16.0,Otro,3.0,Mercado Libre,3
512GB,512.0,2026-05-02 22:30:52,e-commerce,"Notebook Dell Pro de 14“ (Ultra 7 255U, 16GB Ram, 512GB SSD, Win11 Pro) 3 Años de Garantia",Dell,3.0,1165990,1165990,Ultra 7 255U,0,16GB,16.0,Windows 11 Pro,0.0,NotebookStoreCL,1
1TB,1024.0,2026-05-02 21:52:57,e-commerce,"Notebook Dell Pro Plus 14“ (Ryzen 7 Pro 350, 32GB Ram, 1TB SSD, Win11 Pro) 3 Años de Garantia",Dell,3.0,1583990,1583990,Ryzen 7,1,32GB,32.0,Windows 11 Pro,0.0,NotebookStoreCL,1
1TB,1024.0,2026-05-02 22:10:05,e-commerce,"Notebook Dell Pro de 14“ (Ultra 5 235U, 64GB Ram, 1TB SSD, Win11 Pro) 3 años de garantia",Dell,3.0,1499990,1499990,Ultra 5 235U,0,64GB,64.0,Windows 11 Pro,0.0,NotebookStoreCL,1
2TB,2048.0,2026-05-02 23:00:47,e-commerce,"Notebook Dell Pro de 14“ (Ultra 5 235U, 32GB Ram, 2TB SSD, Win11 Pro) 3 años de garantia",Dell,3.0,1399990,1399990,Ultra 5 235U,0,32GB,32.0,Windows 11 Pro,0.0,NotebookStoreCL,1
1TB,1024.0,2026-05-02 20:35:50,e-commerce,Notebook Dell Latitude 5455 Pro Plus 14 AMD Ryzen AI 7 350 32GB RAM 1TB SSD W11P,Dell,3.0,1800990,1800990,AMD Ryzen AI 7 350,1,32GB,32.0,Windows 11 Pro,0.0,TodoClick.cl,2
512GB,512.0,2026-05-02 21:10:06,e-commerce,"Notebook Dell Inspiron 3520, i7-1255U, 16GB RAM, 512GB SSD, W11H, 15,6""",Dell,3.0,1088990,1088990,i7-1255U,0,16GB,16.0,Windows 11,2.0,TodoClick.cl,2
512GB,512.0,2026-05-02 21:49:02,e-commerce,"Notebook Dell Inspiron 5440 de 14“ (intel i5-1334U, 32GB Ram, 512GB SSD, Win11 Pro) Ice Blue Silver",Dell,3.0,799990,799990,intel i5-1334U,0,32GB,32.0,Windows 11 Pro,0.0,NotebookStoreCL,1
1TB,1024.0,2026-05-02 22:36:46,e-commerce,"Notebook Dell Pro Plus 14“ (Ryzen 7 Pro 350, 32GB Ram, 1TB SSD, Win11 Pro) 3 Años de Garantia",Dell,3.0,1583990,1583990,Ryzen 7,1,32GB,32.0,Windows 11 Pro,0.0,NotebookStoreCL,1
1TB,1024.0,2026-05-02 19:43:34,e-commerce,Notebook DELL PRECISION 3591 15.6IN Ultra 7 155H 32GB 1TB SSD RTX 6GB,Dell,3.0,"$2,369,990",2369990,Ultra 7 155H,0,32GB,32.0,Otro,3.0,ONEDUC,6
SSD 512 GB,512.0,2026-05-02 15:59:52,comercio electrónico,Dell Latitude 5450,Dell,3.0,1324990,1324990,Intel Core Ultra 7 155U (3800 MHz - 4800 MHz),0,16 GB DDR5 (4800 MHz),16.0,Windows 11 Pro,0.0,SoloTodo,0
1TB,1024.0,2026-05-02 21:47:48,e-commerce,"Notebook Dell Inspiron 5440 de 14“ (intel i7 150U, 32GB Ram, 1TB SSD, Win11 Pro) Ice Blue Silver",Dell,3.0,1149990,1149990,intel i7,0,32GB,32.0,Windows 11 Pro,0.0,NotebookStoreCL,1
1TB,1024.0,2026-05-02 21:50:01,e-commerce,"Notebook Dell Pro de 14“ (Ultra 5 235U, 64GB Ram, 1TB SSD, Win11 Pro) 3 años de garantia",Dell,3.0,1499990,1499990,Ultra 5 235U,0,64GB,64.0,Windows 11 Pro,0.0,NotebookStoreCL,1
2TB,2048.0,2026-05-02 22:29:18,e-commerce,"Notebook Dell Pro de 14“ (Ultra 5 235U, 32GB Ram, 2TB SSD, Win11 Pro) 3 años de garantia",Dell,3.0,1399990,1399990,Ultra 5 235U,0,32GB,32.0,Windows 11 Pro,0.0,NotebookStoreCL,1
1TB,1024.0,2026-05-02 21:47:39,e-commerce,"Notebook Dell Inspiron 5440 de 14“ (intel i7 150U, 16GB Ram, 1TB SSD, Win11 Pro) Ice Blue Silver",Dell,3.0,899990,899990,intel i7,0,16GB,16.0,Windows 11 Pro,0.0,NotebookStoreCL,1
256GB,256.0,2026-05-02 21:40:51,e-commerce,Notebook Dell Vostro 5410 I5-11300H / 8GB RAM / 256GB SSD / W10PRO / 14″ (5CJGG),Dell,3.0,985990,985990,I5-11300H,0,8GB,8.0,Windows 10,5.0,TodoClick.cl,2
512 GB,512.0,2026-05-02 17:06:04,e-commerce,Dell Latitude 3540 (CN1D2 / 8 GB RAM / 512 GB SSD),Dell,3.0,859990,859990,Intel Core i5-1335U (1300 MHz - 4600 MHz),2,8 GB,8.0,Windows 11 Pro,0.0,SoloTodo,0
2TB,2048.0,2026-05-02 22:34:11,e-commerce,"Notebook Dell Pro de 14“ (Ultra 5 235U, 32GB Ram, 2TB SSD, Win11 Pro) 3 años de garantia",Dell,3.0,1399990,1399990,Ultra 5 235U,0,32GB,32.0,Windows 11 Pro,0.0,NotebookStoreCL,1
2TB,2048.0,2026-05-02 23:01:13,e-commerce,"Notebook Dell Pro de 14“ (Ultra 5 235U, 64GB Ram, 2TB SSD, Win11 Pro) 3 años de garantia",Dell,3.0,1599990,1599990,Ultra 5 235U,0,64GB,64.0,Windows 11 Pro,0.0,NotebookStoreCL,1
512GB,512.0,2026-05-02 22:37:44,e-commerce,"Notebook Dell Inspiron 5440 de 14“ (intel i5-1334U, 16GB Ram, 512GB SSD, Win11 Pro) Ice Blue Silver",Dell,3.0,699990,699990,intel i5-1334U,0,16GB,16.0,Windows 11 Pro,0.0,NotebookStoreCL,1
512 GB,512.0,2026-05-02 17:50:18,e-commerce,"Laptop Dell Latitude 7420 de fibra de carbono de 14 pulgadas, Intel Core i7 1185G7, 16 GB de RAM, SSD de 512 GB, Intel Iris Xe Graphics G7 96EU, 1920 x 1080 px, Windows 11 Pro - Excelente (Reacondicio",Dell,3.0,649.990,649990,Intel Core i7,3,16 GB,16.0,Windows 11 Pro,0.0,Mercado Libre,3
SSD 512 GB,512.0,2026-05-02 15:21:13,comercio electrónico,Notebook Dell Inspiron 14 5440 (KCV5H),Dell,3.0,531290,531290,Intel Core i5-1334U (900 MHz - 4600 MHz),2,8 GB DDR5 (4400 MHz),8.0,Windows 11 Pro,0.0,SoloTodo,0
1TB,1024.0,2026-05-02 22:51:55,e-commerce,"Notebook Dell Pro de 14“ (Ultra 5 235U, 16GB Ram, 1TB SSD, Win11 Pro) 3 años de garantia",Dell,3.0,1049990,1049990,Ultra 5 235U,0,16GB,16.0,Windows 11 Pro,0.0,NotebookStoreCL,1
512GB,512.0,2026-05-02 22:03:55,e-commerce,"Notebook Dell Inspiron 5440 de 14“ (intel i5-1334U, 32GB Ram, 512GB SSD, Win11 Pro) Ice Blue Silver",Dell,3.0,799990,799990,intel i5-1334U,0,32GB,32.0,Windows 11 Pro,0.0,NotebookStoreCL,1
SSD 512 GB,512.0,2026-05-02 15:37:19,comercio electrónico,Dell Inspiron 14 5440 – Notebook portátil con rendimiento equilibrado,Dell,3.0,499990,499990,Intel Core i5-1334U (900 MHz - 4600 MHz),2,8 GB LPDDR5 (4400 MHz),8.0,Windows 11 Pro,0.0,SoloTodo,0
SSD 1 TB,1024.0,2026-05-02 17:05:36,e-commerce,Dell Pro Notebook 14 PC14250 (Intel Core Ultra 5 235U / 64 GB RAM / SSD 1 TB),Dell,3.0,1448990,1448990,Intel Core Ultra 5 235U (2000 MHz - 4900 MHz),0,64 GB,64.0,Windows 11 Pro,0.0,SoloTodo,0
512GB,512.0,2026-05-02 20:51:36,e-commerce,"Notebook Dell Latitude 3440, I5-1235U, 8GB RAM, 512GB SSD, W11P, 14""",Dell,3.0,645990,645990,I5-1235U,0,8GB,8.0,Windows 11 Pro,0.0,TodoClick.cl,2
1TB,1024.0,2026-05-02 21:49:35,e-commerce,"Notebook Dell Inspiron 5440 de 14“ (intel i5-1334U, 32GB Ram, 1TB SSD, Win11 Pro) Ice Blue Silver",Dell,3.0,899990,899990,intel i5-1334U,0,32GB,32.0,Windows 11 Pro,0.0,NotebookStoreCL,1
512GB,512.0,2026-05-02 21:41:22,e-commerce,Notebook Dell Latitude 9520 I7-1185G7 / 16GB Ram / 512GB SSD / W10P / 14 (L952i7TGs16512W10P),Dell,3.0,2139990,2139990,I7-1185G7,0,16GB,16.0,Windows 10,5.0,TodoClick.cl,2
512GB,512.0,2026-05-02 21:51:53,e-commerce,"Notebook Dell Pro de 14“ (Ultra 7 255U, 16GB Ram, 512GB SSD, Win11 Pro) 3 Años de Garantia",Dell,3.0,1165990,1165990,Ultra 7 255U,0,16GB,16.0,Windows 11 Pro,0.0,NotebookStoreCL,1
512GB,512.0,2026-05-02 22:51:21,e-commerce,"Notebook DELL Pro de 16“ (Ultra 5 235U, 16GB Ram, 512GB SSD, Win11 Pro)",Dell,3.0,1173990,1173990,Ultra 5 235U,0,16GB,16.0,Windows 11 Pro,0.0,NotebookStoreCL,1
1TB,1024.0,2026-05-02 20:19:49,e-commerce,"Notebook Dell Vostro 3400 i5-1135G7, 16GB RAM, 1TB SSD, W10Pro, 14""",Dell,3.0,529990,529990,i5-1135G7,0,16GB,16.0,Windows 10,5.0,TodoClick.cl,2
512GB,512.0,2026-05-02 22:33:02,e-commerce,"Notebook Dell Inspiron 5440 de 14“ (intel i5-1334U, 32GB Ram, 512GB SSD, Win11 Pro) Ice Blue Silver",Dell,3.0,799990,799990,intel i5-1334U,0,32GB,32.0,Windows 11 Pro,0.0,NotebookStoreCL,1
512gb,512.0,2026-05-02 18:09:01,e-commerce,"Dell Latitude 7440 Core I7-13, 16gb Ram, 512gb Ssd, Fhd (Reacondicionado)",Dell,3.0,669.990,669990,Intel Core I7-1365U,3,16gb,16.0,Windows 11,2.0,Mercado Libre,3
1TB,1024.0,2026-05-02 22:41:05,e-commerce,"Notebook Dell Pro Plus de 14“ (Ultra 7 265U, 32GB Ram, 1TB SSD, Win11 Pro) 3 años de garantía Pro Support Plus",Dell,3.0,1549990,1549990,Ultra 7 265U,0,32GB,32.0,Windows 11 Pro,0.0,NotebookStoreCL,1
512GB,512.0,2026-05-02 21:57:42,e-commerce,"Notebook DELL Pro de 16“ (Ultra 5 235U, 16GB Ram, 512GB SSD, Win11 Pro)",Dell,3.0,1173990,1173990,Ultra 5 235U,0,16GB,16.0,Windows 11 Pro,0.0,NotebookStoreCL,1
1TB,1024.0,2026-05-02 22:27:36,e-commerce,"Notebook Dell Pro de 14“ (Ultra 5 235U, 32GB Ram, 1TB SSD, Win11 Pro) 3 años de garantia",Dell,3.0,1299990,1299990,Ultra 5 235U,0,32GB,32.0,Windows 11 Pro,0.0,NotebookStoreCL,1
2TB,2048.0,2026-05-02 22:10:13,e-commerce,"Notebook Dell Pro de 14“ (Ultra 5 235U, 32GB Ram, 2TB SSD, Win11 Pro) 3 años de garantia",Dell,3.0,1399990,1399990,Ultra 5 235U,0,32GB,32.0,Windows 11 Pro,0.0,NotebookStoreCL,1
512GB,512.0,2026-05-02 21:06:58,e-commerce,"Notebook Dell Latitude 3440, I5-1335U, 8GB RAM, 512GB SSD, W11P, 14""",Dell,3.0,930990,930990,I5-1335U,0,8GB,8.0,Windows 11 Pro,0.0,TodoClick.cl,2
256GB,256.0,2026-05-02 20:24:57,e-commerce,"Notebook Dell Latitude 5420 de 14“ (i5-1135G7, 8GB RAM, 256GB SSD, Win11 Pro)",Dell,3.0,1015990,1015990,i5-1135G7,0,8GB,8.0,Windows 11 Pro,0.0,TodoClick.cl,2
256 GB,256.0,2026-05-02 18:30:15,e-commerce,Laptop 2 En 1 Dell Latitude 3340 Con Pantalla Táctil,Dell,3.0,1.062.050,1062050,Intel Core i5-1335U,2,16 GB,16.0,Otro,3.0,Mercado Libre,3
1TB,1024.0,2026-05-02 20:31:14,e-commerce,Notebook Dell Latitude 5450 Pro Plus 14 Intel Core Ultra 5 236V 32GB RAM 1TB SSD W11P,Dell,3.0,1632990,1632990,Intel Core Ultra 5 236V,0,32GB,32.0,Windows 11 Pro,0.0,TodoClick.cl,2
512GB,512.0,2026-05-02 21:54:03,e-commerce,"Notebook Dell Inspiron 5440 de 14“ (intel i5-1334U, 32GB Ram, 512GB SSD, Win11 Pro) Ice Blue Silver",Dell,3.0,799990,799990,intel i5-1334U,0,32GB,32.0,Windows 11 Pro,0.0,NotebookStoreCL,1
512GB,512.0,2026-05-02 22:18:29,e-commerce,"Notebook Dell Inspiron 5440 de 14“ (intel i5-1334U, 16GB Ram, 512GB SSD, Win11 Pro) Ice Blue Silver",Dell,3.0,699990,699990,intel i5-1334U,0,16GB,16.0,Windows 11 Pro,0.0,NotebookStoreCL,1
512GB,512.0,2026-05-02 22:59:30,e-commerce,"Notebook Dell Inspiron 5440 de 14“ (intel i5-1334U, 16GB Ram, 512GB SSD, Win11 Pro) Ice Blue Silver",Dell,3.0,699990,699990,intel i5-1334U,0,16GB,16.0,Windows 11 Pro,0.0,NotebookStoreCL,1
512GB,512.0,2026-05-02 22:13:42,e-commerce,"Notebook Dell Inspiron 5440 de 14“ (intel i5-1334U, 16GB Ram, 512GB SSD, Win11 Pro) Ice Blue Silver",Dell,3.0,699990,699990,intel i5-1334U,0,16GB,16.0,Windows 11 Pro,0.0,NotebookStoreCL,1
2TB,2048.0,2026-05-02 22:19:46,e-commerce,"Notebook Dell Pro de 14“ (Ultra 5 235U, 32GB Ram, 2TB SSD, Win11 Pro) 3 años de garantia",Dell,3.0,1399990,1399990,Ultra 5 235U,0,32GB,32.0,Windows 11 Pro,0.0,NotebookStoreCL,1
1TB,1024.0,2026-05-02 22:09:21,e-commerce,"Notebook Dell Inspiron 5440 de 14“ (intel i5-1334U, 16GB Ram, 1TB SSD, Win11 Pro) Ice Blue Silver",Dell,3.0,829990,829990,intel i5-1334U,0,16GB,16.0,Windows 11 Pro,0.0,NotebookStoreCL,1
512GB,512.0,2026-05-02 22:11:46,e-commerce,"Notebook Dell Pro de 14“ (Ultra 7 255U, 16GB Ram, 512GB SSD, Win11 Pro) 3 Años de Garantia",Dell,3.0,1165990,1165990,Ultra 7 255U,0,16GB,16.0,Windows 11 Pro,0.0,NotebookStoreCL,1
512GB,512.0,2026-05-02 21:28:38,e-commerce,"Notebook Dell Latitude 5430 de 14“ (i7-1255U, 16GB RAM, 512GB SSD, Win10 Pro)",Dell,3.0,1484990,1484990,i7-1255U,0,16GB,16.0,Windows 10,5.0,TodoClick.cl,2
SSD 1 TB,1024.0,2026-05-02 15:46:10,comercio electrónico,Notebook Dell Pro Plus 14,Dell,3.0,1497290,1497290,Intel Core Ultra 7 265U (2400 MHz - 5300 MHz),0,32 GB DDR5 (5600 MHz),32.0,Windows 11 Pro,0.0,SoloTodo,0
512GB,512.0,2026-05-02 19:43:32,e-commerce,"Notebook DELL Inspiron 5440 14""FHD I5-1334U 8GB 512GB SSD W11Home GCI",Dell,3.0,"$692,990",692990,I5-1334U,0,8GB,8.0,Windows 11,2.0,ONEDUC,6
512GB,512.0,2026-05-02 22:28:00,e-commerce,"Notebook Dell Inspiron 5440 de 14“ (intel i5-1334U, 16GB Ram, 512GB SSD, Win11 Pro) Ice Blue Silver",Dell,3.0,699990,699990,intel i5-1334U,0,16GB,16.0,Windows 11 Pro,0.0,NotebookStoreCL,1
1TB,1024.0,2026-05-02 22:43:04,e-commerce,"Notebook Dell Inspiron 5440 de 14“ (intel i5-1334U, 16GB Ram, 1TB SSD, Win11 Pro) Ice Blue Silver",Dell,3.0,829990,829990,intel i5-1334U,0,16GB,16.0,Windows 11 Pro,0.0,NotebookStoreCL,1
2TB,2048.0,2026-05-02 22:24:35,e-commerce,"Notebook Dell Pro de 14“ (Ultra 5 235U, 16GB Ram, 2TB SSD, Win11 Pro) 3 años de garantia",Dell,3.0,1149990,1149990,Ultra 5 235U,0,16GB,16.0,Windows 11 Pro,0.0,NotebookStoreCL,1
2TB,2048.0,2026-05-02 21:50:11,e-commerce,"Notebook Dell Pro de 14“ (Ultra 5 235U, 32GB Ram, 2TB SSD, Win11 Pro) 3 años de garantia",Dell,3.0,1399990,1399990,Ultra 5 235U,0,32GB,32.0,Windows 11 Pro,0.0,NotebookStoreCL,1
512GB,512.0,2026-05-02 20:11:36,e-commerce,"Dell Latitude 7442, i7-1365U, 16GB RAM, 512GB SSD, W11P, 14""",Dell,3.0,1560990,1560990,i7-1365U,0,16GB,16.0,Windows 11 Pro,0.0,TodoClick.cl,2
512GB,512.0,2026-05-02 19:44:31,e-commerce,"Notebook DELL Inspiron 3520, Intel® Core™ I5-1235U, 8GB DDR4, 512GB SSD, USB 3.2, Wi-Fi 6, Bluetooth, HDMI, 15.6"" FHD, Windows 11 Home (01DNY).",Dell,3.0,$415.990,415990,I5-1235U,0,8GB,8.0,Windows 11,2.0,BIP,10
1TB,1024.0,2026-05-02 22:43:21,e-commerce,"Notebook Dell Inspiron 5440 de 14“ (intel i5-1334U, 32GB Ram, 1TB SSD, Win11 Pro) Ice Blue Silver",Dell,3.0,899990,899990,intel i5-1334U,0,32GB,32.0,Windows 11 Pro,0.0,NotebookStoreCL,1
512GB,512.0,2026-05-02 21:19:12,e-commerce,"Notebook Dell Latitude 7430 2 en 1 i7-1255U, 16GB Ram, 512GB SSD, W10P",Dell,3.0,1306990,1306990,i7-1255U,0,16GB,16.0,Windows 10,5.0,TodoClick.cl,2
1TB,1024.0,2026-05-02 22:04:34,e-commerce,"Notebook Dell Inspiron 5440 de 14“ (intel i5-1334U, 32GB Ram, 1TB SSD, Win11 Pro) Ice Blue Silver",Dell,3.0,899990,899990,intel i5-1334U,0,32GB,32.0,Windows 11 Pro,0.0,NotebookStoreCL,1
512GB,512.0,2026-05-02 22:23:09,e-commerce,"Notebook Dell Inspiron 5440 de 14“ (intel i5-1334U, 16GB Ram, 512GB SSD, Win11 Pro) Ice Blue Silver",Dell,3.0,699990,699990,intel i5-1334U,0,16GB,16.0,Windows 11 Pro,0.0,NotebookStoreCL,1
1TB,1024.0,2026-05-02 22:07:19,e-commerce,"Notebook Dell Pro Plus de 14“ (Ultra 7 265U, 32GB Ram, 1TB SSD, Win11 Pro) 3 años de garantía Pro Support Plus",Dell,3.0,1549990,1549990,Ultra 7 265U,0,32GB,32.0,Windows 11 Pro,0.0,NotebookStoreCL,1
1TB,1024.0,2026-05-02 22:46:42,e-commerce,"Notebook Dell Pro Plus 14“ (Ryzen 7 Pro 350, 32GB Ram, 1TB SSD, Win11 Pro) 3 Años de Garantia",Dell,3.0,1583990,1583990,Ryzen 7,1,32GB,32.0,Windows 11 Pro,0.0,NotebookStoreCL,1
512GB,512.0,2026-05-02 21:45:43,e-commerce,"Notebook Dell Inspiron 5440 de 14“ (intel i5-1334U, 16GB Ram, 512GB SSD, Win11 Home) Ice Blue Silver",Dell,3.0,699990,699990,intel i5-1334U,0,16GB,16.0,Windows 11,2.0,NotebookStoreCL,1
1TB,1024.0,2026-05-02 22:59:59,e-commerce,"Notebook Dell Inspiron 5440 de 14“ (intel i5-1334U, 16GB Ram, 1TB SSD, Win11 Pro) Ice Blue Silver",Dell,3.0,829990,829990,intel i5-1334U,0,16GB,16.0,Windows 11 Pro,0.0,NotebookStoreCL,1
2TB,2048.0,2026-05-02 21:50:20,e-commerce,"Notebook Dell Pro de 14“ (Ultra 5 235U, 16GB Ram, 2TB SSD, Win11 Pro) 3 años de garantia",Dell,3.0,1149990,1149990,Ultra 5 235U,0,16GB,16.0,Windows 11 Pro,0.0,NotebookStoreCL,1
SSD 512 GB,512.0,2026-05-02 15:48:43,comercio electrónico,"Notebook Dell Inspiron DC15255 AMD Ryzen 5 7520U 15.6"" Full HD",Dell,3.0,499990,499990,Ryzen 5,4,8 GB DDR4 (3200 MHz),8.0,Windows 11 Home,1.0,SoloTodo,0
256GB,256.0,2026-05-02 21:41:30,e-commerce,"Notebook Dell Latitude 3420 i5-1135G7 / 8GB Ram / 256GB SSD / 14"" LED HD / Windows10 Pro (L342i5TGs8256W10P3W)",Dell,3.0,890990,890990,i5-1135G7,0,8GB,8.0,Windows 10,5.0,TodoClick.cl,2
512GB,512.0,2026-05-02 21:45:26,e-commerce,"Notebook Dell Inspiron 5440 de 14“ (intel i5-1334U, 8GB Ram, 512GB SSD, Win11 Pro) Ice Blue Silver",Dell,3.0,549990,549990,intel i5-1334U,0,8GB,8.0,Windows 11 Pro,0.0,NotebookStoreCL,1
2TB,2048.0,2026-05-02 22:24:52,e-commerce,"Notebook Dell Pro de 14“ (Ultra 5 235U, 64GB Ram, 2TB SSD, Win11 Pro) 3 años de garantia",Dell,3.0,1599990,1599990,Ultra 5 235U,0,64GB,64.0,Windows 11 Pro,0.0,NotebookStoreCL,1
1TB,1024.0,2026-05-02 22:28:27,e-commerce,"Notebook Dell Inspiron 5440 de 14“ (intel i5-1334U, 16GB Ram, 1TB SSD, Win11 Pro) Ice Blue Silver",Dell,3.0,829990,829990,intel i5-1334U,0,16GB,16.0,Windows 11 Pro,0.0,NotebookStoreCL,1
256gb,256.0,2026-05-02 18:09:12,e-commerce,Dell Latitude 5420 14 Intel I5 11va 8gb Ram 256gb Ssd (Reacondicionado),Dell,3.0,339.990,339990,Intel I5,2,8gb,8.0,Windows 11 Pro,0.0,Mercado Libre,3
1TB,1024.0,2026-05-02 21:08:49,e-commerce,"Notebook Dell Precision 3581 i7-13700H, 16GB RAM, 1TB SSD, W11P",Dell,3.0,2152990,2152990,i7-13700H,0,16GB,16.0,Windows 11 Pro,0.0,TodoClick.cl,2
1TB,1024.0,2026-05-02 22:18:05,e-commerce,"Notebook Dell Pro de 14“ (Ultra 5 235U, 32GB Ram, 1TB SSD, Win11 Pro) 3 años de garantia",Dell,3.0,1299990,1299990,Ultra 5 235U,0,32GB,32.0,Windows 11 Pro,0.0,NotebookStoreCL,1
1TB,1024.0,2026-05-02 20:34:26,e-commerce,"Notebook Dell Latitude 7450 Intel Core Ultra 7-155H, 32GB Ram, 1TB SSD, W11 Pro, 14""",Dell,3.0,2284990,2284990,Intel Core Ultra 7-155H,0,32GB,32.0,Windows 11,2.0,TodoClick.cl,2
SSD 256 GB,256.0,2026-05-02 15:48:15,comercio electrónico,Dell Latitude 5410 (Modelo 06KF2W) - Notebook Profesional,Dell,3.0,299000,299000,Intel Core i5-10310U (1700 MHz - 4400 MHz),2,8 GB DDR4 (2666 MHz),8.0,Windows 11 Pro,0.0,SoloTodo,0
256GB,256.0,2026-05-02 19:43:55,e-commerce,"Notebook DELL Latitude 5490, Intel® Core™ I5-8350U, 8GB DDR4, 256GB SSD, USB3.0, WiFi, Bluetooth, HDMI, 14"" HD, Windows 11 Pro, Teclado Inglés (Configurable A Español) Reacondicionado (9Gp5YA00).",Dell,3.0,$274.990,274990,I5-8350U,0,8GB,8.0,Windows 11 Pro,0.0,BIP,10
512GB,512.0,2026-05-02 19:35:55,e-commerce,"Notebook Pro PC14250 Intel Core i5-120U 14"" 8GB 512GB SSD Windows 11 Pro...",Dell,3.0,1129990,1129990,Intel Core i5-120U,2,8GB,8.0,Windows 11 Pro,0.0,PC Factory,5
2TB,2048.0,2026-05-02 22:34:18,e-commerce,"Notebook Dell Pro de 14“ (Ultra 5 235U, 16GB Ram, 2TB SSD, Win11 Pro) 3 años de garantia",Dell,3.0,1149990,1149990,Ultra 5 235U,0,16GB,16.0,Windows 11 Pro,0.0,NotebookStoreCL,1
512GB,512.0,2026-05-02 19:43:32,e-commerce,"Notebook DELL Inspiron 5440 14""FHD Core 7 150U 16GB 512GB SSD W11Pro",Dell,3.0,"$937,990",937990,Core 7 150U,0,16GB,16.0,Windows 11 Pro,0.0,ONEDUC,6
1TB,1024.0,2026-05-02 22:02:48,e-commerce,"Notebook Dell Pro Plus 14“ (Ryzen 7 Pro 350, 32GB Ram, 1TB SSD, Win11 Pro) 3 Años de Garantia",Dell,3.0,1583990,1583990,Ryzen 7,1,32GB,32.0,Windows 11 Pro,0.0,NotebookStoreCL,1
2TB,2048.0,2026-05-02 22:49:05,e-commerce,"Notebook Dell Pro de 14“ (Ultra 5 235U, 16GB Ram, 2TB SSD, Win11 Pro) 3 años de garantia",Dell,3.0,1149990,1149990,Ultra 5 235U,0,16GB,16.0,Windows 11 Pro,0.0,NotebookStoreCL,1
1TB,1024.0,2026-05-02 22:24:17,e-commerce,"Notebook Dell Pro de 14“ (Ultra 5 235U, 64GB Ram, 1TB SSD, Win11 Pro) 3 años de garantia",Dell,3.0,1499990,1499990,Ultra 5 235U,0,64GB,64.0,Windows 11 Pro,0.0,NotebookStoreCL,1
1TB,1024.0,2026-05-02 22:12:11,e-commerce,"Notebook Dell Pro Plus de 14“ (Ultra 7 265U, 32GB Ram, 1TB SSD, Win11 Pro) 3 años de garantía Pro Support Plus",Dell,3.0,1549990,1549990,Ultra 7 265U,0,32GB,32.0,Windows 11 Pro,0.0,NotebookStoreCL,1
256GB,256.0,2026-05-02 20:28:12,e-commerce,"Notebook DELL VOSTRO 3400 14"" i5-1135G7 8GB 256GB SSD Linux Ubuntu",Dell,3.0,420990,420990,i5-1135G7,0,8GB,8.0,Otro,3.0,TodoClick.cl,2
1TB,1024.0,2026-05-02 21:58:17,e-commerce,"Notebook Dell Pro de 14“ (Ultra 5 235U, 16GB Ram, 1TB SSD, Win11 Pro) 3 años de garantia",Dell,3.0,1049990,1049990,Ultra 5 235U,0,16GB,16.0,Windows 11 Pro,0.0,NotebookStoreCL,1
2TB,2048.0,2026-05-02 22:05:40,e-commerce,"Notebook Dell Pro de 14“ (Ultra 5 235U, 64GB Ram, 2TB SSD, Win11 Pro) 3 años de garantia",Dell,3.0,1599990,1599990,Ultra 5 235U,0,64GB,64.0,Windows 11 Pro,0.0,NotebookStoreCL,1
SSD 1 TB,1024.0,2026-05-02 15:46:23,comercio electrónico,Notebook Dell Pro Plus 14,Dell,3.0,1444450,1444450,Intel Core Ultra 7 268V (2200 MHz - 5000 MHz),0,32 GB LPDDR5X (8533 MHz),32.0,Windows 11 Pro,0.0,SoloTodo,0
512GB,512.0,2026-05-02 21:43:23,e-commerce,"Notebook Dell Inspiron 5440 de 14“ (intel i7 150U, 16GB Ram, 512GB SSD, Win11 Pro) Ice Blue Silver",Dell,3.0,835990,835990,intel i7,0,16GB,16.0,Windows 11 Pro,0.0,NotebookStoreCL,1
512GB,512.0,2026-05-02 22:13:50,e-commerce,"Notebook Dell Inspiron 5440 de 14“ (intel i5-1334U, 32GB Ram, 512GB SSD, Win11 Pro) Ice Blue Silver",Dell,3.0,799990,799990,intel i5-1334U,0,32GB,32.0,Windows 11 Pro,0.0,NotebookStoreCL,1
512GB,512.0,2026-05-02 22:46:33,e-commerce,"Notebook DELL Pro de 16“ (Ultra 5 235U, 16GB Ram, 512GB SSD, Win11 Pro)",Dell,3.0,1173990,1173990,Ultra 5 235U,0,16GB,16.0,Windows 11 Pro,0.0,NotebookStoreCL,1
512GB,512.0,2026-05-02 22:07:44,e-commerce,"Notebook DELL Pro de 16“ (Ultra 5 235U, 16GB Ram, 512GB SSD, Win11 Pro)",Dell,3.0,1173990,1173990,Ultra 5 235U,0,16GB,16.0,Windows 11 Pro,0.0,NotebookStoreCL,1
1TB,1024.0,2026-05-02 22:51:29,e-commerce,"Notebook Dell Pro Plus 14“ (Ryzen 7 Pro 350, 32GB Ram, 1TB SSD, Win11 Pro) 3 Años de Garantia",Dell,3.0,1583990,1583990,Ryzen 7,1,32GB,32.0,Windows 11 Pro,0.0,NotebookStoreCL,1
256gb,256.0,2026-05-02 18:25:30,e-commerce,"Dell Vostro I5 1135g7 Hasta 4,2ghz-16gb-256gb Ssd-w11 (Reacondicionado)",Dell,3.0,299.990,299990,Intel Core I5 11ava generacion Core i5-1135G7 (2400 MHz – 4200 MHz),2,16gb,16.0,Windows 11,2.0,Mercado Libre,3
512GB,512.0,2026-05-02 19:35:50,e-commerce,"Notebook DELL Pro 14 AMD Ryzen AI 7-350 14"" 60Hz 16GB 512GB SSD Windows ...",Dell,3.0,1129990,1129990,AMD Ryzen AI 7-350,1,16GB,16.0,Otro,3.0,PC Factory,5
1TB,1024.0,2026-05-02 22:42:13,e-commerce,"Notebook Dell Pro de 14“ (Ultra 5 235U, 32GB Ram, 1TB SSD, Win11 Pro) 3 años de garantia",Dell,3.0,1299990,1299990,Ultra 5 235U,0,32GB,32.0,Windows 11 Pro,0.0,NotebookStoreCL,1
512GB,512.0,2026-05-02 20:51:47,e-commerce,"Notebook Dell Latitude 5440, I7-1335U, 16GB RAM, 512GB SSD, W11P, 14""",Dell,3.0,1354990,1354990,I7-1335U,0,16GB,16.0,Windows 11 Pro,0.0,TodoClick.cl,2
512GB,512.0,2026-05-02 21:53:56,e-commerce,"Notebook Dell Inspiron 5440 de 14“ (intel i5-1334U, 16GB Ram, 512GB SSD, Win11 Pro) Ice Blue Silver",Dell,3.0,699990,699990,intel i5-1334U,0,16GB,16.0,Windows 11 Pro,0.0,NotebookStoreCL,1
512GB,512.0,2026-05-02 20:32:04,e-commerce,Notebook Dell Latitude 16 Intel Core Ultra 5 16GB DDR5 512GB SSD W11P,Dell,3.0,1161990,1161990,Intel Core Ultra 5,0,16GB,16.0,Windows 11 Pro,0.0,TodoClick.cl,2
1TB,1024.0,2026-05-02 20:55:35,e-commerce,"Notebook Dell XPS 9340 i7-1360P 13.3"", 16GB RAM, 1TB SSD, W11P",Dell,3.0,2359990,2359990,i7-1360P,0,16GB,16.0,Windows 11 Pro,0.0,TodoClick.cl,2
512GB,512.0,2026-05-02 23:03:14,e-commerce,"Notebook DELL Pro de 16“ (Ultra 5 235U, 16GB Ram, 512GB SSD, Win11 Pro)",Dell,3.0,1173990,1173990,Ultra 5 235U,0,16GB,16.0,Windows 11 Pro,0.0,NotebookStoreCL,1
256GB,256.0,2026-05-02 21:32:06,e-commerce,"Notebook Dell Latitude 3520 de 15.6“ (i5-1135G7, 8GB RAM, 256GB SSD, Win10 Pro)",Dell,3.0,861990,861990,i5-1135G7,0,8GB,8.0,Windows 10,5.0,TodoClick.cl,2
1TB,1024.0,2026-05-02 22:14:23,e-commerce,"Notebook Dell Inspiron 5440 de 14“ (intel i5-1334U, 32GB Ram, 1TB SSD, Win11 Pro) Ice Blue Silver",Dell,3.0,899990,899990,intel i5-1334U,0,32GB,32.0,Windows 11 Pro,0.0,NotebookStoreCL,1
1TB,1024.0,2026-05-02 22:28:43,e-commerce,"Notebook Dell Inspiron 5440 de 14“ (intel i5-1334U, 32GB Ram, 1TB SSD, Win11 Pro) Ice Blue Silver",Dell,3.0,899990,899990,intel i5-1334U,0,32GB,32.0,Windows 11 Pro,0.0,NotebookStoreCL,1
512GB,512.0,2026-05-02 19:45:48,e-commerce,Notebook Dell Pro Essential 14 Intel Core 7 150U 16GB RAM 512GB SSD W11 Pro Silver | PV14250,Dell,3.0,$1.015.990,1015990,Intel Core 7 150U,0,16GB,16.0,Windows 11,2.0,TECHRELOAD,12
1TB,1024.0,2026-05-02 22:50:55,e-commerce,"Notebook Dell Pro Plus de 14“ (Ultra 7 265U, 32GB Ram, 1TB SSD, Win11 Pro) 3 años de garantía Pro Support Plus",Dell,3.0,1549990,1549990,Ultra 7 265U,0,32GB,32.0,Windows 11 Pro,0.0,NotebookStoreCL,1
1TB,1024.0,2026-05-02 22:58:30,e-commerce,"Notebook Dell Pro Plus 14“ (Ryzen 7 Pro 350, 32GB Ram, 1TB SSD, Win11 Pro) 3 Años de Garantia",Dell,3.0,1583990,1583990,Ryzen 7,1,32GB,32.0,Windows 11 Pro,0.0,NotebookStoreCL,1
1TB,1024.0,2026-05-02 21:49:19,e-commerce,"Notebook Dell Inspiron 5440 de 14“ (intel i5-1334U, 16GB Ram, 1TB SSD, Win11 Pro) Ice Blue Silver",Dell,3.0,829990,829990,intel i5-1334U,0,16GB,16.0,Windows 11 Pro,0.0,NotebookStoreCL,1
SSD 256 GB,256.0,2026-05-02 18:35:04,e-commerce,Dell Latitude 5410 (i7-10610U / 16 GB RAM / SSD 256 GB / FHD),Dell,3.0,399000,399000,Intel Core i7-10610U (1800 MHz - 4900 MHz),3,16 GB,16.0,Windows 11 Pro,0.0,SoloTodo,0
1TB,1024.0,2026-05-02 22:47:17,e-commerce,"Notebook Dell Pro de 14“ (Ultra 5 235U, 32GB Ram, 1TB SSD, Win11 Pro) 3 años de garantia",Dell,3.0,1299990,1299990,Ultra 5 235U,0,32GB,32.0,Windows 11 Pro,0.0,NotebookStoreCL,1
2TB,2048.0,2026-05-02 22:49:22,e-commerce,"Notebook Dell Pro de 14“ (Ultra 5 235U, 64GB Ram, 2TB SSD, Win11 Pro) 3 años de garantia",Dell,3.0,1599990,1599990,Ultra 5 235U,0,64GB,64.0,Windows 11 Pro,0.0,NotebookStoreCL,1
256 GB,256.0,2026-05-02 17:56:38,e-commerce,Dell Latitude 5400 14 I5 8gen - 16gb Ram Ddr4 - 256ssd (Reacondicionado),Dell,3.0,339.990,339990,Intel Core i5 8665U,2,16gb,16.0,Windows 10 Home,8.0,Mercado Libre,3
1TB,1024.0,2026-05-02 22:27:27,e-commerce,"Notebook Dell Pro de 14“ (Ultra 5 235U, 16GB Ram, 1TB SSD, Win11 Pro) 3 años de garantia",Dell,3.0,1049990,1049990,Ultra 5 235U,0,16GB,16.0,Windows 11 Pro,0.0,NotebookStoreCL,1
1TB,1024.0,2026-05-02 22:23:51,e-commerce,"Notebook Dell Inspiron 5440 de 14“ (intel i5-1334U, 32GB Ram, 1TB SSD, Win11 Pro) Ice Blue Silver",Dell,3.0,899990,899990,intel i5-1334U,0,32GB,32.0,Windows 11 Pro,0.0,NotebookStoreCL,1
512GB,512.0,2026-05-02 21:09:18,e-commerce,"Notebook Dell Latitude 3440 i5-1335U, GeForce MX550, 8GB Ram, 512GB SSD, W10P, 14""",Dell,3.0,1131990,1131990,i5-1335U,0,8GB,8.0,Windows 10,5.0,TodoClick.cl,2
512GB,512.0,2026-05-02 19:43:32,e-commerce,"Notebook DELL LATITUDE 5540 15.6""FHD I5-1335U 8GB 512GB SSD W11Pro G3",Dell,3.0,"$868,990",868990,I5-1335U,0,8GB,8.0,Windows 11 Pro,0.0,ONEDUC,6
1TB,1024.0,2026-05-02 22:26:28,e-commerce,"Notebook Dell Pro Plus de 14“ (Ultra 7 265U, 32GB Ram, 1TB SSD, Win11 Pro) 3 años de garantía Pro Support Plus",Dell,3.0,1549990,1549990,Ultra 7 265U,0,32GB,32.0,Windows 11 Pro,0.0,NotebookStoreCL,1
512GB,512.0,2026-05-02 21:07:26,e-commerce,"Notebook Dell Latitude 7440, 14 2-in1, I7 1355U, 16GB RAM, 512GB SSD, W11P, 14""",Dell,3.0,1444990,1444990,I7 1355U,0,16GB,16.0,Windows 11 Pro,0.0,TodoClick.cl,2
512GB,512.0,2026-05-02 21:45:52,e-commerce,"Notebook Dell Inspiron 5440 de 14“ (intel i5-1334U, 32GB Ram, 512GB SSD, Win11 Home) Ice Blue Silver",Dell,3.0,769990,769990,intel i5-1334U,0,32GB,32.0,Windows 11,2.0,NotebookStoreCL,1
512GB,512.0,2026-05-02 23:02:22,e-commerce,"Notebook Dell Pro de 14“ (Ultra 7 255U, 16GB Ram, 512GB SSD, Win11 Pro) 3 Años de Garantia",Dell,3.0,1165990,1165990,Ultra 7 255U,0,16GB,16.0,Windows 11 Pro,0.0,NotebookStoreCL,1
1TB,1024.0,2026-05-02 22:57:56,e-commerce,"Notebook Dell Pro Plus de 14“ (Ultra 7 265U, 32GB Ram, 1TB SSD, Win11 Pro) 3 años de garantía Pro Support Plus",Dell,3.0,1549990,1549990,Ultra 7 265U,0,32GB,32.0,Windows 11 Pro,0.0,NotebookStoreCL,1
512GB,512.0,2026-05-02 21:46:43,e-commerce,"Notebook Dell Pro de 14“ (Ultra 5 235U, 64GB Ram, 512GB SSD, Win11 Pro) 3 años de garantia",Dell,3.0,1399990,1399990,Ultra 5 235U,0,64GB,64.0,Windows 11 Pro,0.0,NotebookStoreCL,1
1TB,1024.0,2026-05-02 21:55:02,e-commerce,"Notebook Dell Pro de 14“ (Ultra 5 235U, 64GB Ram, 1TB SSD, Win11 Pro) 3 años de garantia",Dell,3.0,1499990,1499990,Ultra 5 235U,0,64GB,64.0,Windows 11 Pro,0.0,NotebookStoreCL,1
1TB,1024.0,2026-05-02 21:06:38,e-commerce,"Notebook Dell Latitude 7440, I7-1365U, 32GB RAM, 1TB SSD, W11P, 14""",Dell,3.0,1421990,1421990,I7-1365U,0,32GB,32.0,Windows 11 Pro,0.0,TodoClick.cl,2
512GB,512.0,2026-05-02 21:58:51,e-commerce,"Notebook Dell Inspiron 5440 de 14“ (intel i5-1334U, 16GB Ram, 512GB SSD, Win11 Pro) Ice Blue Silver",Dell,3.0,699990,699990,intel i5-1334U,0,16GB,16.0,Windows 11 Pro,0.0,NotebookStoreCL,1
SSD 1 TB,1024.0,2026-05-02 16:01:04,comercio electrónico,Dell Pro Notebook 14 PC14250 (Y5C5C / SSD 1 TB),Dell,3.0,1014290,1014290,Intel Core Ultra 5 235U (2000 MHz - 4900 MHz),0,16 GB DDR5 (5600 MHz),16.0,Windows 11 Pro,0.0,SoloTodo,0
512GB,512.0,2026-05-02 22:09:05,e-commerce,"Notebook Dell Inspiron 5440 de 14“ (intel i5-1334U, 32GB Ram, 512GB SSD, Win11 Pro) Ice Blue Silver",Dell,3.0,799990,799990,intel i5-1334U,0,32GB,32.0,Windows 11 Pro,0.0,NotebookStoreCL,1
2TB,2048.0,2026-05-02 22:43:56,e-commerce,"Notebook Dell Pro de 14“ (Ultra 5 235U, 32GB Ram, 2TB SSD, Win11 Pro) 3 años de garantia",Dell,3.0,1399990,1399990,Ultra 5 235U,0,32GB,32.0,Windows 11 Pro,0.0,NotebookStoreCL,1
2TB,2048.0,2026-05-02 21:50:40,e-commerce,"Notebook Dell Pro de 14“ (Ultra 5 235U, 64GB Ram, 2TB SSD, Win11 Pro) 3 años de garantia",Dell,3.0,1599990,1599990,Ultra 5 235U,0,64GB,64.0,Windows 11 Pro,0.0,NotebookStoreCL,1
512GB,512.0,2026-05-02 21:58:59,e-commerce,"Notebook Dell Inspiron 5440 de 14“ (intel i5-1334U, 32GB Ram, 512GB SSD, Win11 Pro) Ice Blue Silver",Dell,3.0,799990,799990,intel i5-1334U,0,32GB,32.0,Windows 11 Pro,0.0,NotebookStoreCL,1
512GB,512.0,2026-05-02 21:48:53,e-commerce,"Notebook Dell Inspiron 5440 de 14“ (intel i5-1334U, 16GB Ram, 512GB SSD, Win11 Pro) Ice Blue Silver",Dell,3.0,699990,699990,intel i5-1334U,0,16GB,16.0,Windows 11 Pro,0.0,NotebookStoreCL,1
SSD 2 TB,2048.0,2026-05-02 16:01:00,comercio electrónico,Dell Pro Notebook 14 PC14250 (Y5C5C / 64 GB RAM / SSD 2 TB),Dell,3.0,1545590,1545590,Intel Core Ultra 5 235U (2000 MHz - 4900 MHz),0,64 GB,64.0,Windows 11 Pro,0.0,SoloTodo,0
512 GB,512.0,2026-05-02 21:27:40,e-commerce,"Notebook Dell Latitude 5430 Intel Core i5 1235U 16 GB RAM 512 GB SSD NVMe 14"" Win10",Dell,3.0,1298990,1298990,Intel Core i5,2,16 GB,16.0,Windows 10,5.0,TodoClick.cl,2
2TB,2048.0,2026-05-02 22:44:04,e-commerce,"Notebook Dell Pro de 14“ (Ultra 5 235U, 16GB Ram, 2TB SSD, Win11 Pro) 3 años de garantia",Dell,3.0,1149990,1149990,Ultra 5 235U,0,16GB,16.0,Windows 11 Pro,0.0,NotebookStoreCL,1
240 GB,240.0,2026-05-02 17:45:04,e-commerce,Notebook Dell E7450 I5 8gb Ram 240gb 14´´ Laptop Win10 Dimm Color Negro - Excelente (Reacondicionado),Dell,3.0,289.990,289990,Intel Core i5 I5-5300U,2,8gb,8.0,Windows 10,5.0,Mercado Libre,3
512GB,512.0,2026-05-02 21:47:29,e-commerce,"Notebook Dell Inspiron 5440 de 14“ (intel i7 150U, 32GB Ram, 512GB SSD, Win11 Pro) Ice Blue Silver",Dell,3.0,1079990,1079990,intel i7,0,32GB,32.0,Windows 11 Pro,0.0,NotebookStoreCL,1
512GB,512.0,2026-05-02 22:57:30,e-commerce,"Notebook Dell Pro de 14“ (Ultra 7 255U, 16GB Ram, 512GB SSD, Win11 Pro) 3 Años de Garantia",Dell,3.0,1165990,1165990,Ultra 7 255U,0,16GB,16.0,Windows 11 Pro,0.0,NotebookStoreCL,1
512GB,512.0,2026-05-02 20:15:03,e-commerce,"Notebook Dell Latitude 7520, I7 1185G7, 16GB RAM, 512GB SSD, W10P, 14""",Dell,3.0,2199990,2199990,I7 1185G7,0,16GB,16.0,Windows 10,5.0,TodoClick.cl,2
512GB,512.0,2026-05-02 19:51:42,e-commerce,"Notebook Dell Pro Ryzen 7 al 350, 16GB RAM, 512GB SSD, W11P, 14""",Dell,3.0,1064990,1064990,Ryzen 7,1,16GB,16.0,Windows 11 Pro,0.0,TodoClick.cl,2
1TB,1024.0,2026-05-02 22:48:48,e-commerce,"Notebook Dell Pro de 14“ (Ultra 5 235U, 64GB Ram, 1TB SSD, Win11 Pro) 3 años de garantia",Dell,3.0,1499990,1499990,Ultra 5 235U,0,64GB,64.0,Windows 11 Pro,0.0,NotebookStoreCL,1
512GB,512.0,2026-05-02 20:11:27,e-commerce,"Notebook Dell Latitude 7440, I7-1365U, 16GB RAM, 512GB SSD, W11P, 14""",Dell,3.0,999999,999999,I7-1365U,0,16GB,16.0,Windows 11 Pro,0.0,TodoClick.cl,2
512GB,512.0,2026-05-02 19:54:51,e-commerce,"Notebook Dell Pro 14250 Intel Ultra 5-2350U, 16GB DDR5, 512GB SSD, W11P, 14""",Dell,3.0,1472990,1472990,Intel Ultra 5-235,0,16GB,16.0,Windows 11 Pro,0.0,TodoClick.cl,2
1TB,1024.0,2026-05-02 22:34:02,e-commerce,"Notebook Dell Pro de 14“ (Ultra 5 235U, 64GB Ram, 1TB SSD, Win11 Pro) 3 años de garantia",Dell,3.0,1499990,1499990,Ultra 5 235U,0,64GB,64.0,Windows 11 Pro,0.0,NotebookStoreCL,1
512GB,512.0,2026-05-02 22:42:48,e-commerce,"Notebook Dell Inspiron 5440 de 14“ (intel i5-1334U, 32GB Ram, 512GB SSD, Win11 Pro) Ice Blue Silver",Dell,3.0,799990,799990,intel i5-1334U,0,32GB,32.0,Windows 11 Pro,0.0,NotebookStoreCL,1
SSD 512 GB,512.0,2026-05-02 15:36:03,comercio electrónico,Notebook Dell Pro 14 PC14250,Dell,3.0,885990,885990,Intel Core Ultra 5 225U (1500 MHz - 4800 MHz),0,16 GB DDR5 (5600 MHz),16.0,Windows 11 Pro,0.0,SoloTodo,0
512GB,512.0,2026-05-02 20:32:24,e-commerce,"Notebook Dell Inspiron 5000 i5-1334U, 8GB RAM, 512GB SSD, W11P, 14""",Dell,3.0,607990,607990,i5-1334U,0,8GB,8.0,Windows 11 Pro,0.0,TodoClick.cl,2
1TB,1024.0,2026-05-02 22:16:56,e-commerce,"Notebook Dell Pro Plus de 14“ (Ultra 7 265U, 32GB Ram, 1TB SSD, Win11 Pro) 3 años de garantía Pro Support Plus",Dell,3.0,1549990,1549990,Ultra 7 265U,0,32GB,32.0,Windows 11 Pro,0.0,NotebookStoreCL,1
1TB,1024.0,2026-05-02 22:38:10,e-commerce,"Notebook Dell Inspiron 5440 de 14“ (intel i5-1334U, 16GB Ram, 1TB SSD, Win11 Pro) Ice Blue Silver",Dell,3.0,829990,829990,intel i5-1334U,0,16GB,16.0,Windows 11 Pro,0.0,NotebookStoreCL,1
512GB,512.0,2026-05-02 21:46:09,e-commerce,"Notebook Dell Pro Plus de 14“ (Ultra 7 265U, 32GB Ram, 512GB SSD, Win11 Pro) 3 años de garantia Pro Support Plus",Dell,3.0,1489990,1489990,Ultra 7 265U,0,32GB,32.0,Windows 11 Pro,0.0,NotebookStoreCL,1
512GB,512.0,2026-05-02 19:49:38,e-commerce,"Notebook Dell Latitude 3450 14"" Intel Core Ultra 5 125U 16GB RAM 512GB SSD W11P",Dell,3.0,912990,912990,Intel Core Ultra 5 125U,0,16GB,16.0,Windows 11 Pro,0.0,TodoClick.cl,2
512GB,512.0,2026-05-02 22:23:17,e-commerce,"Notebook Dell Inspiron 5440 de 14“ (intel i5-1334U, 32GB Ram, 512GB SSD, Win11 Pro) Ice Blue Silver",Dell,3.0,799990,799990,intel i5-1334U,0,32GB,32.0,Windows 11 Pro,0.0,NotebookStoreCL,1
256GB,256.0,2026-05-02 20:25:45,e-commerce,"Notebook Dell Vostro 3400 de 14“ (i5-1135G7, 8GB RAM, 256GB SSD, Win11)",Dell,3.0,627990,627990,i5-1135G7,0,8GB,8.0,Windows 11,2.0,TodoClick.cl,2
1TB,1024.0,2026-05-02 21:58:26,e-commerce,"Notebook Dell Pro de 14“ (Ultra 5 235U, 32GB Ram, 1TB SSD, Win11 Pro) 3 años de garantia",Dell,3.0,1299990,1299990,Ultra 5 235U,0,32GB,32.0,Windows 11 Pro,0.0,NotebookStoreCL,1
512GB,512.0,2026-05-02 21:52:48,e-commerce,"Notebook DELL Pro de 16“ (Ultra 5 235U, 16GB Ram, 512GB SSD, Win11 Pro)",Dell,3.0,1173990,1173990,Ultra 5 235U,0,16GB,16.0,Windows 11 Pro,0.0,NotebookStoreCL,1
512GB,512.0,2026-05-02 22:22:02,e-commerce,"Notebook DELL Pro de 16“ (Ultra 5 235U, 16GB Ram, 512GB SSD, Win11 Pro)",Dell,3.0,1173990,1173990,Ultra 5 235U,0,16GB,16.0,Windows 11 Pro,0.0,NotebookStoreCL,1
512GB,512.0,2026-05-02 22:03:47,e-commerce,"Notebook Dell Inspiron 5440 de 14“ (intel i5-1334U, 16GB Ram, 512GB SSD, Win11 Pro) Ice Blue Silver",Dell,3.0,699990,699990,intel i5-1334U,0,16GB,16.0,Windows 11 Pro,0.0,NotebookStoreCL,1
2TB,2048.0,2026-05-02 22:10:22,e-commerce,"Notebook Dell Pro de 14“ (Ultra 5 235U, 16GB Ram, 2TB SSD, Win11 Pro) 3 años de garantia",Dell,3.0,1149990,1149990,Ultra 5 235U,0,16GB,16.0,Windows 11 Pro,0.0,NotebookStoreCL,1
1TB,1024.0,2026-05-02 20:10:36,e-commerce,"Notebook Dell Latitude 7440, i7-1365U, 32GB RAM, 1TB SSD, W11P, 14""",Dell,3.0,2999990,2999990,i7-1365U,0,32GB,32.0,Windows 11 Pro,0.0,TodoClick.cl,2
2TB,2048.0,2026-05-02 22:29:41,e-commerce,"Notebook Dell Pro de 14“ (Ultra 5 235U, 64GB Ram, 2TB SSD, Win11 Pro) 3 años de garantia",Dell,3.0,1599990,1599990,Ultra 5 235U,0,64GB,64.0,Windows 11 Pro,0.0,NotebookStoreCL,1
512GB,512.0,2026-05-02 20:31:24,e-commerce,"Notebook Dell Latitude 14 Intel Core Ultra 7 16GB DDR5 512GB SSD W11P 14""",Dell,3.0,1134990,1134990,Intel Core Ultra 7,0,16GB,16.0,Windows 11 Pro,0.0,TodoClick.cl,2
240gb,240.0,2026-05-02 18:22:23,e-commerce,Notebook Dell Lat 5490 I5-8350u 8gb 240gb Ssd W11p (reacond) (Reacondicionado),Dell,3.0,269.900,269900,Intel I5-8350U Core i5,2,8gb,8.0,Windows 11 Pro,0.0,Mercado Libre,3
SSD 1 TB,1024.0,2026-05-02 16:00:18,comercio electrónico,Dell Inspiron 14 5440 (VP6RM) – Notebook potente y portátil,Dell,3.0,869390,869390,Intel Core 7 150U (1800 MHz - 5400 MHz),0,16 GB LPDDR5 (4400 MHz),16.0,Windows 11 Home,1.0,SoloTodo,0
SSD 250 GB,250.0,2026-05-02 15:05:55,comercio electrónico,Dell Latitude 7490 – Notebook Reacondicionado con Intel Core i7 y Windows 11 Pro,Dell,3.0,319800,319800,Intel Core i7,3,16 GB DDR4 (2400 MHz),16.0,Windows 11 Pro,0.0,SoloTodo,0
2TB,2048.0,2026-05-02 21:55:19,e-commerce,"Notebook Dell Pro de 14“ (Ultra 5 235U, 16GB Ram, 2TB SSD, Win11 Pro) 3 años de garantia",Dell,3.0,1149990,1149990,Ultra 5 235U,0,16GB,16.0,Windows 11 Pro,0.0,NotebookStoreCL,1
1TB,1024.0,2026-05-02 22:18:55,e-commerce,"Notebook Dell Inspiron 5440 de 14“ (intel i5-1334U, 16GB Ram, 1TB SSD, Win11 Pro) Ice Blue Silver",Dell,3.0,829990,829990,intel i5-1334U,0,16GB,16.0,Windows 11 Pro,0.0,NotebookStoreCL,1
512GB,512.0,2026-05-02 22:06:50,e-commerce,"Notebook Dell Pro de 14“ (Ultra 7 255U, 16GB Ram, 512GB SSD, Win11 Pro) 3 Años de Garantia",Dell,3.0,1165990,1165990,Ultra 7 255U,0,16GB,16.0,Windows 11 Pro,0.0,NotebookStoreCL,1
512GB,512.0,2026-05-02 22:42:38,e-commerce,"Notebook Dell Inspiron 5440 de 14“ (intel i5-1334U, 16GB Ram, 512GB SSD, Win11 Pro) Ice Blue Silver",Dell,3.0,699990,699990,intel i5-1334U,0,16GB,16.0,Windows 11 Pro,0.0,NotebookStoreCL,1
256GB,256.0,2026-05-02 21:42:18,e-commerce,"Notebook Dell Vostro 5410 i5-11300H / 8GB Ram / 256GB SSD / 14"" LED FHD / Windows 10 Pro (5CJGG)",Dell,3.0,775990,775990,i5-11300H,0,8GB,8.0,Windows 10,5.0,TodoClick.cl,2
1TB,1024.0,2026-05-02 21:06:48,e-commerce,"Notebook Dell Latitude 5440, I7-1355U, 32GB RAM, 1TB SSD, W11P, 14""",Dell,3.0,1331990,1331990,I7-1355U,0,32GB,32.0,Windows 11 Pro,0.0,TodoClick.cl,2
512GB,512.0,2026-05-02 19:26:40,e-commerce,"Notebook Dell Pro 14"" (Modelo NFF86) – AMD Ryzen AI 5 340, 16GB RAM, 512GB SSD, Windows 11 Pro",Dell,3.0,935675,935675,AMD Ryzen AI 5 340 (2000 MHz - 4800 MHz),4,16GB,16.0,Windows 11 Pro,0.0,SoloTodo,0
512GB,512.0,2026-05-02 20:00:06,e-commerce,"Notebook Dell 3520 I5-1235U 8GB Ram, 512GB SSD, W11H",Dell,3.0,659990,659990,I5-1235U,0,8GB,8.0,Windows 11,2.0,TodoClick.cl,2
2TB,2048.0,2026-05-02 22:56:11,e-commerce,"Notebook Dell Pro de 14“ (Ultra 5 235U, 64GB Ram, 2TB SSD, Win11 Pro) 3 años de garantia",Dell,3.0,1599990,1599990,Ultra 5 235U,0,64GB,64.0,Windows 11 Pro,0.0,NotebookStoreCL,1
1TB,1024.0,2026-05-02 22:13:15,e-commerce,"Notebook Dell Pro de 14“ (Ultra 5 235U, 32GB Ram, 1TB SSD, Win11 Pro) 3 años de garantia",Dell,3.0,1299990,1299990,Ultra 5 235U,0,32GB,32.0,Windows 11 Pro,0.0,NotebookStoreCL,1
1TB,1024.0,2026-05-02 21:59:16,e-commerce,"Notebook Dell Inspiron 5440 de 14“ (intel i5-1334U, 16GB Ram, 1TB SSD, Win11 Pro) Ice Blue Silver",Dell,3.0,829990,829990,intel i5-1334U,0,16GB,16.0,Windows 11 Pro,0.0,NotebookStoreCL,1
1TB,1024.0,2026-05-02 22:36:12,e-commerce,"Notebook Dell Pro Plus de 14“ (Ultra 7 265U, 32GB Ram, 1TB SSD, Win11 Pro) 3 años de garantía Pro Support Plus",Dell,3.0,1549990,1549990,Ultra 7 265U,0,32GB,32.0,Windows 11 Pro,0.0,NotebookStoreCL,1
512GB,512.0,2026-05-02 21:46:36,e-commerce,"Notebook Dell Pro de 14“ (Ultra 5 235U, 32GB Ram, 512GB SSD, Win11 Pro) 3 años de garantia",Dell,3.0,1189990,1189990,Ultra 5 235U,0,32GB,32.0,Windows 11 Pro,0.0,NotebookStoreCL,1
1TB,1024.0,2026-05-02 22:53:55,e-commerce,"Notebook Dell Inspiron 5440 de 14“ (intel i5-1334U, 16GB Ram, 1TB SSD, Win11 Pro) Ice Blue Silver",Dell,3.0,829990,829990,intel i5-1334U,0,16GB,16.0,Windows 11 Pro,0.0,NotebookStoreCL,1
1 TB,1024.0,2026-05-02 18:08:20,e-commerce,"Dell Precision 7670 Workstation Core I7-12,32 Ram, Rtx A1000 (Reacondicionado)",Dell,3.0,999.990,999990,Intel Core i7-12850HX,3,32 GB,32.0,Windows 11,2.0,Mercado Libre,3
1TB,1024.0,2026-05-02 22:22:42,e-commerce,"Notebook Dell Pro de 14“ (Ultra 5 235U, 32GB Ram, 1TB SSD, Win11 Pro) 3 años de garantia",Dell,3.0,1299990,1299990,Ultra 5 235U,0,32GB,32.0,Windows 11 Pro,0.0,NotebookStoreCL,1
512gb,512.0,2026-05-02 17:38:54,e-commerce,Notebook Dell Inspiron 5440 14in Core I5 8gb Ram 512gb Ssd Gris,Dell,3.0,725.990,725990,Intel Core i5 1330U,2,8gb,8.0,Windows 11 Home,1.0,Mercado Libre,3
512GB,512.0,2026-05-02 22:35:45,e-commerce,"Notebook Dell Pro de 14“ (Ultra 7 255U, 16GB Ram, 512GB SSD, Win11 Pro) 3 Años de Garantia",Dell,3.0,1165990,1165990,Ultra 7 255U,0,16GB,16.0,Windows 11 Pro,0.0,NotebookStoreCL,1
1TB,1024.0,2026-05-02 21:09:47,e-commerce,"Notebook Dell Pesicion 3581, i7-13700H, 16GB RAM, 1TB SSD, W11P, NVIDIA RTX A1000, 15,6""",Dell,3.0,2278990,2278990,i7-13700H,0,16GB,16.0,Windows 11 Pro,0.0,TodoClick.cl,2
1TB,1024.0,2026-05-02 22:19:11,e-commerce,"Notebook Dell Inspiron 5440 de 14“ (intel i5-1334U, 32GB Ram, 1TB SSD, Win11 Pro) Ice Blue Silver",Dell,3.0,899990,899990,intel i5-1334U,0,32GB,32.0,Windows 11 Pro,0.0,NotebookStoreCL,1
1TB,1024.0,2026-05-02 22:32:20,e-commerce,"Notebook Dell Pro de 14“ (Ultra 5 235U, 16GB Ram, 1TB SSD, Win11 Pro) 3 años de garantia",Dell,3.0,1049990,1049990,Ultra 5 235U,0,16GB,16.0,Windows 11 Pro,0.0,NotebookStoreCL,1
1TB,1024.0,2026-05-02 22:22:10,e-commerce,"Notebook Dell Pro Plus 14“ (Ryzen 7 Pro 350, 32GB Ram, 1TB SSD, Win11 Pro) 3 Años de Garantia",Dell,3.0,1583990,1583990,Ryzen 7,1,32GB,32.0,Windows 11 Pro,0.0,NotebookStoreCL,1
512GB,512.0,2026-05-02 20:10:45,e-commerce,"Notebook Dell Latitude 3540, i5-1335U, 8GB RAM, 512GB SSD, W11P, 15.6""",Dell,3.0,943990,943990,i5-1335U,0,8GB,8.0,Windows 11 Pro,0.0,TodoClick.cl,2
1TB,1024.0,2026-05-02 22:58:55,e-commerce,"Notebook Dell Pro de 14“ (Ultra 5 235U, 16GB Ram, 1TB SSD, Win11 Pro) 3 años de garantia",Dell,3.0,1049990,1049990,Ultra 5 235U,0,16GB,16.0,Windows 11 Pro,0.0,NotebookStoreCL,1
SSD 256GB,256.0,2026-05-02 12:15:14,e-commerce,Notebook DELL Vostro 3405 Ryzen 5-3450U 8GB RAM SSD 256GB Windows 10 Pro,Dell,3.0,$399.990,399990,Ryzen 5-3450U,4,8GB,8.0,Windows 10,5.0,opcstore.cl,7
2TB,2048.0,2026-05-02 22:24:26,e-commerce,"Notebook Dell Pro de 14“ (Ultra 5 235U, 32GB Ram, 2TB SSD, Win11 Pro) 3 años de garantia",Dell,3.0,1399990,1399990,Ultra 5 235U,0,32GB,32.0,Windows 11 Pro,0.0,NotebookStoreCL,1
1TB,1024.0,2026-05-02 19:26:53,e-commerce,"Notebook Dell Pro Plus 14"" (Intel Core Ultra 7 268V, 32GB RAM, 1TB SSD, Windows 11 Pro)",Dell,3.0,1848833,1848833,Intel Core Ultra 7 268V (2200 MHz - 5000 MHz),0,32GB,32.0,Windows 11 Pro,0.0,SoloTodo,0
512GB,512.0,2026-05-02 19:43:33,e-commerce,"Notebook DELL PRO 16""FHD Ultra 7 255U 16GB 512GB SSD W11Pro",Dell,3.0,"$1,224,990",1224990,Ultra 7 255U,0,16GB,16.0,Windows 11 Pro,0.0,ONEDUC,6
512GB,512.0,2026-05-02 21:07:07,e-commerce,"Notebook Dell Inspiron 3520, i51235U, 8GB RAM, 512GB SSD, W11H ,15.6""",Dell,3.0,642990,642990,i51235U,0,8GB,8.0,Windows 11,2.0,TodoClick.cl,2
2TB,2048.0,2026-05-02 22:44:21,e-commerce,"Notebook Dell Pro de 14“ (Ultra 5 235U, 64GB Ram, 2TB SSD, Win11 Pro) 3 años de garantia",Dell,3.0,1599990,1599990,Ultra 5 235U,0,64GB,64.0,Windows 11 Pro,0.0,NotebookStoreCL,1
512GB,512.0,2026-05-02 22:21:14,e-commerce,"Notebook Dell Pro de 14“ (Ultra 7 255U, 16GB Ram, 512GB SSD, Win11 Pro) 3 Años de Garantia",Dell,3.0,1165990,1165990,Ultra 7 255U,0,16GB,16.0,Windows 11 Pro,0.0,NotebookStoreCL,1
512GB,512.0,2026-05-02 19:46:51,e-commerce,"Notebook Dell Latitude 5450, Intel Core Ultra 7 155U, 14.0"" Full HD, 16GB RAM, 512GB SSD, W11Pro (AM)",Dell,3.0,$1.152.216,1152216,Intel Core Ultra 7 155U,0,16GB,16.0,Windows 11 Pro,0.0,ITSHOP,18
2TB,2048.0,2026-05-02 22:15:23,e-commerce,"Notebook Dell Pro de 14“ (Ultra 5 235U, 64GB Ram, 2TB SSD, Win11 Pro) 3 años de garantia",Dell,3.0,1599990,1599990,Ultra 5 235U,0,64GB,64.0,Windows 11 Pro,0.0,NotebookStoreCL,1
512GB,512.0,2026-05-02 22:12:35,e-commerce,"Notebook DELL Pro de 16“ (Ultra 5 235U, 16GB Ram, 512GB SSD, Win11 Pro)",Dell,3.0,1173990,1173990,Ultra 5 235U,0,16GB,16.0,Windows 11 Pro,0.0,NotebookStoreCL,1
1TB,1024.0,2026-05-02 22:55:37,e-commerce,"Notebook Dell Pro de 14“ (Ultra 5 235U, 64GB Ram, 1TB SSD, Win11 Pro) 3 años de garantia",Dell,3.0,1499990,1499990,Ultra 5 235U,0,64GB,64.0,Windows 11 Pro,0.0,NotebookStoreCL,1
256GB SSD,256.0,2026-05-02 19:43:01,e-commerce,Notebook Dell Latitude 5420,Dell,3.0,$319.990,319990,Intel Core i5-1135G7,2,8GB DDR4,8.0,Windows 10 Pro,7.0,SMARTDEAL,4
512GB,512.0,2026-05-02 19:44:03,e-commerce,"Notebook DELL Latitude 5490, Intel® Core™ I5-8350U, 8GB DDR4, 512GB SSD, USB3.0, WiFi, Bluetooth, HDMI, 14"" HD, Windows 11 Pro, Teclado Inglés (Configurable A Español) Reacondicionado (9Gp5YA00512).",Dell,3.0,$329.990,329990,I5-8350U,0,8GB,8.0,Windows 11 Pro,0.0,BIP,10
1TB,1024.0,2026-05-02 22:17:56,e-commerce,"Notebook Dell Pro de 14“ (Ultra 5 235U, 16GB Ram, 1TB SSD, Win11 Pro) 3 años de garantia",Dell,3.0,1049990,1049990,Ultra 5 235U,0,16GB,16.0,Windows 11 Pro,0.0,NotebookStoreCL,1
512GB,512.0,2026-05-02 22:16:30,e-commerce,"Notebook Dell Pro de 14“ (Ultra 7 255U, 16GB Ram, 512GB SSD, Win11 Pro) 3 Años de Garantia",Dell,3.0,1165990,1165990,Ultra 7 255U,0,16GB,16.0,Windows 11 Pro,0.0,NotebookStoreCL,1
512GB,512.0,2026-05-02 22:31:45,e-commerce,"Notebook DELL Pro de 16“ (Ultra 5 235U, 16GB Ram, 512GB SSD, Win11 Pro)",Dell,3.0,1173990,1173990,Ultra 5 235U,0,16GB,16.0,Windows 11 Pro,0.0,NotebookStoreCL,1
1TB,1024.0,2026-05-02 22:33:36,e-commerce,"Notebook Dell Inspiron 5440 de 14“ (intel i5-1334U, 32GB Ram, 1TB SSD, Win11 Pro) Ice Blue Silver",Dell,3.0,899990,899990,intel i5-1334U,0,32GB,32.0,Windows 11 Pro,0.0,NotebookStoreCL,1
1TB,1024.0,2026-05-02 22:38:29,e-commerce,"Notebook Dell Inspiron 5440 de 14“ (intel i5-1334U, 32GB Ram, 1TB SSD, Win11 Pro) Ice Blue Silver",Dell,3.0,899990,899990,intel i5-1334U,0,32GB,32.0,Windows 11 Pro,0.0,NotebookStoreCL,1
512GB,512.0,2026-05-02 22:17:23,e-commerce,"Notebook DELL Pro de 16“ (Ultra 5 235U, 16GB Ram, 512GB SSD, Win11 Pro)",Dell,3.0,1173990,1173990,Ultra 5 235U,0,16GB,16.0,Windows 11 Pro,0.0,NotebookStoreCL,1
512GB,512.0,2026-05-02 19:43:32,e-commerce,"Notebook DELL Inspiron 5440 14""FHD I5-1334U 8GB 512GB SSD W11Home GCI",Dell,3.0,"$653,990",653990,I5-1334U,0,8GB,8.0,Windows 11,2.0,ONEDUC,6
120 GB,120.0,2026-05-02 18:28:27,e-commerce,"Dell Latitude 3189, Intel Pentium N4200, 11.6 , 8gb, 128gb (Reacondicionado)",Dell,3.0,189.900,189900,Intel Pentium N4200 8250U,0,8gb,8.0,Windows 10 Pro,7.0,Mercado Libre,3
SSD 512 GB,512.0,2026-05-02 16:00:22,comercio electrónico,Dell Inspiron 14 5440 (KCV5H / 16 GB RAM),Dell,3.0,676190,676190,Intel Core i5-1334U (900 MHz - 4600 MHz),2,16 GB,16.0,Windows 11 Pro,0.0,SoloTodo,0
SSD 1 TB,1024.0,2026-05-02 16:48:06,e-commerce,Dell Inspiron 14 5440 (VP6RM / 32 GB RAM / SSD 1 TB),Dell,3.0,1110890,1110890,Intel Core 7 150U (1800 MHz - 5400 MHz),0,32 GB,32.0,Windows 11 Pro,0.0,SoloTodo,0
1TB,1024.0,2026-05-02 22:05:02,e-commerce,"Notebook Dell Pro de 14“ (Ultra 5 235U, 64GB Ram, 1TB SSD, Win11 Pro) 3 años de garantia",Dell,3.0,1499990,1499990,Ultra 5 235U,0,64GB,64.0,Windows 11 Pro,0.0,NotebookStoreCL,1
256GB,256.0,2026-05-02 21:41:00,e-commerce,Notebook Dell Latitude 5520 I5-1135G7 / 8GB RAM / 256GB SSD / W10PRO / 15.6″ (2KFHM),Dell,3.0,1258990,1258990,I5-1135G7,0,8GB,8.0,Windows 10,5.0,TodoClick.cl,2
2TB,2048.0,2026-05-02 21:55:38,e-commerce,"Notebook Dell Pro de 14“ (Ultra 5 235U, 64GB Ram, 2TB SSD, Win11 Pro) 3 años de garantia",Dell,3.0,1599990,1599990,Ultra 5 235U,0,64GB,64.0,Windows 11 Pro,0.0,NotebookStoreCL,1
2TB,2048.0,2026-05-02 22:20:09,e-commerce,"Notebook Dell Pro de 14“ (Ultra 5 235U, 64GB Ram, 2TB SSD, Win11 Pro) 3 años de garantia",Dell,3.0,1599990,1599990,Ultra 5 235U,0,64GB,64.0,Windows 11 Pro,0.0,NotebookStoreCL,1
1TB,1024.0,2026-05-02 19:35:45,e-commerce,"Notebook Dell Pro Plus Intel Core Ultra 5-238V 14"" 32GB 1TB SSD Windows ...",Dell,3.0,959990,959990,Intel Core Ultra 5-238V,0,32GB,32.0,Otro,3.0,PC Factory,5
1TB,1024.0,2026-05-02 22:33:19,e-commerce,"Notebook Dell Inspiron 5440 de 14“ (intel i5-1334U, 16GB Ram, 1TB SSD, Win11 Pro) Ice Blue Silver",Dell,3.0,829990,829990,intel i5-1334U,0,16GB,16.0,Windows 11 Pro,0.0,NotebookStoreCL,1
1 TB,1024.0,2026-05-02 19:45:17,e-commerce,Dell Inspiron Plus 7620 (i7-12700H / 32 GB / 1 TB SSD / W11P),Dell,3.0,$989.990,989990,i7-12700H,0,32 GB,32.0,Windows 11 Pro,0.0,SoloTodo,0
1TB,1024.0,2026-05-02 22:31:54,e-commerce,"Notebook Dell Pro Plus 14“ (Ryzen 7 Pro 350, 32GB Ram, 1TB SSD, Win11 Pro) 3 Años de Garantia",Dell,3.0,1583990,1583990,Ryzen 7,1,32GB,32.0,Windows 11 Pro,0.0,NotebookStoreCL,1
256GB,256.0,2026-05-02 21:40:31,e-commerce,"Notebook Dell Latitude 3420 I5-1135G7 / 8GB RAM / 256GB SSD / W10PRO / 14"" (L342i5TGs8256W10P3W)",Dell,3.0,686990,686990,I5-1135G7,0,8GB,8.0,Windows 10,5.0,TodoClick.cl,2
2TB,2048.0,2026-05-02 22:14:57,e-commerce,"Notebook Dell Pro de 14“ (Ultra 5 235U, 32GB Ram, 2TB SSD, Win11 Pro) 3 años de garantia",Dell,3.0,1399990,1399990,Ultra 5 235U,0,32GB,32.0,Windows 11 Pro,0.0,NotebookStoreCL,1
256GB,256.0,2026-05-02 21:31:45,e-commerce,"Notebook Dell Vostro 5410 de 14“ i5-11320H, 8GB RAM, 256GB SSD, Win10 Pro",Dell,3.0,916990,916990,i5-11320H,0,8GB,8.0,Windows 10,5.0,TodoClick.cl,2
1TB,1024.0,2026-05-02 21:57:50,e-commerce,"Notebook Dell Pro Plus 14“ (Ryzen 7 Pro 350, 32GB Ram, 1TB SSD, Win11 Pro) 3 Años de Garantia",Dell,3.0,1583990,1583990,Ryzen 7,1,32GB,32.0,Windows 11 Pro,0.0,NotebookStoreCL,1
512 GB,512.0,2026-05-02 19:40:24,e-commerce,Notebook Dell Latitude 5430,Dell,3.0,$499.990,499990,Intel Core i5-1245U,2,16 GB,16.0,Windows 11 Pro,0.0,SMARTDEAL,4
256GB,256.0,2026-05-02 21:31:37,e-commerce,"Notebook Dell Vostro 3405 de 14“ (Ryzen 5 3450U, 8GB RAM, 256GB SSD, Win11)",Dell,3.0,386361,386361,Ryzen 5,4,8GB,8.0,Windows 11,2.0,TodoClick.cl,2
512GB,512.0,2026-05-02 21:08:30,e-commerce,"Notebook Dell XPS 9320 i7 1360P, 16GB RAM, 512GB SSD, Win11P, 13.4""",Dell,3.0,2330990,2330990,i7 1360P,0,16GB,16.0,Windows 11,2.0,TodoClick.cl,2
512 GB,512.0,2026-05-02 17:04:19,e-commerce,Dell Latitude 7430 (i7-1265U / 16 GB RAM / 512 GB SSD / Windows 10 Pro),Dell,3.0,1799990,1799990,Intel Core i7-1265U (1300 MHz - 4800 MHz),3,16 GB,16.0,Windows 10,5.0,SoloTodo,0
1TB,1024.0,2026-05-02 19:35:50,e-commerce,DELL PRO PLUS AMD R7 PRO 350 32GB 1TBSSD,Dell,3.0,1129990,1129990,AMD R7 PRO 350,0,32GB,32.0,Otro,3.0,PC Factory,5
1TB,1024.0,2026-05-02 22:46:06,e-commerce,"Notebook Dell Pro Plus de 14“ (Ultra 7 265U, 32GB Ram, 1TB SSD, Win11 Pro) 3 años de garantía Pro Support Plus",Dell,3.0,1549990,1549990,Ultra 7 265U,0,32GB,32.0,Windows 11 Pro,0.0,NotebookStoreCL,1
1TB,1024.0,2026-05-02 21:54:36,e-commerce,"Notebook Dell Inspiron 5440 de 14“ (intel i5-1334U, 32GB Ram, 1TB SSD, Win11 Pro) Ice Blue Silver",Dell,3.0,899990,899990,intel i5-1334U,0,32GB,32.0,Windows 11 Pro,0.0,NotebookStoreCL,1
512GB,512.0,2026-05-02 22:37:53,e-commerce,"Notebook Dell Inspiron 5440 de 14“ (intel i5-1334U, 32GB Ram, 512GB SSD, Win11 Pro) Ice Blue Silver",Dell,3.0,799990,799990,intel i5-1334U,0,32GB,32.0,Windows 11 Pro,0.0,NotebookStoreCL,1
256GB,256.0,2026-05-02 20:58:30,e-commerce,"Notebook Dell Inspiron 3511, I5-1135G7, 8GB RAM, 256GB SSD, WIN 0H, 15.6""",Dell,3.0,594990,594990,I5-1135G7,0,8GB,8.0,Otro,3.0,TodoClick.cl,2
1TB,1024.0,2026-05-02 21:18:09,e-commerce,"Notebook Dell Precision 3571 i9-12900H 32GB Ram, 1TB SSD, W11P",Dell,3.0,2618990,2618990,i9-12900H,0,32GB,32.0,Windows 11 Pro,0.0,TodoClick.cl,2
512GB,512.0,2026-05-02 19:58:53,e-commerce,"Notebook Dell Inspiron 5440 i5-1334U, 16GB RAM, 512GB SSD, W11P, 14""",Dell,3.0,729990,729990,i5-1334U,0,16GB,16.0,Windows 11 Pro,0.0,TodoClick.cl,2
512GB,512.0,2026-05-02 22:45:41,e-commerce,"Notebook Dell Pro de 14“ (Ultra 7 255U, 16GB Ram, 512GB SSD, Win11 Pro) 3 Años de Garantia",Dell,3.0,1165990,1165990,Ultra 7 255U,0,16GB,16.0,Windows 11 Pro,0.0,NotebookStoreCL,1
SSD 512 GB,512.0,2026-05-02 15:37:14,comercio electrónico,Notebook Gamer Dell G15 5530 Intel Core i5-13450HX NVIDIA GeForce RTX 4050 6GB,Dell,3.0,1199990,1199990,Intel Core i5-13450HX,2,16GB,16.0,Windows 11 Home,1.0,SoloTodo,0
1TB,1024.0,2026-05-02 22:37:13,e-commerce,"Notebook Dell Pro de 14“ (Ultra 5 235U, 16GB Ram, 1TB SSD, Win11 Pro) 3 años de garantia",Dell,3.0,1049990,1049990,Ultra 5 235U,0,16GB,16.0,Windows 11 Pro,0.0,NotebookStoreCL,1
2TB,2048.0,2026-05-02 21:55:10,e-commerce,"Notebook Dell Pro de 14“ (Ultra 5 235U, 32GB Ram, 2TB SSD, Win11 Pro) 3 años de garantia",Dell,3.0,1399990,1399990,Ultra 5 235U,0,32GB,32.0,Windows 11 Pro,0.0,NotebookStoreCL,1
2TB,2048.0,2026-05-02 22:39:26,e-commerce,"Notebook Dell Pro de 14“ (Ultra 5 235U, 64GB Ram, 2TB SSD, Win11 Pro) 3 años de garantia",Dell,3.0,1599990,1599990,Ultra 5 235U,0,64GB,64.0,Windows 11 Pro,0.0,NotebookStoreCL,1
1TB,1024.0,2026-05-02 22:47:08,e-commerce,"Notebook Dell Pro de 14“ (Ultra 5 235U, 16GB Ram, 1TB SSD, Win11 Pro) 3 años de garantia",Dell,3.0,1049990,1049990,Ultra 5 235U,0,16GB,16.0,Windows 11 Pro,0.0,NotebookStoreCL,1
256gb,256.0,2026-05-02 18:27:57,e-commerce,Dell Latitude 5420 Táctil 14 I5-1145g7 16gb Ram 256gb Ssd (Reacondicionado),Dell,3.0,449.990,449990,Intel Core i5 1145G7,2,16gb,16.0,Windows 11 Pro,0.0,Mercado Libre,3
2TB,2048.0,2026-05-02 22:00:15,e-commerce,"Notebook Dell Pro de 14“ (Ultra 5 235U, 16GB Ram, 2TB SSD, Win11 Pro) 3 años de garantia",Dell,3.0,1149990,1149990,Ultra 5 235U,0,16GB,16.0,Windows 11 Pro,0.0,NotebookStoreCL,1
1TB,1024.0,2026-05-02 21:54:19,e-commerce,"Notebook Dell Inspiron 5440 de 14“ (intel i5-1334U, 16GB Ram, 1TB SSD, Win11 Pro) Ice Blue Silver",Dell,3.0,829990,829990,intel i5-1334U,0,16GB,16.0,Windows 11 Pro,0.0,NotebookStoreCL,1
1TB,1024.0,2026-05-02 21:57:10,e-commerce,"Notebook Dell Pro Plus de 14“ (Ultra 7 265U, 32GB Ram, 1TB SSD, Win11 Pro) 3 años de garantía Pro Support Plus",Dell,3.0,1549990,1549990,Ultra 7 265U,0,32GB,32.0,Windows 11 Pro,0.0,NotebookStoreCL,1
1TB,1024.0,2026-05-02 22:29:09,e-commerce,"Notebook Dell Pro de 14“ (Ultra 5 235U, 64GB Ram, 1TB SSD, Win11 Pro) 3 años de garantia",Dell,3.0,1499990,1499990,Ultra 5 235U,0,64GB,64.0,Windows 11 Pro,0.0,NotebookStoreCL,1
SSD 512 GB,512.0,2026-05-02 16:11:34,comercio electrónico,Notebook Dell Pro 14 PC14250,Dell,3.0,1124990,1124990,Intel Core Ultra 7 255U (2000 MHz - 5200 MHz),0,16 GB DDR5 (5200 MHz),16.0,Windows 11 Pro,0.0,SoloTodo,0
512 GB,512.0,2026-05-02 18:11:51,e-commerce,Notebook Dell Latitude 5420 I5-11635g7 16ram 512 Ssd Grado A (Reacondicionado),Dell,3.0,304.990,304990,Intel i5-11635G7,2,16 GB,16.0,Windows 11 Pro,0.0,Mercado Libre,3
512GB,512.0,2026-05-02 19:36:11,e-commerce,"Notebook Dell Pro AMD Ryzen AI 5-340 14″ FHD 16GB 512GB SSD, Windows 11 ...",Dell,3.0,1289990,1289990,AMD Ryzen AI 5-340,4,16GB,16.0,Windows 11,2.0,PC Factory,5
1TB,1024.0,2026-05-02 21:48:25,e-commerce,"Notebook Dell Pro de 14“ (Ultra 5 235U, 32GB Ram, 1TB SSD, Win11 Pro) 3 años de garantia",Dell,3.0,1299990,1299990,Ultra 5 235U,0,32GB,32.0,Windows 11 Pro,0.0,NotebookStoreCL,1
512GB,512.0,2026-05-02 21:56:46,e-commerce,"Notebook Dell Pro de 14“ (Ultra 7 255U, 16GB Ram, 512GB SSD, Win11 Pro) 3 Años de Garantia",Dell,3.0,1165990,1165990,Ultra 7 255U,0,16GB,16.0,Windows 11 Pro,0.0,NotebookStoreCL,1
2TB,2048.0,2026-05-02 22:48:57,e-commerce,"Notebook Dell Pro de 14“ (Ultra 5 235U, 32GB Ram, 2TB SSD, Win11 Pro) 3 años de garantia",Dell,3.0,1399990,1399990,Ultra 5 235U,0,32GB,32.0,Windows 11 Pro,0.0,NotebookStoreCL,1
1TB,1024.0,2026-05-02 22:14:48,e-commerce,"Notebook Dell Pro de 14“ (Ultra 5 235U, 64GB Ram, 1TB SSD, Win11 Pro) 3 años de garantia",Dell,3.0,1499990,1499990,Ultra 5 235U,0,64GB,64.0,Windows 11 Pro,0.0,NotebookStoreCL,1
1TB,1024.0,2026-05-02 19:35:56,e-commerce,"Notebook Dell Pro Plus Intel Core Ultra 7-238V 14"" 32GB 1TB SSD Windows ...",Dell,3.0,1129990,1129990,Intel Core Ultra 7-238V,0,32GB,32.0,Otro,3.0,PC Factory,5
1TB,1024.0,2026-05-02 22:23:34,e-commerce,"Notebook Dell Inspiron 5440 de 14“ (intel i5-1334U, 16GB Ram, 1TB SSD, Win11 Pro) Ice Blue Silver",Dell,3.0,829990,829990,intel i5-1334U,0,16GB,16.0,Windows 11 Pro,0.0,NotebookStoreCL,1
1TB,1024.0,2026-05-02 22:48:07,e-commerce,"Notebook Dell Inspiron 5440 de 14“ (intel i5-1334U, 16GB Ram, 1TB SSD, Win11 Pro) Ice Blue Silver",Dell,3.0,829990,829990,intel i5-1334U,0,16GB,16.0,Windows 11 Pro,0.0,NotebookStoreCL,1
256GB,256.0,2026-05-02 21:17:10,e-commerce,"Notebook Dell Vostro 3400 i5-1135G7, 8GB RAM, 256GB SSD, W10Pro, 14""",Dell,3.0,873990,873990,i5-1135G7,0,8GB,8.0,Windows 10,5.0,TodoClick.cl,2
512GB,512.0,2026-05-02 20:16:08,e-commerce,"Notebook Dell Latitude 5440 i5 I5-1335U, 8GB Ram, 512GB SSD, W11Pro, 14""",Dell,3.0,1009990,1009990,I5-1335U,0,8GB,8.0,Windows 11 Pro,0.0,TodoClick.cl,2
2TB,2048.0,2026-05-02 22:15:06,e-commerce,"Notebook Dell Pro de 14“ (Ultra 5 235U, 16GB Ram, 2TB SSD, Win11 Pro) 3 años de garantia",Dell,3.0,1149990,1149990,Ultra 5 235U,0,16GB,16.0,Windows 11 Pro,0.0,NotebookStoreCL,1
SSD 512 GB,512.0,2026-05-02 15:50:18,comercio electrónico,"Dell Pro Essential PV14250 – Notebook Profesional de 14""",Dell,3.0,814990,814990,Intel Core 7 150U (1800 MHz - 5400 MHz),0,16 GB DDR5 (5200 MHz),16.0,Windows 11 Pro,0.0,SoloTodo,0
512GB,512.0,2026-05-02 22:26:02,e-commerce,"Notebook Dell Pro de 14“ (Ultra 7 255U, 16GB Ram, 512GB SSD, Win11 Pro) 3 Años de Garantia",Dell,3.0,1165990,1165990,Ultra 7 255U,0,16GB,16.0,Windows 11 Pro,0.0,NotebookStoreCL,1
2TB,2048.0,2026-05-02 22:29:26,e-commerce,"Notebook Dell Pro de 14“ (Ultra 5 235U, 16GB Ram, 2TB SSD, Win11 Pro) 3 años de garantia",Dell,3.0,1149990,1149990,Ultra 5 235U,0,16GB,16.0,Windows 11 Pro,0.0,NotebookStoreCL,1
1TB,1024.0,2026-05-02 21:31:57,e-commerce,"Notebook Dell 81K9F Vostro 3401 de 14“ (i3-1005G1, 8GB RAM, 1TB HDD, Win10 Pro)",Dell,3.0,605990,605990,i3-1005G1,0,8GB,8.0,Windows 10,5.0,TodoClick.cl,2
2TB,2048.0,2026-05-02 23:00:56,e-commerce,"Notebook Dell Pro de 14“ (Ultra 5 235U, 16GB Ram, 2TB SSD, Win11 Pro) 3 años de garantia",Dell,3.0,1149990,1149990,Ultra 5 235U,0,16GB,16.0,Windows 11 Pro,0.0,NotebookStoreCL,1
512GB,512.0,2026-05-02 22:08:56,e-commerce,"Notebook Dell Inspiron 5440 de 14“ (intel i5-1334U, 16GB Ram, 512GB SSD, Win11 Pro) Ice Blue Silver",Dell,3.0,699990,699990,intel i5-1334U,0,16GB,16.0,Windows 11 Pro,0.0,NotebookStoreCL,1
1TB,1024.0,2026-05-02 22:02:11,e-commerce,"Notebook Dell Pro Plus de 14“ (Ultra 7 265U, 32GB Ram, 1TB SSD, Win11 Pro) 3 años de garantía Pro Support Plus",Dell,3.0,1549990,1549990,Ultra 7 265U,0,32GB,32.0,Windows 11 Pro,0.0,NotebookStoreCL,1
SSD 512 GB,512.0,2026-05-02 14:57:18,comercio electrónico,"Notebook Dell Latitude 7410 14"" Intel Core i7-10610U",Dell,3.0,425000,425000,Intel Core i7-10610U,3,16 GB DDR4 (2666 MHz),16.0,Windows 10 Pro,7.0,SoloTodo,0
2TB,2048.0,2026-05-02 22:55:54,e-commerce,"Notebook Dell Pro de 14“ (Ultra 5 235U, 16GB Ram, 2TB SSD, Win11 Pro) 3 años de garantia",Dell,3.0,1149990,1149990,Ultra 5 235U,0,16GB,16.0,Windows 11 Pro,0.0,NotebookStoreCL,1
1TB,1024.0,2026-05-02 22:14:05,e-commerce,"Notebook Dell Inspiron 5440 de 14“ (intel i5-1334U, 16GB Ram, 1TB SSD, Win11 Pro) Ice Blue Silver",Dell,3.0,829990,829990,intel i5-1334U,0,16GB,16.0,Windows 11 Pro,0.0,NotebookStoreCL,1
512 GB,512.0,2026-05-02 18:14:42,e-commerce,Dell Latitude 7420 I7-1165g7 16gb 512gb Factura Garantia 1añ (Reacondicionado),Dell,3.0,639.900,639900,Intel Core i7 1165G7,3,16gb,16.0,Windows 11 Pro,0.0,Mercado Libre,3
512GB,512.0,2026-05-02 22:58:22,e-commerce,"Notebook DELL Pro de 16“ (Ultra 5 235U, 16GB Ram, 512GB SSD, Win11 Pro)",Dell,3.0,1173990,1173990,Ultra 5 235U,0,16GB,16.0,Windows 11 Pro,0.0,NotebookStoreCL,1
512GB,512.0,2026-05-02 19:51:52,e-commerce,"Notebook Dell Inspiron 5440 N93FW Intel Core i5-1334U, 8GB RAM, 512GB SSD, Windows 11 Home, 14""",Dell,3.0,499990,499990,Intel Core i5-1334U,2,8GB,8.0,Windows 11,2.0,TodoClick.cl,2
1TB,1024.0,2026-05-02 21:59:32,e-commerce,"Notebook Dell Inspiron 5440 de 14“ (intel i5-1334U, 32GB Ram, 1TB SSD, Win11 Pro) Ice Blue Silver",Dell,3.0,899990,899990,intel i5-1334U,0,32GB,32.0,Windows 11 Pro,0.0,NotebookStoreCL,1
1TB,1024.0,2026-05-02 22:32:28,e-commerce,"Notebook Dell Pro de 14“ (Ultra 5 235U, 32GB Ram, 1TB SSD, Win11 Pro) 3 años de garantia",Dell,3.0,1299990,1299990,Ultra 5 235U,0,32GB,32.0,Windows 11 Pro,0.0,NotebookStoreCL,1
1TB,1024.0,2026-05-02 22:52:04,e-commerce,"Notebook Dell Pro de 14“ (Ultra 5 235U, 32GB Ram, 1TB SSD, Win11 Pro) 3 años de garantia",Dell,3.0,1299990,1299990,Ultra 5 235U,0,32GB,32.0,Windows 11 Pro,0.0,NotebookStoreCL,1
1TB,1024.0,2026-05-02 21:40:41,e-commerce,"Notebook Dell Latitude 3520 I5-1135G7 / 8GB RAM / 1TB HDD / W10PRO / 15.6"" (L352i5TGs81TW10P3W)",Dell,3.0,789990,789990,I5-1135G7,0,8GB,8.0,Windows 10,5.0,TodoClick.cl,2
256GB,256.0,2026-05-02 21:31:26,e-commerce,"Notebook Dell Vostro 3405 de 14“ (Ryzen 5 3450U, 8GB RAM, 256GB SSD, Win10 Pro)",Dell,3.0,404990,404990,Ryzen 5,4,8GB,8.0,Windows 10,5.0,TodoClick.cl,2
1TB,1024.0,2026-05-02 22:08:30,e-commerce,"Notebook Dell Pro de 14“ (Ultra 5 235U, 32GB Ram, 1TB SSD, Win11 Pro) 3 años de garantia",Dell,3.0,1299990,1299990,Ultra 5 235U,0,32GB,32.0,Windows 11 Pro,0.0,NotebookStoreCL,1
SSD 512 GB,512.0,2026-05-02 15:17:32,comercio electrónico,"Notebook Dell Pro 14"" PC14250 (Y5C5C) – Rendimiento profesional y movilidad",Dell,3.0,965990,965990,Intel Core Ultra 5 235U (2000 MHz - 4900 MHz),0,16 GB DDR5 (5600 MHz),16.0,Windows 11 Pro,0.0,SoloTodo,0
1TB,1024.0,2026-05-02 22:31:18,e-commerce,"Notebook Dell Pro Plus de 14“ (Ultra 7 265U, 32GB Ram, 1TB SSD, Win11 Pro) 3 años de garantía Pro Support Plus",Dell,3.0,1549990,1549990,Ultra 7 265U,0,32GB,32.0,Windows 11 Pro,0.0,NotebookStoreCL,1
1TB,1024.0,2026-05-02 22:07:53,e-commerce,"Notebook Dell Pro Plus 14“ (Ryzen 7 Pro 350, 32GB Ram, 1TB SSD, Win11 Pro) 3 Años de Garantia",Dell,3.0,1583990,1583990,Ryzen 7,1,32GB,32.0,Windows 11 Pro,0.0,NotebookStoreCL,1
512GB,512.0,2026-05-02 22:18:37,e-commerce,"Notebook Dell Inspiron 5440 de 14“ (intel i5-1334U, 32GB Ram, 512GB SSD, Win11 Pro) Ice Blue Silver",Dell,3.0,799990,799990,intel i5-1334U,0,32GB,32.0,Windows 11 Pro,0.0,NotebookStoreCL,1
512GB,512.0,2026-05-02 19:43:33,e-commerce,"Notebook DELL PRO 14""FHD Ultra 5 235U 16GB 512GB SSD W11Pro Grtia3A",Dell,3.0,"$1,024,990",1024990,Ultra 5 235U,0,16GB,16.0,Windows 11 Pro,0.0,ONEDUC,6
1TB,1024.0,2026-05-02 22:09:39,e-commerce,"Notebook Dell Inspiron 5440 de 14“ (intel i5-1334U, 32GB Ram, 1TB SSD, Win11 Pro) Ice Blue Silver",Dell,3.0,899990,899990,intel i5-1334U,0,32GB,32.0,Windows 11 Pro,0.0,NotebookStoreCL,1
1TB,1024.0,2026-05-02 22:12:43,e-commerce,"Notebook Dell Pro Plus 14“ (Ryzen 7 Pro 350, 32GB Ram, 1TB SSD, Win11 Pro) 3 Años de Garantia",Dell,3.0,1583990,1583990,Ryzen 7,1,32GB,32.0,Windows 11 Pro,0.0,NotebookStoreCL,1
256 GB,256.0,2026-05-02 15:37:38,comercio electrónico,Hyundai HyBook Plus (i5-8259U / 8 GB / 256 GB SSD) - Notebook Reacondicionada,Hyundai,16.0,289990,289990,Intel Core i5-8259U (2300 MHz - 3800 MHz),2,8 GB,8.0,Windows 10 Home,8.0,SoloTodo,0
1TB,1024.0,2026-05-02 21:46:00,e-commerce,"Notebook Dell Inspiron 5440 de 14“ (intel i5-1334U, 16GB Ram, 1TB SSD, Win11 Home) Ice Blue Silver",Dell,3.0,799990,799990,intel i5-1334U,0,16GB,16.0,Windows 11,2.0,NotebookStoreCL,1
2TB,2048.0,2026-05-02 22:00:07,e-commerce,"Notebook Dell Pro de 14“ (Ultra 5 235U, 32GB Ram, 2TB SSD, Win11 Pro) 3 años de garantia",Dell,3.0,1399990,1399990,Ultra 5 235U,0,32GB,32.0,Windows 11 Pro,0.0,NotebookStoreCL,1
1TB,1024.0,2026-05-02 22:42:05,e-commerce,"Notebook Dell Pro de 14“ (Ultra 5 235U, 16GB Ram, 1TB SSD, Win11 Pro) 3 años de garantia",Dell,3.0,1049990,1049990,Ultra 5 235U,0,16GB,16.0,Windows 11 Pro,0.0,NotebookStoreCL,1
1TB,1024.0,2026-05-02 21:53:32,e-commerce,"Notebook Dell Pro de 14“ (Ultra 5 235U, 32GB Ram, 1TB SSD, Win11 Pro) 3 años de garantia",Dell,3.0,1299990,1299990,Ultra 5 235U,0,32GB,32.0,Windows 11 Pro,0.0,NotebookStoreCL,1
SSD 512 GB,512.0,2026-05-02 15:55:03,comercio electrónico,Notebook Dell Pro 16 PC16250 (DVRC5) – Rendimiento profesional y productividad avanzada,Dell,3.0,1095386,1095386,Intel Core Ultra 5 235U (2000 MHz - 4900 MHz),0,16 GB DDR5 (5200 MHz),16.0,Windows 11 Pro,0.0,SoloTodo,0
256GB,256.0,2026-05-02 20:11:47,e-commerce,"Notebook Dell Latitude 3540, i5-1335U, 8GB RAM, 256GB SSD ,W11P, 15.6""",Dell,3.0,870990,870990,i5-1335U,0,8GB,8.0,Windows 11 Pro,0.0,TodoClick.cl,2
2TB,2048.0,2026-05-02 22:55:46,e-commerce,"Notebook Dell Pro de 14“ (Ultra 5 235U, 32GB Ram, 2TB SSD, Win11 Pro) 3 años de garantia",Dell,3.0,1399990,1399990,Ultra 5 235U,0,32GB,32.0,Windows 11 Pro,0.0,NotebookStoreCL,1
512 GB,512.0,2026-05-02 17:18:53,e-commerce,"Notebook Acer Aspire Go 15,6 Fhd 512gb / 16gb Ram Ryzen 7-7730u W11 - Pure Silver",Acer,5.0,498.827,498827,Ryzen 7-7730u,1,16gb,16.0,Windows 11,2.0,Mercado Libre,3
SSD 128 GB,128.0,2026-05-02 15:12:49,comercio electrónico,Acer Aspire Lite AL14-31P-3591-6,Acer,5.0,359990,359990,Intel Core i3-N300 (100 MHz - 3700 MHz),6,8 GB DDR5 (5200 MHz),8.0,Windows 11 Home,1.0,SoloTodo,0
SSD 1 TB,1024.0,2026-05-02 15:32:44,comercio electrónico,Notebook Acer Predator Helios Neo 16 PHN16-73-965Y-1,Acer,5.0,2299990,2299990,Intel Core Ultra 9 275HX (2100 MHz - 5400 MHz),0,32 GB DDR5 (6400 MHz),32.0,Windows 11 Home,1.0,SoloTodo,0
512 GB,512.0,2026-05-02 17:42:56,e-commerce,Notebook Acer Ryzen 7 / 20 Gb / 512 Gb /amd Radeon Plateado,Acer,5.0,749.990,749990,Ryzen 7,1,20 Gb,20.0,Windows 11 Home,1.0,Mercado Libre,3
512gb,512.0,2026-05-02 17:20:42,e-commerce,Notebook Acer Aspire Lite Al15-71p-53yc-1 Core I5 16gb 512gb Ssd 15.6 Fhd,Acer,5.0,819.990,819990,Intel Core i5 12450H,2,16gb,16.0,Windows 11 Home,1.0,Mercado Libre,3
64 GB,64.0,2026-05-02 17:48:45,e-commerce,Laptop Acer Chromebook 15.6 Intel Cel N4500 4gb 64gb Emmc Color Plateado,Acer,5.0,174.176,174176,Intel Celeron N4500,0,4gb,4.0,Chrome OS,9.0,Mercado Libre,3
128 Gb,128.0,2026-05-02 17:52:17,e-commerce,Notebook Acer Intel Core I3 / 8 Gb / 128 Gb Ssd /14',Acer,5.0,449.990,449990,Intel Core I3,6,8 Gb,8.0,Windows 11 Home,1.0,Mercado Libre,3
SSD 512 GB,512.0,2026-05-02 15:02:59,comercio electrónico,Notebook Acer Aspire Lite AL16-52P-589Y-1,Acer,5.0,604352,604352,Intel Core i5-1334U (900 MHz - 4600 MHz),2,16 GB DDR5 (4800 MHz),16.0,Windows 11 Home,1.0,SoloTodo,0
64 GB,64.0,2026-05-02 17:45:43,e-commerce,Notebook Acer Chromebook Cb315-4h-c0br Ips 15.6 Plateado,Acer,5.0,199.057,199057,Intel Intel N4500,0,4 GB,4.0,Chrome OS,9.0,Mercado Libre,3
256gb,256.0,2026-05-02 18:38:41,e-commerce,Laptop Acer Extensa 15 Amd Ryzen 5 8gb 256gb Ssd Gris,Acer,5.0,900.466,900466,Ryzen 5,4,8gb,8.0,Otro,3.0,Mercado Libre,3
512gb,512.0,2026-05-02 17:26:17,e-commerce,Notebook Aspire Al16-53p-578y-1 Ultra 5 16gb 512gb Ssd Acer,Acer,5.0,899.990,899990,Intel Ultra 5 115U,0,16gb,16.0,Windows 11 Home,1.0,Mercado Libre,3
SSD 512 GB,512.0,2026-05-02 15:01:09,comercio electrónico,Acer Nitro Lite NL16-71G-56Q8-2: Notebook Gamer de Alto Rendimiento,Acer,5.0,819990,819990,Intel Core i5-13420H (1500 MHz - 4600 MHz),2,24 GB DDR5 (4800 MHz),24.0,Windows 11 Home,1.0,SoloTodo,0
512 GB,512.0,2026-05-02 15:25:24,comercio electrónico,Notebook Acer Nitro Lite NL16-71G-50GH-1 (24 GB RAM / 512 GB SSD),Acer,5.0,999990,999990,Intel Core i5-13420H (1500 MHz - 4600 MHz),2,24 GB,24.0,Windows 11 Home,1.0,SoloTodo,0
SSD 1 TB,1024.0,2026-05-02 14:48:19,comercio electrónico,Acer Swift Go 14 SFG14-73T-75FA,Acer,5.0,649000,649000,Intel Core Ultra 7 155H (3800 MHz - 4800 MHz),0,16 GB LPDDR5 (6400 MHz),16.0,Windows 11 Home,1.0,SoloTodo,0
SSD 1 TB,1024.0,2026-05-02 14:52:36,comercio electrónico,Notebook Gamer Acer Nitro V15 ANV15-52-96J3-1,Acer,5.0,1499990,1499990,Intel Core i9-13900H (1900 MHz - 5400 MHz),7,32 GB DDR4 (3200 MHz),32.0,Windows 11 Home,1.0,SoloTodo,0
SSD 512 GB,512.0,2026-05-02 15:39:07,comercio electrónico,Acer Aspire Lite AL15-41P-CP01-1,Acer,5.0,749990,749990,AMD Ryzen 7 5700U (1800 MHz - 4300 MHz),1,8 GB DDR4 (3200 MHz),8.0,Windows 11 Home,1.0,SoloTodo,0
SSD 2 TB,2048.0,2026-05-02 15:58:53,comercio electrónico,Acer Predator Helios Neo 16 AI PHN16-73-96XM-1,Acer,5.0,2699991,2699991,Intel Core Ultra 9 275HX (2100 MHz - 5400 MHz),0,32 GB DDR5 (6400 MHz),32.0,Windows 11 Home,1.0,SoloTodo,0
SSD 512 GB,512.0,2026-05-02 14:44:49,comercio electrónico,Notebook Acer Nitro Lite NL16-71G-56Q8-1,Acer,5.0,819990,819990,Intel Core i5-13420H (1500 MHz - 4600 MHz),2,16 GB DDR5 (4800 MHz),16.0,Windows 11 Home,1.0,SoloTodo,0
512gb,512.0,2026-05-02 17:22:30,e-commerce,Notebook Acer Intel Core I3/8gb Ram/512gb Ssd Color Gris,Acer,5.0,699.990,699990,Intel Core I3,6,8gb,8.0,Windows 11 Home,1.0,Mercado Libre,3
SSD 512 GB,512.0,2026-05-02 14:50:38,comercio electrónico,Notebook Acer Nitro V15 ANV15-52-73S9-1,Acer,5.0,1249990,1249990,Intel Core i7-13620H (2400 MHz - 4900 MHz),3,24 GB DDR4 (3200 MHz),24.0,Windows 11 Home,1.0,SoloTodo,0
512 GB,512.0,2026-05-02 17:12:31,e-commerce,Notebook Gamer Acer Nitro Nl16-71g-50gh-1 i5 16gb 512gb Rtx 4050 16 Wuxga Negro,Acer,5.0,1.199.990,1199990,Intel Core i5 13420H,2,16gb,16.0,Windows 11 Home,1.0,Mercado Libre,3
SSD 512 GB,512.0,2026-05-02 15:29:43,comercio electrónico,Acer Nitro Lite NL16-71G-50GH-2: Notebook Gamer de Alto Rendimiento,Acer,5.0,979990,979990,Intel Core i5-13420H (1500 MHz - 4600 MHz),2,24 GB DDR5 (4800 MHz),24.0,Windows 11 Home,1.0,SoloTodo,0
512GB SSD PCIe NVMe M.2,512.0,2026-05-02 19:40:34,e-commerce,Notebook Acer NITRO V 15 ANV15-51-51H9 GAMING,Acer,5.0,$849.990,849990,Intel Core i5-13420H,2,16GB DDR5 SDRAM,16.0,Windows 11,2.0,SMARTDEAL,4
512 GB,512.0,2026-05-02 17:13:23,e-commerce,Notebook Aspire Lite AL15-41P-R5JR-1 Silver 512 GB SSD Acer,Acer,5.0,679.990,679990,AMD Ryzen,0,12 GB,12.0,Windows 11 Home,1.0,Mercado Libre,3
SSD 512 GB,512.0,2026-05-02 15:51:53,comercio electrónico,Notebook Acer Aspire Lite AL15-71P-53YC-1,Acer,5.0,619990,619990,Intel Core i5-12450H (1500 MHz - 4400 MHz),2,16 GB DDR5 (4800 MHz),16.0,Windows 11 Home,1.0,SoloTodo,0
512gb,512.0,2026-05-02 18:12:55,e-commerce,Notebook Acer Aspire Lite Ryzen 7 32gb Ram 512gb Ssd 15.6,Acer,5.0,549.874,549874,Ryzen 7,1,32gb,32.0,Windows 11 Home,1.0,Mercado Libre,3
512gb,512.0,2026-05-02 17:24:21,e-commerce,Notebook Aspire Al14-31p-31th-1 Core I3 16gb 512gb Ssd 14 Wuxga Acer,Acer,5.0,649.990,649990,Intel Core i3 N300,6,16gb,16.0,Windows 11 Home,1.0,Mercado Libre,3
512GB SSD,512.0,2026-05-02 19:43:22,e-commerce,Notebook Acer Nitro V 15 ANV15-51-73B9,Acer,5.0,$ 999.990,999990,Intel Core i7-13620H,3,16 GB,16.0,Windows 11,2.0,PORTATILCHILE,9
SSD 512 GB,512.0,2026-05-02 14:58:31,comercio electrónico,Notebook Acer Aspire Lite AL14-31P-31TH-1,Acer,5.0,509990,509990,Intel Core i3-N300 (100 MHz - 3700 MHz),6,16 GB DDR5 (5200 MHz),16.0,Windows 11 Home,1.0,SoloTodo,0
SSD 2 TB,2048.0,2026-05-02 15:24:16,comercio electrónico,Acer Predator Helios Neo 16 AI PHN16-73-96XM,Acer,5.0,2699990,2699990,Intel Core Ultra 9 275HX (2100 MHz - 5400 MHz),0,32 GB DDR5 (6400 MHz),32.0,Windows 11 Home,1.0,SoloTodo,0
128 GB,128.0,2026-05-02 17:08:04,e-commerce,"Notebook Acer Al14-31p-3591-6 Intel Core I3 Ram 8gb 128 ssd 14""",Acer,5.0,569.990,569990,Intel Core I3,6,8gb,8.0,Windows 11 Home,1.0,Mercado Libre,3
512 GB,512.0,2026-05-02 17:14:32,e-commerce,Notebook Gamer Nitro V15 ANV15-52-96J3-1 Rtx 5060 32 Gb Acer,Acer,5.0,1.849.990,1849990,Intel Core i9 13900H,7,32 Gb,32.0,Windows 11 Home,1.0,Mercado Libre,3
SSD 1 TB,1024.0,2026-05-02 15:12:25,comercio electrónico,Acer Nitro V15 ANV15-52-96J3-1 – Notebook Gamer de Alto Rendimiento,Acer,5.0,1579990,1579990,Intel Core i9-13900H (1900 MHz - 5400 MHz),7,32 GB DDR4 (3200 MHz),32.0,Windows 11 Home,1.0,SoloTodo,0
SSD 1 TB,1024.0,2026-05-02 16:12:27,comercio electrónico,Notebook Acer Predator Helios Neo 16 PHN16-73-965Y-1,Acer,5.0,2299990,2299990,Intel Core Ultra 9 275HX (2100 MHz - 5400 MHz),0,32 GB DDR5 (6400 MHz),32.0,Windows 11 Home,1.0,SoloTodo,0
512 GB,512.0,2026-05-02 18:02:22,e-commerce,Notebook Acer Intel Ultra 5 / 16 Gb Ram/ 512 Ssd /16' Fhd,Acer,5.0,899.990,899990,Intel Ultra 5 115U,0,16 Gb,16.0,Windows 11 Home,1.0,Mercado Libre,3
512gb,512.0,2026-05-02 17:47:10,e-commerce,Acer Aspire Lite Al15-41p Ryzen 7 16gb 512gb Ssd 15.6 Fhd,Acer,5.0,749.990,749990,Ryzen 7,1,16gb,16.0,Windows 11 Home,1.0,Mercado Libre,3
512gb,512.0,2026-05-02 17:20:32,e-commerce,Notebook Acer AL15-41P-R0ZY-1 32gb 512gb Ssd 15.6 Pulgadas Color Gris,Acer,5.0,729.990,729990,AMD Ryzen 7 5700U,1,32gb,32.0,Windows 11 Home,1.0,Mercado Libre,3
256 GB,256.0,2026-05-02 18:15:30,e-commerce,Notebook Acer Swift 3 Core I5 11th/8 Gb/14 Fhd,Acer,5.0,389.741,389741,Intel Core i5 1135G7,2,8 Gb,8.0,Windows 11 Home,1.0,Mercado Libre,3
SSD 512 GB,512.0,2026-05-02 15:52:11,comercio electrónico,Acer Nitro 5 (AN515-55-73U7) - Notebook Gamer y de Uso Doméstico,Acer,5.0,850000,850000,Intel Core i7-10750H (2600 MHz - 5000 MHz),3,16 GB DDR4 (3200 MHz),16.0,Windows 10 Home,8.0,SoloTodo,0
SSD 512 GB,512.0,2026-05-02 15:33:24,comercio electrónico,Acer Aspire Lite AL15-41P-R5JR-1,Acer,5.0,489990,489990,AMD Ryzen 5 5500U (2100 MHz - 4000 MHz),4,12 GB DDR4 (3200 MHz),12.0,Windows 11 Home,1.0,SoloTodo,0
512 GB,512.0,2026-05-02 17:29:09,e-commerce,Notebook Acer Nitro V15 Gamer Intel Core i7 13620H 16gb 512gb Rtx 5050 15.6 Fhd Negro Anv15-52-73s9-1,Acer,5.0,1.499.990,1499990,Intel Core i7,3,16gb,16.0,Windows 11 Home,1.0,Mercado Libre,3
256 Gb,256.0,2026-05-02 18:13:05,e-commerce,Notebook Acer Intel Core I3 / 8gb Ram / 256 Gb Ssd / 14',Acer,5.0,499.990,499990,Intel Core I3,6,8gb,8.0,Windows 11 Home,1.0,Mercado Libre,3
SSD 512 GB,512.0,2026-05-02 15:18:29,comercio electrónico,Notebook Acer Aspire Lite AL15-72P-79W5-1,Acer,5.0,709990,709990,Intel Core i7-13620H (2400 MHz - 4900 MHz),3,16 GB DDR5 (4800 MHz),16.0,Windows 11 Home,1.0,SoloTodo,0
SSD 512 GB,512.0,2026-05-02 15:01:51,comercio electrónico,Notebook Acer Aspire Lite AL16-51P-71WK-1,Acer,5.0,619990,619990,Intel Core i7-1255U (1200 MHz - 4700 MHz),3,16 GB DDR5 (5200 MHz),16.0,Windows 11 Home,1.0,SoloTodo,0
SSD 512 GB,512.0,2026-05-02 15:18:34,comercio electrónico,Notebook Acer Aspire Lite AL16-53P-578Y-2,Acer,5.0,649990,649990,Intel Core Ultra 5 115U (1500 MHz - 4200 MHz),0,32 GB DDR5 (4800 MHz),32.0,Windows 11 Home,1.0,SoloTodo,0
512GB,512.0,2026-05-02 12:55:36,e-commerce,Acer Nitro V 15 ANV15-42-R50C-2 AMD Ryzen 7 | RTX 4050 (6GB) | 32GB RAM | 512GB SSD [NH.QPDAL.001.1] - Semi Nuevo,Acer,5.0,$1.099.990 CLP,1099990,Ryzen 7,1,32GB,32.0,Windows 11 Home,1.0,ZTECH.CL,11
512 GB,512.0,2026-05-02 17:21:59,e-commerce,"Notebook Gamer Acer 16"" Nitro Lite Nl16-71g-56q8-2 512ssd 24gb RTX 3050",Acer,5.0,999.990,999990,Intel Core i5 13420H,2,24gb,24.0,Windows 11 Home,1.0,Mercado Libre,3
512 Gb,512.0,2026-05-02 17:43:16,e-commerce,Notebook Acer Ryzen 5 /8 Gb /512 Gb Ssd /15'6 Fhd,Acer,5.0,599.990,599990,Ryzen 5,4,8 Gb,8.0,Windows 11 Home,1.0,Mercado Libre,3
SSD 512 GB,512.0,2026-05-02 14:51:57,comercio electrónico,Acer Aspire Lite AL15-41P-R0ZY-1,Acer,5.0,581990,581990,AMD Ryzen 7 5700U (1800 MHz - 4300 MHz),1,16 GB DDR4 (3200 MHz),16.0,Windows 11 Home,1.0,SoloTodo,0
512 GB,512.0,2026-05-02 17:52:48,e-commerce,Notebook Acer 15'6 + Ryzen 7 + 8 Gb Ram + 512 Ssd,Acer,5.0,699.990,699990,Ryzen 7,1,8 Gb,8.0,Windows 11 Home,1.0,Mercado Libre,3
SSD 1 TB,1024.0,2026-05-02 15:04:46,comercio electrónico,Acer Predator Helios Neo 16S AI PHN16S-71-98RF,Acer,5.0,2299000,2299000,Intel Core Ultra 9 275HX (2100 MHz - 5400 MHz),0,32 GB DDR5 (6400 MHz),32.0,Windows 11 Home,1.0,SoloTodo,0
SSD 512 GB,512.0,2026-05-02 15:09:59,comercio electrónico,Acer Aspire Vero AV14-51-54B9-1,Acer,5.0,365000,365000,Intel Core i5-1235U (900 MHz - 4400 MHz),2,8 GB LPDDR4X (4266 MHz),8.0,Windows 11 Home,1.0,SoloTodo,0
SSD 512 GB,512.0,2026-05-02 14:43:08,comercio electrónico,Notebook Acer Nitro Lite 16 NL16-71G-50GH-1,Acer,5.0,869990,869990,Intel Core i5-13420H (1500 MHz - 4600 MHz),2,16 GB DDR5 (4800 MHz),16.0,Windows 11 Home,1.0,SoloTodo,0
512GB,512.0,2026-05-02 15:18:25,comercio electrónico,"Notebook Acer Aspire Lite AL15-41P-R0ZY-3 15.6"" (Ryzen 7 5700U, 16GB RAM, 512GB SSD, Radeon Graphics, Windows 11)",Acer,5.0,599990,599990,Ryzen 7,1,16GB,16.0,Windows 11,2.0,SoloTodo,0
512 GB,512.0,2026-05-02 17:16:55,e-commerce,Notebook Acer 15'6 Intel Core I7 / 24gb Ram/512 Ssd/ Rtx5050 Negro,Acer,5.0,1.499.990,1499990,Intel Core I7,3,24gb,24.0,Windows 11 Home,1.0,Mercado Libre,3
512gb,512.0,2026-05-02 17:13:03,e-commerce,"Notebook gamer Aspire Lite AL15-72P-79W5-1 15.6"" Core I7 16gb 512gb Ssd color Gris",Acer,5.0,879.990,879990,Intel Core i7 13620H,3,16gb,16.0,Windows 11 Home,1.0,Mercado Libre,3
SSD 512 GB,512.0,2026-05-02 14:57:37,comercio electrónico,Notebook Acer Aspire 14 A14-52MT-59PE,Acer,5.0,899990,899990,Intel Core Ultra 5 226V (2100 MHz - 4500 MHz),0,16 GB LPDDR5X (8533 MHz),16.0,Windows 11 Home,1.0,SoloTodo,0
SSD 512 GB,512.0,2026-05-02 15:16:26,comercio electrónico,Acer Aspire Lite AL15-41P-R5JR-2,Acer,5.0,439990,439990,AMD Ryzen 5 5500U (2100 MHz - 4000 MHz),4,8 GB DDR4 (3200 MHz),8.0,Windows 11 Home,1.0,SoloTodo,0
SSD 512 GB,512.0,2026-05-02 14:45:53,comercio electrónico,Notebook Acer Aspire Lite AL15-41P-R0ZY-1,Acer,5.0,549990,549990,AMD Ryzen 7 5700U (1800 MHz - 4300 MHz),1,32 GB DDR4 (3200 MHz),32.0,Windows 11 Home,1.0,SoloTodo,0
SSD 512 GB,512.0,2026-05-02 15:11:26,comercio electrónico,Notebook Acer Aspire Lite AL15-43P-R3UW-5,Acer,5.0,629990,629990,AMD Ryzen 7 5825U (2000 MHz - 4500 MHz),1,20 GB DDR4 (3200 MHz),20.0,Windows 11 Home,1.0,SoloTodo,0
1 TB SSD,1024.0,2026-05-02 19:40:29,e-commerce,Notebook Acer Predator Helios Neo 16S AI PHN16S-71-91AW GAMING,Acer,5.0,$1.799.990,1799990,Intel Core Ultra 9 275HX,0,16 GB,16.0,Windows 11 Home,1.0,SMARTDEAL,4
512gb,512.0,2026-05-02 17:52:06,e-commerce,Notebook Acer Aspire Al14-31p-31th-1 Core I3 16gb 512gb Ssd 14 Wuxga - Bueno (Reacondicionado),Acer,5.0,359.990,359990,Intel Core i3 N300,6,16gb,16.0,Windows 11 Home,1.0,Mercado Libre,3
512 GB,512.0,2026-05-02 17:35:27,e-commerce,Acer 16 24gb Ram 512gb Rtx 4050 Nitro Lite Nl16-71g-50gh-1,Acer,5.0,1.219.990,1219990,Intel Core i5 13420H,2,24gb,24.0,Windows 11 Home,1.0,Mercado Libre,3
512GB,512.0,2026-05-02 20:22:57,e-commerce,"Notebook Asus ExpertBook B5 B5302 i7-1195G7 16GB Ram, 512GB SSD W10P",Asus,1.0,1554990,1554990,i7-1195G7,0,16GB,16.0,Windows 10,5.0,TodoClick.cl,2
512GB,512.0,2026-05-02 22:19:28,e-commerce,"Notebook Asus ExpertBook B1 de 15.6“ (Ultra 5 120U, 16GB Ram, 512GB SSD, Win11 Pro)",Asus,1.0,679990,679990,Ultra 5 120U,0,16GB,16.0,Windows 11 Pro,0.0,NotebookStoreCL,1
SSD 1 TB,1024.0,2026-05-02 15:25:49,comercio electrónico,ASUS Zenbook 14 OLED UX3405CA-SU940W,Asus,1.0,1629990,1629990,Intel Core Ultra 9 285H (4500 MHz - 5400 MHz),0,32 GB LPDDR5X (7467 MHz),32.0,Windows 11 Home,1.0,SoloTodo,0
SSD 1 TB,1024.0,2026-05-02 15:04:32,comercio electrónico,ASUS ProArt PX13 GoPro Edition HN7306EAC-LX048W,Asus,1.0,3249990,3249990,AMD Ryzen AI Max+ 395 (3000 MHz - 5100 MHz),4,128 GB LPDDR5X (8000 MHz),128.0,Windows 11 Home,1.0,SoloTodo,0
240 GB,240.0,2026-05-02 18:24:42,e-commerce,Notebook Acer P259 G2 I5-7200u 8gb 240gb Grado A (Reacondicionado),Acer,5.0,259.990,259990,Intel I5 7200U,2,8gb,8.0,Windows 10 Pro,7.0,Mercado Libre,3
512 GB,512.0,2026-05-02 19:45:57,e-commerce,"ASUS B1503CVA-S75898X - Notebook - 15.6"" - Intel Core I5 120U - 16 GB DDR5 - 512 GB - Intel Graphics - Windows 11 Pro",Asus,1.0,$903.399,903399,Intel Core I5,2,16 GB,16.0,Windows 11 Pro,0.0,MYSHOP,13
512GB,512.0,2026-05-02 21:02:07,e-commerce,"Notebook Asus ExpertBook B1402CBA-BV0147W I5-1235U, 8GB Ram, 512GB SSD, W11P, 14""",Asus,1.0,727990,727990,I5-1235U,0,8GB,8.0,Windows 11 Pro,0.0,TodoClick.cl,2
1tb,1024.0,2026-05-02 17:23:01,e-commerce,"Notebook Asus Vivobook 14 Flip, Intel U7 16gb Ram 1tb Ssd touch 360",Asus,1.0,1.639.990,1639990,Intel Core Ultra 7 Ultra 7 Processor 256V,0,16gb,16.0,Otro,3.0,Mercado Libre,3
512GB,512.0,2026-05-02 19:45:48,e-commerce,Notebook ASUS ExpertBook B1 Intel Core 5 210H 16GB 512GB SSD 15.6 FHD Windows 11 Pro B1503CVA,Asus,1.0,$889.990,889990,Intel Core 5 210H,0,16GB,16.0,Windows 11 Pro,0.0,TECHRELOAD,12
1TB,1024.0,2026-05-02 22:56:20,e-commerce,"Notebook Asus ExpertBook de 14“ (Intel Core i5-13420H, 32GB Ram, 1TB SSD, Win11 Pro)",Asus,1.0,999990,999990,Intel Core i5-13420H,2,32GB,32.0,Windows 11 Pro,0.0,NotebookStoreCL,1
SSD 512 GB,512.0,2026-05-02 16:11:25,comercio electrónico,ASUS VivoBook 14 X1404VA-EB1440W,Asus,1.0,609990,609990,Intel Core 5-120U (900 MHz - 5000 MHz),0,8 GB DDR4 (3200 MHz),8.0,Windows 11 Home,1.0,SoloTodo,0
1TB,1024.0,2026-05-02 21:47:01,e-commerce,"Notebook Asus ExpertBook P1 de 14“ (intel i7-13620H, 32GB Ram, 1TB SSD, Win11 Pro)",Asus,1.0,1099990,1099990,intel i7-13620H,0,32GB,32.0,Windows 11 Pro,0.0,NotebookStoreCL,1
512GB,512.0,2026-05-02 22:55:30,e-commerce,"Notebook Asus ExpertBook B1 de 15.6“ (Ultra 5 120U, 16GB Ram, 512GB SSD, Win11 Pro)",Asus,1.0,679990,679990,Ultra 5 120U,0,16GB,16.0,Windows 11 Pro,0.0,NotebookStoreCL,1
1TB,1024.0,2026-05-02 17:28:28,e-commerce,Notebook Asus Zenbook S16 Amd Ryzen 9 IA 32gb Ram 1TB SSD Oled,Asus,1.0,2.119.990,2119990,Ryzen 9,8,32gb,32.0,Windows 11 Home,1.0,Mercado Libre,3
1TB,1024.0,2026-05-02 22:27:51,e-commerce,"Notebook Asus ExpertBook B1 de 14“ (Ryzen 7-170, 16GB Ram, 1TB SSD, Win11 Pro)",Asus,1.0,979990,979990,Ryzen 7-170,1,16GB,16.0,Windows 11 Pro,0.0,NotebookStoreCL,1
SSD 1 TB,1024.0,2026-05-02 15:26:45,comercio electrónico,"Notebook ASUS ExpertBook B9 OLED 14"" (B9403CVA-KM0150X)",Asus,1.0,1869990,1869990,Intel Core i7-1355U (1700 MHz - 5000 MHz),3,32 GB LPDDR5X (4266 MHz),32.0,Windows 11 Pro,0.0,SoloTodo,0
1TB,1024.0,2026-05-02 19:36:16,e-commerce,"Notebook AI PC Zenbook 14 Intel Ultra 7-255H 14"" OLED 120Hz 16GB 1TB SSD...",Asus,1.0,999990,999990,Intel Ultra 7-255H,0,16GB,16.0,Otro,3.0,PC Factory,5
1TB,1024.0,2026-05-02 21:02:28,e-commerce,"Notebook Asus ProArt Studiobook 16 OLED, I9-12900H, 1TB SSD, 32GB RAM, W11P, 16""",Asus,1.0,3530990,3530990,I9-12900H,0,32GB,32.0,Windows 11 Pro,0.0,TodoClick.cl,2
512GB,512.0,2026-05-02 22:50:36,e-commerce,"Notebook Asus ExpertBook de 14“ (Intel i5-13420H, 16GB Ram, 512GB SSD, Win11 Pro)",Asus,1.0,712990,712990,Intel i5-13420H,2,16GB,16.0,Windows 11 Pro,0.0,NotebookStoreCL,1
512GB,512.0,2026-05-02 20:17:28,e-commerce,"Notebook Asus VivoBook 14 X1404ZA-NK030W i5-1235U, 8GB Ram, 512GB SSD, 14"", W11H",Asus,1.0,765990,765990,i5-1235U,0,8GB,8.0,Windows 11,2.0,TodoClick.cl,2
SSD 512 GB,512.0,2026-05-02 14:43:21,comercio electrónico,ASUS TUF Gaming F16 FX607VJB-RL112W,Asus,1.0,799990,799990,Intel Core 5-210H (1600 MHz - 4800 MHz),0,8 GB DDR4 (3200 MHz),8.0,Windows 11 Home,1.0,SoloTodo,0
1tb,1024.0,2026-05-02 18:41:11,e-commerce,Notebook Rog Flow Z13 Amd Ryzen Ai Max 390 32gb Ram 1tb Ssd Pantalla Táctil,Asus,1.0,2.899.990,2899990,AMD AI MAX 390,0,32gb,32.0,Windows 11 Home,1.0,Mercado Libre,3
512GB,512.0,2026-05-02 19:45:48,e-commerce,"Notebook ASUS ExpertBook P1 Intel Core 5 210H 16GB 512GB SSD 14"" FHD Windows 11 Pro P1403CVA-S61407X",Asus,1.0,$839.990,839990,Intel Core 5 210H,0,16GB,16.0,Windows 11 Pro,0.0,TECHRELOAD,12
1TB,1024.0,2026-05-02 22:18:20,e-commerce,"Notebook Asus ExpertBook B1 de 14“ (Ryzen 7-170, 16GB Ram, 1TB SSD, Win11 Pro)",Asus,1.0,979990,979990,Ryzen 7-170,1,16GB,16.0,Windows 11 Pro,0.0,NotebookStoreCL,1
SSD 512 GB,512.0,2026-05-02 14:57:32,comercio electrónico,ASUS VivoBook Go 15 OLED E1504FA-NJ695W,Asus,1.0,499990,499990,AMD Ryzen 5 7520U (2800 MHz - 4300 MHz),1,8 GB LPDDR5 (5500 MHz),8.0,Windows 11 Home,1.0,SoloTodo,0
512GB,512.0,2026-05-02 21:56:54,e-commerce,"Notebook Asus ExpertBook de 14“ (Intel i5-13420H, 16GB Ram, 512GB SSD, Win11 Pro)",Asus,1.0,712990,712990,Intel i5-13420H,2,16GB,16.0,Windows 11 Pro,0.0,NotebookStoreCL,1
512GB,512.0,2026-05-02 22:03:30,e-commerce,"Notebook Asus ExpertBook B1 de 14“ (Ryzen 7-170, 16GB Ram, 512GB SSD, Win11 Pro)",Asus,1.0,859990,859990,Ryzen 7-170,1,16GB,16.0,Windows 11 Pro,0.0,NotebookStoreCL,1
512gb,512.0,2026-05-02 17:37:14,e-commerce,Notebook Asus Vivobook 15 Intel Core 5 8gb Ram 512gb Ssd 15.6,Asus,1.0,739.990,739990,Intel Intel Core 5 120U,0,8gb,8.0,Windows 11 Home,1.0,Mercado Libre,3
1TB,1024.0,2026-05-02 22:31:09,e-commerce,"Notebook Asus Expertbook B3 de 14“ (Ultra 7 155H, 32GB Ram, 1TB SSD, Win11 Pro)",Asus,1.0,1069990,1069990,Ultra 7 155H,0,32GB,32.0,Windows 11 Pro,0.0,NotebookStoreCL,1
SSD 1 TB,1024.0,2026-05-02 15:34:40,comercio electrónico,"ASUS ExpertBook B1 B1403CVA-S65649X – Notebook Empresarial de 14"" con Intel Core i7",Asus,1.0,799990,799990,Intel Core i7,3,16 GB DDR5 (4800 MHz),16.0,Windows 11 Pro,0.0,SoloTodo,0
512GB,512.0,2026-05-02 21:59:49,e-commerce,"Notebook Asus ExpertBook B1 de 15.6“ (Ultra 5 120U, 16GB Ram, 512GB SSD, Win11 Pro)",Asus,1.0,679990,679990,Ultra 5 120U,0,16GB,16.0,Windows 11 Pro,0.0,NotebookStoreCL,1
1TB,1024.0,2026-05-02 23:01:05,e-commerce,"Notebook Asus ExpertBook de 14“ (Intel Core i5-13420H, 16GB Ram, 1TB SSD, Win11 Pro)",Asus,1.0,849990,849990,Intel Core i5-13420H,2,16GB,16.0,Windows 11 Pro,0.0,NotebookStoreCL,1
512GB,512.0,2026-05-02 17:35:46,e-commerce,Notebook ROG Strix G16 AMD Ryzen 9 16GB RAM 512GB SSD RTX 5050 16'',Asus,1.0,2.189.990,2189990,Ryzen 9,8,16GB,16.0,Windows 11 Home,1.0,Mercado Libre,3
1TB,1024.0,2026-05-02 12:36:37,e-commerce,"Notebook ASUS ExpertBook P5 Core Ultra 7 32GB 1TB SSD 14"" WQXGA",Asus,1.0,$1.619.699,1619699,Intel Core Ultra 7 258V,0,32GB,32.0,Windows 11 Pro,0.0,FSNSTORE.CL,8
512GB,512.0,2026-05-02 21:10:56,e-commerce,"Notebook Gamer Asus ROG Strix G15 AMD Ryzen 9 6900HX, RTX 3050, 16GB Ram, 512GB SSD, 15.6"", W11H",Asus,1.0,1578990,1578990,Ryzen 9,8,16GB,16.0,Windows 11,2.0,TodoClick.cl,2
512GB,512.0,2026-05-02 21:01:46,e-commerce,"Notebook Asus B1402CBA-NK1445X I5-1235U, 8GB Ram, 512GB SSD, W11P, 14""",Asus,1.0,841990,841990,I5-1235U,0,8GB,8.0,Windows 11 Pro,0.0,TodoClick.cl,2
1TB,1024.0,2026-05-02 22:04:06,e-commerce,"Notebook Asus ExpertBook B1 de 14“ (Ryzen 7-170, 64GB Ram, 1TB SSD, Win11 Pro)",Asus,1.0,1499990,1499990,Ryzen 7-170,1,64GB,64.0,Windows 11 Pro,0.0,NotebookStoreCL,1
1TB,1024.0,2026-05-02 22:49:46,e-commerce,"Notebook Asus ExpertBook de 14“ (Intel Core i5-13420H, 64GB Ram, 1TB SSD, Win11 Pro)",Asus,1.0,1099990,1099990,Intel Core i5-13420H,2,64GB,64.0,Windows 11 Pro,0.0,NotebookStoreCL,1
1TB,1024.0,2026-05-02 21:56:02,e-commerce,"Notebook Asus ExpertBook de 14“ (Intel Core i5-13420H, 64GB Ram, 1TB SSD, Win11 Pro)",Asus,1.0,1099990,1099990,Intel Core i5-13420H,2,64GB,64.0,Windows 11 Pro,0.0,NotebookStoreCL,1
1TB,1024.0,2026-05-02 19:55:55,e-commerce,"Notebook Asus ExpertBook B5 14"" Intel Core Ultra 7 255H 32GB Ram, 1TB SSD, W11P",Asus,1.0,1452990,1452990,Intel Core Ultra 7 255H,0,32GB,32.0,Windows 11 Pro,0.0,TodoClick.cl,2
SSD 512 GB,512.0,2026-05-02 14:58:04,comercio electrónico,ASUS TUF Gaming A15 FA507NVR-LP005W,Asus,1.0,1210990,1210990,AMD Ryzen 7 7435HS (3100 MHz - 4500 MHz),1,16 GB DDR5 (4800 MHz),16.0,Windows 11 Home,1.0,SoloTodo,0
512gb,512.0,2026-05-02 18:41:00,e-commerce,Asus Fx517z Notebook Intel Core I7 512gb Ssd Windows 11 Home (Nuevo con caja abierta),Asus,1.0,890.900,890900,Intel Core I7,3,DDR4 16 GB,16.0,Windows 11,2.0,Mercado Libre,3
1TB,1024.0,2026-05-02 22:00:24,e-commerce,"Notebook Asus ExpertBook de 14“ (Intel Core i5-13420H, 16GB Ram, 1TB SSD, Win11 Pro)",Asus,1.0,849990,849990,Intel Core i5-13420H,2,16GB,16.0,Windows 11 Pro,0.0,NotebookStoreCL,1
1TB,1024.0,2026-05-02 22:36:03,e-commerce,"Notebook Asus Expertbook B3 de 14“ (Ultra 7 155H, 32GB Ram, 1TB SSD, Win11 Pro)",Asus,1.0,1069990,1069990,Ultra 7 155H,0,32GB,32.0,Windows 11 Pro,0.0,NotebookStoreCL,1
1TB,1024.0,2026-05-02 22:44:29,e-commerce,"Notebook Asus ExpertBook de 14“ (Intel Core i5-13420H, 32GB Ram, 1TB SSD, Win11 Pro)",Asus,1.0,999990,999990,Intel Core i5-13420H,2,32GB,32.0,Windows 11 Pro,0.0,NotebookStoreCL,1
SSD 512 GB,512.0,2026-05-02 16:01:34,comercio electrónico,"ASUS TUF Gaming F15 FX507ZC4-HN056W – Notebook Gamer 15.6"" FHD 144Hz",Asus,1.0,999990,999990,Intel Core i5-12500H (1800 MHz - 4500 MHz),2,8 GB DDR4 (3200 MHz),8.0,Windows 11 Home,1.0,SoloTodo,0
SSD 512 GB,512.0,2026-05-02 14:44:20,comercio electrónico,ASUS VivoBook Go 15 E1504FA-BQ2289W,Asus,1.0,509990,509990,AMD Ryzen 5 7533HS (3300 MHz - 4400 MHz),1,8 GB DDR4 (3200 MHz),8.0,Windows 11 Home,1.0,SoloTodo,0
1TB,1024.0,2026-05-02 21:14:37,e-commerce,"Notebook Asus ExpertBook B9 OLED i7-1355U, 1TB SSD, 32GB Ram, W11Pro, 14""",Asus,1.0,2499990,2499990,i7-1355U,0,32GB,32.0,Windows 11 Pro,0.0,TodoClick.cl,2
1TB,1024.0,2026-05-02 22:45:23,e-commerce,"Notebook Asus Expertbook B3 de 14“ (Ultra 7 155H, 16GB Ram, 1TB SSD, Win11 Pro)",Asus,1.0,900990,900990,Ultra 7 155H,0,16GB,16.0,Windows 11 Pro,0.0,NotebookStoreCL,1
256 GB,256.0,2026-05-02 17:38:36,e-commerce,Notebook Asus Vivobook Go 14 e1404g Windows 11,Asus,1.0,569.990,569990,Intel Core i3 i3-N305,6,8 GB,8.0,Windows 11,2.0,Mercado Libre,3
SSD 1 TB,1024.0,2026-05-02 15:12:20,comercio electrónico,ASUS ROG Strix G16 G614PM-S5100W – Notebook Gamer de Alto Rendimiento,Asus,1.0,1999990,1999990,AMD Ryzen 9 8940HX (2400 MHz - 5300 MHz),4,32 GB DDR5 (5200 MHz),32.0,Windows 11 Home,1.0,SoloTodo,0
1TB,1024.0,2026-05-02 20:00:35,e-commerce,"Notebook Asus ExpertBook P1 i5-13420H, 16GB Ram, 1TB SSD, W11Pro, 14"" FHD",Asus,1.0,649990,649990,i5-13420H,0,16GB,16.0,Windows 11 Pro,0.0,TodoClick.cl,2
SSD 512 GB,512.0,2026-05-02 15:35:19,comercio electrónico,ASUS ExpertBook P1 P1403CVA: Notebook Empresarial Compacto y Potente,Asus,1.0,857449,857449,Intel Core 5-210H (1600 MHz - 4800 MHz),0,16 GB DDR5 (4800 MHz),16.0,Windows 11 Pro,0.0,SoloTodo,0
SSD 1 TB,1024.0,2026-05-02 15:37:24,comercio electrónico,ASUS VivoBook 15 F1502VA-NS96,Asus,1.0,699500,699500,Intel Core i9-13900HK (2600 MHz - 5400 MHz),7,16 GB DDR4 (2133 MHz),16.0,Windows 11 Home,1.0,SoloTodo,0
512GB,512.0,2026-05-02 22:24:09,e-commerce,"Notebook Asus ExpertBook B1 de 15.6“ (Ultra 5 120U, 16GB Ram, 512GB SSD, Win11 Pro)",Asus,1.0,679990,679990,Ultra 5 120U,0,16GB,16.0,Windows 11 Pro,0.0,NotebookStoreCL,1
SSD 512 GB,512.0,2026-05-02 14:57:42,comercio electrónico,Notebook ASUS VivoBook Go 14 E1404FA-NK542W,Asus,1.0,599990,599990,AMD Ryzen 5 7520U (2800 MHz - 4300 MHz),1,16 GB LPDDR5 (3200 MHz),16.0,Windows 11 Home,1.0,SoloTodo,0
1TB,1024.0,2026-05-02 22:34:26,e-commerce,"Notebook Asus ExpertBook de 14“ (Intel Core i5-13420H, 16GB Ram, 1TB SSD, Win11 Pro)",Asus,1.0,849990,849990,Intel Core i5-13420H,2,16GB,16.0,Windows 11 Pro,0.0,NotebookStoreCL,1
1 TB SSD,1024.0,2026-05-02 19:41:33,e-commerce,Notebook Asus VivoBook 17XK3704VA-DS96,Asus,1.0,$699.990,699990,Intel Core i9-13900H de 13.ª generación,7,16 GB,16.0,Windows 11,2.0,SMARTDEAL,4
1TB,1024.0,2026-05-02 22:01:27,e-commerce,"Notebook Asus Expertbook B3 de 14“ (Ultra 7 155H, 16GB Ram, 1TB SSD, Win11 Pro)",Asus,1.0,900990,900990,Ultra 7 155H,0,16GB,16.0,Windows 11 Pro,0.0,NotebookStoreCL,1
SSD 512 GB,512.0,2026-05-02 15:00:25,comercio electrónico,Asus Vivobook 15 X1502VA-NJ849W,Asus,1.0,549990,549990,Intel Core i7-13620H (2400 MHz - 4900 MHz),3,12 GB DDR4 (3200 MHz),12.0,Windows 11 Home,1.0,SoloTodo,0
512GB,512.0,2026-05-02 21:49:45,e-commerce,"Notebook Asus ExpertBook de 14“ (Intel i5-13420H, 64GB Ram, 512GB SSD, Win11 Pro)",Asus,1.0,989990,989990,Intel i5-13420H,2,64GB,64.0,Windows 11 Pro,0.0,NotebookStoreCL,1
1TB,1024.0,2026-05-02 17:23:31,e-commerce,"Notebook ASUS Zenbook A14 Snapdragon X X1 26 100 32GB RAM 1TB SSD 14""",Asus,1.0,1.549.990,1549990,Qualcomm Snapdragon X X1 26 100,0,32GB,32.0,Windows 11 Home,1.0,Mercado Libre,3
SSD 512 GB,512.0,2026-05-02 14:55:48,comercio electrónico,Notebook Asus Gaming V16 V3607VM-RP077W,Asus,1.0,1399990,1399990,Intel Core 7 240H (1800 MHz - 5200 MHz),0,16 GB DDR5 (5600 MHz),16.0,Windows 11 Home,1.0,SoloTodo,0
1TB,1024.0,2026-05-02 21:58:42,e-commerce,"Notebook Asus ExpertBook B1 de 14“ (Ryzen 7-170, 16GB Ram, 1TB SSD, Win11 Pro)",Asus,1.0,979990,979990,Ryzen 7-170,1,16GB,16.0,Windows 11 Pro,0.0,NotebookStoreCL,1
1TB,1024.0,2026-05-02 22:50:46,e-commerce,"Notebook Asus Expertbook B3 de 14“ (Ultra 7 155H, 32GB Ram, 1TB SSD, Win11 Pro)",Asus,1.0,1069990,1069990,Ultra 7 155H,0,32GB,32.0,Windows 11 Pro,0.0,NotebookStoreCL,1
512GB,512.0,2026-05-02 19:35:50,e-commerce,"Notebook Vivobook S16 AMD Ryzen 9-270 16"" 144Hz 32GB 512GB SSD Windows 1...",Asus,1.0,1129990,1129990,Ryzen 9-270,1,32GB,32.0,Otro,3.0,PC Factory,5
512GB,512.0,2026-05-02 19:46:24,e-commerce,"Notebook Asus Vivobook E1404FA-NK178W, AMD Ryzen 5 7520U, 14"" 60Hz, 8GB Ram, 512GB SSD, W11 (am)",Asus,1.0,$614.495,614495,Ryzen 5,4,8GB,8.0,Windows 11,2.0,ITSHOP,18
SSD 1 TB,1024.0,2026-05-02 15:28:52,comercio electrónico,ASUS ZenBook 14 OLED UX3405CA-PZ414W,Asus,1.0,1379990,1379990,Intel Core Ultra 7 255H (4400 MHz - 5100 MHz),0,16 GB LPDDR5X (4800 MHz),16.0,Windows 11 Home,1.0,SoloTodo,0
512GB,512.0,2026-05-02 12:55:41,e-commerce,ASUS TUF A15 FA506NCG-HN196W AMD Ryzen 7 | RTX 3050 (4GB) | 16GB RAM | 512GB SSD [90NR0JF7-M00HX0] - Semi Nuevo,Asus,1.0,$799.990 CLP,799990,Ryzen 7,1,16GB,16.0,Windows 11 Pro,0.0,ZTECH.CL,11
1TB,1024.0,2026-05-02 22:18:46,e-commerce,"Notebook Asus ExpertBook B1 de 14“ (Ryzen 7-170, 64GB Ram, 1TB SSD, Win11 Pro)",Asus,1.0,1499990,1499990,Ryzen 7-170,1,64GB,64.0,Windows 11 Pro,0.0,NotebookStoreCL,1
SSD 512 GB,512.0,2026-05-02 14:58:50,comercio electrónico,ASUS VivoBook 14 X1404VA-NK758W,Asus,1.0,499900,499900,Intel Core i5-1334U (900 MHz - 4600 MHz),2,16 GB DDR4 (3200 MHz),16.0,Windows 11 Home,1.0,SoloTodo,0
1TB,1024.0,2026-05-02 22:13:58,e-commerce,"Notebook Asus ExpertBook B1 de 14“ (Ryzen 7-170, 64GB Ram, 1TB SSD, Win11 Pro)",Asus,1.0,1499990,1499990,Ryzen 7-170,1,64GB,64.0,Windows 11 Pro,0.0,NotebookStoreCL,1
512GB,512.0,2026-05-02 21:58:34,e-commerce,"Notebook Asus ExpertBook B1 de 14“ (Ryzen 7-170, 16GB Ram, 512GB SSD, Win11 Pro)",Asus,1.0,859990,859990,Ryzen 7-170,1,16GB,16.0,Windows 11 Pro,0.0,NotebookStoreCL,1
512GB,512.0,2026-05-02 22:31:01,e-commerce,"Notebook Asus ExpertBook de 14“ (Intel i5-13420H, 16GB Ram, 512GB SSD, Win11 Pro)",Asus,1.0,712990,712990,Intel i5-13420H,2,16GB,16.0,Windows 11 Pro,0.0,NotebookStoreCL,1
1TB,1024.0,2026-05-02 22:05:49,e-commerce,"Notebook Asus ExpertBook de 14“ (Intel Core i5-13420H, 32GB Ram, 1TB SSD, Win11 Pro)",Asus,1.0,999990,999990,Intel Core i5-13420H,2,32GB,32.0,Windows 11 Pro,0.0,NotebookStoreCL,1
512gb,512.0,2026-05-02 17:12:20,e-commerce,Notebook Asus Vivobook Go 15 Amd Ryzen 5 8gb Ram 512gb Ssd,Asus,1.0,609.990,609990,Ryzen 5,4,8gb,8.0,Windows 11 Home,1.0,Mercado Libre,3
1TB,1024.0,2026-05-02 20:04:27,e-commerce,"Notebook Gamer Asus TUF Gaming F15 i7-11800H, GTX 3050, 8GB Ram, 1TB SSD, 15,6"", W11H",Asus,1.0,899990,899990,i7-11800H,0,8GB,8.0,Windows 11,2.0,TodoClick.cl,2
512GB,512.0,2026-05-02 14:46:44,comercio electrónico,"ASUS Vivobook 15 X1504VA-BQ4350W – Notebook Intel Core 7, 16GB RAM, 512GB SSD, 15.6"" FHD",Asus,1.0,689990,689990,Intel Core 7 150U (1800 MHz - 5400 MHz),0,16GB,16.0,Windows 11 Home,1.0,SoloTodo,0
SSD 512 GB,512.0,2026-05-02 14:46:30,comercio electrónico,ASUS TUF Gaming A15 FA506NCG-HN225W,Asus,1.0,999990,999990,AMD Ryzen 7 7445HS (3500 MHz - 4700 MHz),1,32 GB DDR5 (5600 MHz),32.0,Windows 11 Home,1.0,SoloTodo,0
1TB,1024.0,2026-05-02 22:44:47,e-commerce,"Notebook Asus ExpertBook de 14“ (Intel Core i5-13420H, 64GB Ram, 1TB SSD, Win11 Pro)",Asus,1.0,1099990,1099990,Intel Core i5-13420H,2,64GB,64.0,Windows 11 Pro,0.0,NotebookStoreCL,1
512GB,512.0,2026-05-02 22:59:11,e-commerce,"Notebook Asus ExpertBook B1 de 14“ (Ryzen 7-170, 16GB Ram, 512GB SSD, Win11 Pro)",Asus,1.0,859990,859990,Ryzen 7-170,1,16GB,16.0,Windows 11 Pro,0.0,NotebookStoreCL,1
1TB,1024.0,2026-05-02 22:34:51,e-commerce,"Notebook Asus ExpertBook P1 de 14“ (intel i7-13620H, 64GB Ram, 1TB SSD, Win11 Pro)",Asus,1.0,1259990,1259990,intel i7-13620H,0,64GB,64.0,Windows 11 Pro,0.0,NotebookStoreCL,1
256GB,256.0,2026-05-02 21:14:08,e-commerce,"Notebook Asus Expertbook B1 I5-1235U, 8GB Ram, 256GB SSD, W11Home",Asus,1.0,717990,717990,I5-1235U,0,8GB,8.0,Windows 11,2.0,TodoClick.cl,2
512GB,512.0,2026-05-02 22:22:51,e-commerce,"Notebook Asus ExpertBook B1 de 14“ (Ryzen 7-170, 16GB Ram, 512GB SSD, Win11 Pro)",Asus,1.0,859990,859990,Ryzen 7-170,1,16GB,16.0,Windows 11 Pro,0.0,NotebookStoreCL,1
512GB,512.0,2026-05-02 20:44:49,e-commerce,"Notebook Asus ExpertBook B1 15.6"" i7-1355U, 16GB Ram, 512GB SSD, W11Pro",Asus,1.0,1020990,1020990,i7-1355U,0,16GB,16.0,Windows 11 Pro,0.0,TodoClick.cl,2
SSD 512 GB,512.0,2026-05-02 15:46:28,comercio electrónico,ASUS VivoBook 14 X1404VA-EB1439W,Asus,1.0,549990,549990,Intel Core 5-120U (900 MHz - 5000 MHz),0,8 GB DDR4 (3200 MHz),8.0,Windows 11 Home,1.0,SoloTodo,0
2TB,2048.0,2026-05-02 21:10:47,e-commerce,"Notebook Gamer Asus ROG Strix SCAR 17 AMD Ryzen 9 7945HX3D, RTX 4090, 32GB Ram, 2TB SSD, 17.3"", W11H",Asus,1.0,4781990,4781990,Ryzen 9,8,32GB,32.0,Windows 11,2.0,TodoClick.cl,2
512GB,512.0,2026-05-02 22:24:01,e-commerce,"Notebook Asus ExpertBook de 14“ (Intel i5-13420H, 64GB Ram, 512GB SSD, Win11 Pro)",Asus,1.0,989990,989990,Intel i5-13420H,2,64GB,64.0,Windows 11 Pro,0.0,NotebookStoreCL,1
256GB,256.0,2026-05-02 20:28:23,e-commerce,"Notebook ASUS L1500CDA-EJ0466T AMD R3-3250U 4GB 256GB SSD 15,6"" W10H",Asus,1.0,364990,364990,AMD R3-3250U,0,4GB,4.0,Windows 10,5.0,TodoClick.cl,2
1TB,1024.0,2026-05-02 22:05:30,e-commerce,"Notebook Asus ExpertBook de 14“ (Intel Core i5-13420H, 16GB Ram, 1TB SSD, Win11 Pro)",Asus,1.0,849990,849990,Intel Core i5-13420H,2,16GB,16.0,Windows 11 Pro,0.0,NotebookStoreCL,1
512GB,512.0,2026-05-02 21:02:18,e-commerce,"Notebook Asus Expertbook B1, I5-1235U, 512GB SSD, 16GB RAM, 15"", W11P",Asus,1.0,897990,897990,I5-1235U,0,16GB,16.0,Windows 11 Pro,0.0,TodoClick.cl,2
SSD 1 TB,1024.0,2026-05-02 15:13:49,comercio electrónico,Notebook ASUS ProArt P16 H7606WP-ME094W,Asus,1.0,2499990,2499990,AMD Ryzen AI 9 HX 370 (2000 MHz - 5100 MHz),1,32 GB LPDDR5X (6400 MHz),32.0,Windows 11 Home,1.0,SoloTodo,0
512gb,512.0,2026-05-02 17:15:33,e-commerce,Notebook Asus Tuf Gaming A15 Amd Ryzen 7 32gb Ram 512gb Ssd Rtx 3050 15.6'',Asus,1.0,1.339.990,1339990,Ryzen 7,1,32gb,32.0,Windows 11 Home,1.0,Mercado Libre,3
1TB SSD,1024.0,2026-05-02 13:04:30,e-commerce,ASUS ROG Strix G17 G713PV-WS94,Asus,1.0,$1.669.990,1669990,AMD RYZEN 9 7845HSX 5.2GHZ,0,16GB DDR5,16.0,Otro,3.0,WEI.CL,20
512GB,512.0,2026-05-02 21:59:41,e-commerce,"Notebook Asus ExpertBook de 14“ (Intel i5-13420H, 64GB Ram, 512GB SSD, Win11 Pro)",Asus,1.0,989990,989990,Intel i5-13420H,2,64GB,64.0,Windows 11 Pro,0.0,NotebookStoreCL,1
1TB,1024.0,2026-05-02 22:39:43,e-commerce,"Notebook Asus ExpertBook P1 de 14“ (intel i7-13620H, 64GB Ram, 1TB SSD, Win11 Pro)",Asus,1.0,1259990,1259990,intel i7-13620H,0,64GB,64.0,Windows 11 Pro,0.0,NotebookStoreCL,1
1TB,1024.0,2026-05-02 22:07:09,e-commerce,"Notebook Asus Expertbook B3 de 14“ (Ultra 7 155H, 32GB Ram, 1TB SSD, Win11 Pro)",Asus,1.0,1069990,1069990,Ultra 7 155H,0,32GB,32.0,Windows 11 Pro,0.0,NotebookStoreCL,1
1TB,1024.0,2026-05-02 22:39:18,e-commerce,"Notebook Asus ExpertBook de 14“ (Intel Core i5-13420H, 16GB Ram, 1TB SSD, Win11 Pro)",Asus,1.0,849990,849990,Intel Core i5-13420H,2,16GB,16.0,Windows 11 Pro,0.0,NotebookStoreCL,1
SSD 512 GB,512.0,2026-05-02 15:22:31,comercio electrónico,Notebook Asus Zenbook 14 UM3406GA-QD089W,Asus,1.0,979990,979990,AMD Ryzen AI 5 340 (2000 MHz - 4800 MHz),4,16 GB DDR5 (5600 MHz),16.0,Windows 11 Home,1.0,SoloTodo,0
512gb,512.0,2026-05-02 17:14:22,e-commerce,"Notebook Vivobook Go 14 E140 AMD Ryzen 5 8gb 512gb SSD 14"" Asus",Asus,1.0,539.550,539550,Ryzen 5,4,8gb,8.0,Windows 11 Home,1.0,Mercado Libre,3
1TB,1024.0,2026-05-02 22:26:18,e-commerce,"Notebook Asus Expertbook B3 de 14“ (Ultra 7 155H, 32GB Ram, 1TB SSD, Win11 Pro)",Asus,1.0,1069990,1069990,Ultra 7 155H,0,32GB,32.0,Windows 11 Pro,0.0,NotebookStoreCL,1
1TB,1024.0,2026-05-02 20:52:07,e-commerce,"Notebook ASUS Zenbook 14 Flip OLED, I7-1360P, 16GB RAM, 1TB SSD. W11H, 14""",Asus,1.0,1303990,1303990,I7-1360P,0,16GB,16.0,Windows 11,2.0,TodoClick.cl,2
512GB,512.0,2026-05-02 21:14:27,e-commerce,"Notebook ASUS Expertbook B5 Core i7-1260P, 512GB SSD, 16GB RAM, W11P, 14""",Asus,1.0,1199990,1199990,Core i7-1260P,0,16GB,16.0,Windows 11 Pro,0.0,TodoClick.cl,2
512 GB,512.0,2026-05-02 17:32:23,e-commerce,Laptop Asus Vivobook Go14 R5 16gb 512gb + Mochila Y Mouse,Asus,1.0,2.280.112,2280112,AMD Ryzen 5 40,4,16gb,16.0,Windows 11 Home,1.0,Mercado Libre,3
512gb,512.0,2026-05-02 18:20:51,e-commerce,"Asus Expertbook P1 Ryzen 7 7735hs, 16gb Ddr5, 512gb Ssd",Asus,1.0,739.990,739990,Ryzen 7,1,16gb,16.0,Otro,3.0,Mercado Libre,3
1TB,1024.0,2026-05-02 18:26:53,e-commerce,Asus Vivobook 2 en 1 Core Ultra 7 256 V 1TB SSD 16GB RAM Pantalla Táctil Wuxga 1920 px x 1200 px Intel Arc Graphics incluye Windows Instalado Laptop 14-TP3407SA Con Regalo,Asus,1.0,1.049.422,1049422,Intel Core Ultra 7 256V,0,16GB,16.0,Windows 11 Home,1.0,Mercado Libre,3
512GB,512.0,2026-05-02 19:35:55,e-commerce,"Notebook Expertbook B1 Intel Core 5-120U 14"" 16GB 512GB SSD Windows 11 P...",Asus,1.0,1129990,1129990,Intel Core 5-120U,0,16GB,16.0,Windows 11,2.0,PC Factory,5
512GB,512.0,2026-05-02 21:49:53,e-commerce,"Notebook Asus ExpertBook B1 de 15.6“ (Ultra 5 120U, 16GB Ram, 512GB SSD, Win11 Pro)",Asus,1.0,679990,679990,Ultra 5 120U,0,16GB,16.0,Windows 11 Pro,0.0,NotebookStoreCL,1
512gb,512.0,2026-05-02 17:14:02,e-commerce,Notebook Gamer Asus Intel Core 7 16gb Ram 512gb Ssd Rtx 4050 Negro,Asus,1.0,1.397.673,1397673,Intel Core i7 240H,3,16gb,16.0,Windows 11 Home,1.0,Mercado Libre,3
1TB,1024.0,2026-05-02 22:40:56,e-commerce,"Notebook Asus Expertbook B3 de 14“ (Ultra 7 155H, 32GB Ram, 1TB SSD, Win11 Pro)",Asus,1.0,1069990,1069990,Ultra 7 155H,0,32GB,32.0,Windows 11 Pro,0.0,NotebookStoreCL,1
1TB,1024.0,2026-05-02 19:35:55,e-commerce,"Notebook AI PC Zenbook 14 AMD Ryzen AI 7- 445 14.0"" 60Hz 32GB 1TB SSD Wi...",Asus,1.0,1129990,1129990,AMD Ryzen AI 7- 445,1,32GB,32.0,Otro,3.0,PC Factory,5
1TB,1024.0,2026-05-02 22:23:01,e-commerce,"Notebook Asus ExpertBook B1 de 14“ (Ryzen 7-170, 16GB Ram, 1TB SSD, Win11 Pro)",Asus,1.0,979990,979990,Ryzen 7-170,1,16GB,16.0,Windows 11 Pro,0.0,NotebookStoreCL,1
512GB,512.0,2026-05-02 12:53:25,e-commerce,ASUS ROG Zephyrus GA502IV-WS74 AMD Ryzen 7 | RTX 2060 (6GB) | 16GB RAM | 512GB SSD | DETALLE- Buen Estado,Asus,1.0,$599.990 CLP,599990,Ryzen 7,1,16GB,16.0,Windows 11 Pro,0.0,ZTECH.CL,11
1TB,1024.0,2026-05-02 21:55:46,e-commerce,"Notebook Asus ExpertBook de 14“ (Intel Core i5-13420H, 32GB Ram, 1TB SSD, Win11 Pro)",Asus,1.0,999990,999990,Intel Core i5-13420H,2,32GB,32.0,Windows 11 Pro,0.0,NotebookStoreCL,1
512 GB,512.0,2026-05-02 18:18:51,e-commerce,Notebook Asus Vivobook 14 Intel Core I5 12th 8gb Ram 512gb,Asus,1.0,386.311,386311,Intel Core I5,2,8gb,8.0,Windows 11 Home,1.0,Mercado Libre,3
256GB,256.0,2026-05-02 12:11:26,e-commerce,"ASUS ExpertCenter E3 Intel i3-1215U 8GB 256GB SSD 23.8"" FHD Windows 11 Pro",Asus,1.0,$579.990,579990,Intel i3-1215U,6,8GB,8.0,Windows 11 Pro,0.0,opcstore.cl,7
SSD 512 GB,512.0,2026-05-02 15:14:36,comercio electrónico,Notebook Asus ExpertBook P1403CVA-S60607X,Asus,1.0,566656,566656,Intel Core i5-13420H (1500 MHz - 4600 MHz),2,8 GB DDR5 (4800 MHz),8.0,Windows 11 Pro,0.0,SoloTodo,0
512GB,512.0,2026-05-02 20:42:59,e-commerce,"Notebook Asus ExpertBook B1 i5-1334U, 16GB DDR5, 512GB SSD, W11P, 14"" Negro",Asus,1.0,755990,755990,i5-1334U,0,16GB,16.0,Windows 11 Pro,0.0,TodoClick.cl,2
512GB,512.0,2026-05-02 22:47:26,e-commerce,"Notebook Asus ExpertBook B1 de 14“ (Ryzen 7-170, 16GB Ram, 512GB SSD, Win11 Pro)",Asus,1.0,859990,859990,Ryzen 7-170,1,16GB,16.0,Windows 11 Pro,0.0,NotebookStoreCL,1
SSD 1 TB,1024.0,2026-05-02 15:08:31,comercio electrónico,ASUS Zenbook 14 OLED UX3405CA-SU931W,Asus,1.0,1319990,1319990,Intel Core Ultra 7 255H (4400 MHz - 5100 MHz),0,16 GB LPDDR5X (7467 MHz),16.0,Windows 11 Home,1.0,SoloTodo,0
512gb,512.0,2026-05-02 17:36:09,e-commerce,Notebook Asus Tuf Gaming A15 Amd Ryzen 7 8gb Ram 512gb Ssd Rtx 3050 15.6'',Asus,1.0,1.169.990,1169990,Ryzen 7,1,8gb,8.0,Windows 11 Home,1.0,Mercado Libre,3
SSD 512 GB,512.0,2026-05-02 19:45:57,e-commerce,"Notebook - Asus ExpertBook PM3406 - AMD Ryzen AI 5 330 - RAM 16 GB DDR5 - SSD 512 GB - LED 14"" WUXGA (1920 X 1200) - W11 Pro",Asus,1.0,$1.005.683,1005683,AMD Ryzen AI 5 330,4,16 GB,16.0,Windows 11,2.0,MYSHOP,13
SSD 512 GB,512.0,2026-05-02 15:23:33,comercio electrónico,"ASUS ExpertBook P1 PM1403CDA-S60109W (90NX09C1-M003Y0) – Notebook de 14"" con 16 GB RAM",Asus,1.0,733490,733490,AMD Ryzen 7 7735HS (3200 MHz - 4750 MHz),1,16 GB,16.0,Windows 11 Home,1.0,SoloTodo,0
1TB,1024.0,2026-05-02 21:46:26,e-commerce,"Notebook Asus ExpertBook P1 de 14“ (intel i7-13620H, 16GB Ram, 1TB SSD, Win11 Pro)",Asus,1.0,979990,979990,intel i7-13620H,0,16GB,16.0,Windows 11 Pro,0.0,NotebookStoreCL,1
SSD 256 GB,256.0,2026-05-02 15:39:26,comercio electrónico,Notebook ASUS Vivobook Go 14 E1404GA-NK128W,Asus,1.0,369990,369990,Intel Core i3-N305 (1800 MHz - 3800 MHz),6,8 GB DDR4 (3200 MHz),8.0,Windows 11 Home,1.0,SoloTodo,0
SSD 512 GB,512.0,2026-05-02 15:06:51,comercio electrónico,ASUS VivoBook 15 X1504VA-BQ4201W,Asus,1.0,569990,569990,Intel Core 5-120U (900 MHz - 5000 MHz),0,8 GB DDR5 (4800 MHz),8.0,Windows 11 Home,1.0,SoloTodo,0
1TB,1024.0,2026-05-02 22:56:03,e-commerce,"Notebook Asus ExpertBook de 14“ (Intel Core i5-13420H, 16GB Ram, 1TB SSD, Win11 Pro)",Asus,1.0,849990,849990,Intel Core i5-13420H,2,16GB,16.0,Windows 11 Pro,0.0,NotebookStoreCL,1
SSD 1 TB,1024.0,2026-05-02 15:12:53,comercio electrónico,ASUS Zenbook 14 UM3406GA-QD065W,Asus,1.0,1393990,1393990,AMD Ryzen AI 7 445 (2000 MHz - 4600 MHz),1,32 GB DDR5 (5600 MHz),32.0,Windows 11 Home,1.0,SoloTodo,0
512 GB,512.0,2026-05-02 18:01:31,e-commerce,Asus Vivobook 14 X1404va-eb1660w Core5-120u 8gb 512gb,Asus,1.0,510.000,510000,Intel Core i5 120U,2,8gb,8.0,Windows 11 Home,1.0,Mercado Libre,3
512GB,512.0,2026-05-02 22:13:24,e-commerce,"Notebook Asus ExpertBook B1 de 14“ (Ryzen 7-170, 16GB Ram, 512GB SSD, Win11 Pro)",Asus,1.0,859990,859990,Ryzen 7-170,1,16GB,16.0,Windows 11 Pro,0.0,NotebookStoreCL,1
SSD 512 GB,512.0,2026-05-02 14:46:22,comercio electrónico,"ASUS TUF Gaming A16 FA607NUG-RL146W – Notebook Gamer 16"" con AMD Ryzen 7 y NVIDIA RTX 4050",Asus,1.0,1039990,1039990,Ryzen 7,1,16 GB DDR5 (4800 MHz),16.0,Windows 11 Home,1.0,SoloTodo,0
512gb,512.0,2026-05-02 17:48:37,e-commerce,Notebook Asus Expertbook P1 Intel Core I7 16gb Ram 512gb Ssd,Asus,1.0,1.109.990,1109990,Intel Core I7,3,16gb,16.0,Otro,3.0,Mercado Libre,3
512GB,512.0,2026-05-02 22:26:10,e-commerce,"Notebook Asus ExpertBook de 14“ (Intel i5-13420H, 16GB Ram, 512GB SSD, Win11 Pro)",Asus,1.0,712990,712990,Intel i5-13420H,2,16GB,16.0,Windows 11 Pro,0.0,NotebookStoreCL,1
SSD 512 GB,512.0,2026-05-02 14:56:12,comercio electrónico,ASUS Vivobook S16 M3607HA-RP183W,Asus,1.0,1047990,1047990,AMD Ryzen 9 270 (4000 MHz - 5200 MHz),1,32 GB DDR5 (5600 MHz),32.0,Windows 11 Home,1.0,SoloTodo,0
SSD 1 TB,1024.0,2026-05-02 15:09:15,comercio electrónico,ASUS Zenbook A14 Copilot+ PC UX3407QA-QD318W,Asus,1.0,1149990,1149990,Qualcomm Snapdragon X X1-26-100 (2980 MHz),0,16 GB LPDDR5X (8448 MHz),16.0,Windows 11 Home,1.0,SoloTodo,0
SSD 1 TB,1024.0,2026-05-02 14:42:12,comercio electrónico,ASUS TUF Gaming A15 FA506NCQ-HN045W,Asus,1.0,899990,899990,AMD Ryzen 7 170 (3200 MHz - 4750 MHz),1,16 GB DDR5 (4800 MHz),16.0,Windows 11 Home,1.0,SoloTodo,0
1TB,1024.0,2026-05-02 19:56:16,e-commerce,"Notebook Asus B3404CVF-Q50063 i7-1355U RTX 2050, 16GB Ram, 1TB SSD, W11P",Asus,1.0,1333990,1333990,i7-1355U,0,16GB,16.0,Windows 11 Pro,0.0,TodoClick.cl,2
512gb,512.0,2026-05-02 17:26:38,e-commerce,Notebook Asus Vivobook 15 Intel Core 7 16gb Ram 512gb Ssd 15.6,Asus,1.0,969.990,969990,Intel Intel Core 7 150U,0,16gb,16.0,Windows 11 Home,1.0,Mercado Libre,3
512GB,512.0,2026-05-02 22:48:32,e-commerce,"Notebook Asus ExpertBook de 14“ (Intel i5-13420H, 64GB Ram, 512GB SSD, Win11 Pro)",Asus,1.0,989990,989990,Intel i5-13420H,2,64GB,64.0,Windows 11 Pro,0.0,NotebookStoreCL,1
SSD 1 TB,1024.0,2026-05-02 15:15:51,comercio electrónico,ASUS ROG Zephyrus G14 GA403UM-QS018W,Asus,1.0,2199990,2199990,AMD Ryzen 9 270 (4000 MHz - 5200 MHz),1,32 GB LPDDR5X (7500 MHz),32.0,Windows 11 Home,1.0,SoloTodo,0
SSD 512 GB,512.0,2026-05-02 15:14:40,comercio electrónico,Notebook ASUS V16 V3607VU-RP222W,Asus,1.0,1039990,1039990,Intel Core 7 240H (1800 MHz - 5200 MHz),0,16 GB DDR5 (5600 MHz),16.0,Windows 11 Home,1.0,SoloTodo,0
256GB,256.0,2026-05-02 12:17:10,e-commerce,"ASUS ExpertCenter E3 Intel i3-1215U 8GB 256GB SSD 23.8"" FHD Windows 11 Pro",Asus,1.0,$579.990,579990,Intel i3-1215U,6,8GB,8.0,Windows 11 Pro,0.0,opcstore.cl,7
512GB,512.0,2026-05-02 22:11:54,e-commerce,"Notebook Asus ExpertBook de 14“ (Intel i5-13420H, 16GB Ram, 512GB SSD, Win11 Pro)",Asus,1.0,712990,712990,Intel i5-13420H,2,16GB,16.0,Windows 11 Pro,0.0,NotebookStoreCL,1
1 TB SSD,1024.0,2026-05-02 12:43:44,e-commerce,Notebook ASUS B3604CVF-Q90190X I7-1335U 16GB SSd 1Tb RTX2050 W11Pro,Asus,1.0,$ 1.399.990,1399990,Intel Core i7 i7-1335U,3,16 GB,16.0,Windows 11 Pro,0.0,SCGLOBAL.CL,14
1TB,1024.0,2026-05-02 22:30:34,e-commerce,"Notebook Asus Expertbook B3 de 14“ (Ultra 7 155H, 16GB Ram, 1TB SSD, Win11 Pro)",Asus,1.0,900990,900990,Ultra 7 155H,0,16GB,16.0,Windows 11 Pro,0.0,NotebookStoreCL,1
256GB,256.0,2026-05-02 20:47:47,e-commerce,"Notebook Asus Expertbook B1 B1402CBA-NK2389W I3-1215U, 8GB Ram, 256GB SSD, W11H",Asus,1.0,491990,491990,I3-1215U,0,8GB,8.0,Windows 11,2.0,TodoClick.cl,2
1TB,1024.0,2026-05-02 21:48:44,e-commerce,"Notebook Asus ExpertBook B1 de 14“ (Ryzen 7-170, 16GB Ram, 1TB SSD, Win11 Pro)",Asus,1.0,979990,979990,Ryzen 7-170,1,16GB,16.0,Windows 11 Pro,0.0,NotebookStoreCL,1
512GB,512.0,2026-05-02 20:47:38,e-commerce,"Notebook ASUS ExpertBook B1 B1502CVA-NJ0586X i5-1335U, 16GB RAM, 512GB SSD, W11P",Asus,1.0,897990,897990,i5-1335U,0,16GB,16.0,Windows 11 Pro,0.0,TodoClick.cl,2
SSD 512 GB,512.0,2026-05-02 14:56:50,comercio electrónico,ASUS ExpertBook P1 PM1403CDA-S60109W,Asus,1.0,488832,488832,AMD Ryzen 5 7535HS (3300 MHz - 4550 MHz),1,8 GB DDR5 (4800 MHz),8.0,FreeDOS,6.0,SoloTodo,0
1TB,1024.0,2026-05-02 22:16:13,e-commerce,"Notebook Asus Expertbook B3 de 14“ (Ultra 7 155H, 16GB Ram, 1TB SSD, Win11 Pro)",Asus,1.0,900990,900990,Ultra 7 155H,0,16GB,16.0,Windows 11 Pro,0.0,NotebookStoreCL,1
512 GB,512.0,2026-05-02 17:26:08,e-commerce,Notebook Asus Tuf Gaming F16 Fx608jhr-qt033w Intel Core I7 16GB 512GB - Jaeger Gray,Asus,1.0,1.794.195,1794195,Intel Core I7,3,16GB,16.0,Otro,3.0,Mercado Libre,3
1TB,1024.0,2026-05-02 21:56:28,e-commerce,"Notebook Asus Expertbook B3 de 14“ (Ultra 7 155H, 16GB Ram, 1TB SSD, Win11 Pro)",Asus,1.0,900990,900990,Ultra 7 155H,0,16GB,16.0,Windows 11 Pro,0.0,NotebookStoreCL,1
SSD 512 GB,512.0,2026-05-02 15:39:22,comercio electrónico,ASUS ROG Strix G16 G614PH-S5052W,Asus,1.0,1699990,1699990,AMD Ryzen 9 8940HX (2400 MHz - 5300 MHz),4,16 GB DDR5 (5600 MHz),16.0,Windows 11 Home,1.0,SoloTodo,0
1TB,1024.0,2026-05-02 22:44:39,e-commerce,"Notebook Asus ExpertBook P1 de 14“ (intel i7-13620H, 64GB Ram, 1TB SSD, Win11 Pro)",Asus,1.0,1259990,1259990,intel i7-13620H,0,64GB,64.0,Windows 11 Pro,0.0,NotebookStoreCL,1
1TB,1024.0,2026-05-02 20:43:30,e-commerce,"Notebook Asus 16"" i7-1335U 16GB Ram 1TB SSD Nvidia GeForce RTX 2050",Asus,1.0,1323990,1323990,i7-1335U,0,16GB,16.0,Otro,3.0,TodoClick.cl,2
1TB,1024.0,2026-05-02 22:06:07,e-commerce,"Notebook Asus ExpertBook de 14“ (Intel Core i5-13420H, 64GB Ram, 1TB SSD, Win11 Pro)",Asus,1.0,1099990,1099990,Intel Core i5-13420H,2,64GB,64.0,Windows 11 Pro,0.0,NotebookStoreCL,1
SSD 512 GB,512.0,2026-05-02 14:46:39,comercio electrónico,ASUS TUF Gaming A15 FA506NCG-HN225W,Asus,1.0,999990,999990,AMD Ryzen 7 7445HS (3500 MHz - 4700 MHz),1,32 GB DDR5 (5600 MHz),32.0,Windows 11 Home,1.0,SoloTodo,0
512GB,512.0,2026-05-02 21:11:32,e-commerce,"Notebook Asus Expertbook B1 B1402CBA-EK0148X I7-1255U, 16GB Ram, 512GB SSD, W11Pro, 14"" FHD",Asus,1.0,843990,843990,I7-1255U,0,16GB,16.0,Windows 11 Pro,0.0,TodoClick.cl,2
1TB,1024.0,2026-05-02 22:56:29,e-commerce,"Notebook Asus ExpertBook P1 de 14“ (intel i7-13620H, 64GB Ram, 1TB SSD, Win11 Pro)",Asus,1.0,1259990,1259990,intel i7-13620H,0,64GB,64.0,Windows 11 Pro,0.0,NotebookStoreCL,1
512gb,512.0,2026-05-02 17:19:03,e-commerce,Notebook Asus Tuf Gaming F16 Intel Core 5 8gb Ram 512gb Ssd Rtx 3050,Asus,1.0,1.048.093,1048093,Intel Core i5 210H,2,8gb,8.0,Windows 11 Home,1.0,Mercado Libre,3
512GB,512.0,2026-05-02 22:43:30,e-commerce,"Notebook Asus ExpertBook de 14“ (Intel i5-13420H, 64GB Ram, 512GB SSD, Win11 Pro)",Asus,1.0,989990,989990,Intel i5-13420H,2,64GB,64.0,Windows 11 Pro,0.0,NotebookStoreCL,1
1TB,1024.0,2026-05-02 22:29:50,e-commerce,"Notebook Asus ExpertBook de 14“ (Intel Core i5-13420H, 32GB Ram, 1TB SSD, Win11 Pro)",Asus,1.0,999990,999990,Intel Core i5-13420H,2,32GB,32.0,Windows 11 Pro,0.0,NotebookStoreCL,1
1TB,1024.0,2026-05-02 22:20:33,e-commerce,"Notebook Asus ExpertBook de 14“ (Intel Core i5-13420H, 64GB Ram, 1TB SSD, Win11 Pro)",Asus,1.0,1099990,1099990,Intel Core i5-13420H,2,64GB,64.0,Windows 11 Pro,0.0,NotebookStoreCL,1
1TB,1024.0,2026-05-02 22:59:47,e-commerce,"Notebook Asus ExpertBook B1 de 14“ (Ryzen 7-170, 64GB Ram, 1TB SSD, Win11 Pro)",Asus,1.0,1499990,1499990,Ryzen 7-170,1,64GB,64.0,Windows 11 Pro,0.0,NotebookStoreCL,1
512GB,512.0,2026-05-02 19:35:45,e-commerce,"Notebook Vivobook 15 Intel Core 5-120U 15.6"" 60Hz 16GB 512GB SSD Windows...",Asus,1.0,959990,959990,Intel Core 5-120U,0,16GB,16.0,Otro,3.0,PC Factory,5
1TB,1024.0,2026-05-02 22:06:34,e-commerce,"Notebook Asus Expertbook B3 de 14“ (Ultra 7 155H, 16GB Ram, 1TB SSD, Win11 Pro)",Asus,1.0,900990,900990,Ultra 7 155H,0,16GB,16.0,Windows 11 Pro,0.0,NotebookStoreCL,1
SSD 512 GB,512.0,2026-05-02 14:47:03,comercio electrónico,"ASUS TUF Gaming A16 FA607NUG-RL146W – Notebook Gamer 16"" con AMD Ryzen 7 y NVIDIA RTX 4050",Asus,1.0,1039990,1039990,Ryzen 7,1,16 GB DDR5 (4800 MHz),16.0,Windows 11 Home,1.0,SoloTodo,0
SSD 1TB,1024.0,2026-05-02 19:45:57,e-commerce,"Notebook (REACONDICIONADO ""OPEN BOX"") - Asus Vivobook (F1502VA-NS96) - Intel Core I9-13900H - RAM 16GB DDR4 - SSD 1TB - 15,6"" Full HD (1920x1080) TÁCTIL - Tecl. Inglés - W11H - Blue",Asus,1.0,$699.500,699500,Intel Core I9-13900H,7,16GB,16.0,Windows 11,2.0,MYSHOP,13
SSD 512 GB,512.0,2026-05-02 15:32:30,comercio electrónico,ASUS Zenbook 14 UM3406GA-QL085W,Asus,1.0,1129990,1129990,AMD Ryzen AI 5 340 (2000 MHz - 4800 MHz),4,16 GB DDR5 (5600 MHz),16.0,Windows 11 Home,1.0,SoloTodo,0
SSD 512 GB,512.0,2026-05-02 15:06:04,comercio electrónico,Notebook ASUS TUF Gaming A15 FA506NF-HN003W (16 GB RAM),Asus,1.0,699000,699000,AMD Ryzen 5 7535HS (3300 MHz - 4550 MHz),1,16 GB,16.0,Windows 11 Home,1.0,SoloTodo,0
SSD 512 GB,512.0,2026-05-02 14:45:12,comercio electrónico,ASUS TUF Gaming A15 FA506NCQ-HN020W,Asus,1.0,799990,799990,AMD Ryzen 7 170 (3200 MHz - 4750 MHz),1,8 GB DDR5 (4800 MHz),8.0,Windows 11 Home,1.0,SoloTodo,0
512GB,512.0,2026-05-02 20:16:40,e-commerce,"Notebook Asus Vivobook Go 14 E1404GA-NK068W i3-N305, 8GB Ram, 512GB SSD, 14"", W11H",Asus,1.0,547990,547990,i3-N305,0,8GB,8.0,Windows 11,2.0,TodoClick.cl,2
512GB,512.0,2026-05-02 21:45:34,e-commerce,"Notebook Asus ExpertBook P1 de 14“ (intel i7-13620H, 32GB Ram, 512GB SSD, Win11 Pro)",Asus,1.0,929990,929990,intel i7-13620H,0,32GB,32.0,Windows 11 Pro,0.0,NotebookStoreCL,1
SSD 1 TB,1024.0,2026-05-02 15:14:45,comercio electrónico,"ASUS ExpertBook B3 - Notebook de 14"" con Intel Core Ultra 7",Asus,1.0,870356,870356,Intel Core Ultra 7 155H (3800 MHz - 4800 MHz),0,16 GB DDR5 (4800 MHz),16.0,macOS,4.0,SoloTodo,0
SSD 1 TB,1024.0,2026-05-02 15:44:56,comercio electrónico,Notebook ASUS ExpertBook P1403CVA-S60606X,Asus,1.0,1217150,1217150,Intel Core i7-13620H (2400 MHz - 4900 MHz),3,64 GB DDR5 (4800 MHz),64.0,Windows 11 Pro,0.0,SoloTodo,0
512GB,512.0,2026-05-02 22:04:46,e-commerce,"Notebook Asus ExpertBook de 14“ (Intel i5-13420H, 64GB Ram, 512GB SSD, Win11 Pro)",Asus,1.0,989990,989990,Intel i5-13420H,2,64GB,64.0,Windows 11 Pro,0.0,NotebookStoreCL,1
512GB,512.0,2026-05-02 22:35:54,e-commerce,"Notebook Asus ExpertBook de 14“ (Intel i5-13420H, 16GB Ram, 512GB SSD, Win11 Pro)",Asus,1.0,712990,712990,Intel i5-13420H,2,16GB,16.0,Windows 11 Pro,0.0,NotebookStoreCL,1
SSD 1 TB,1024.0,2026-05-02 14:48:41,comercio electrónico,ASUS Zenbook 14 OLED UX3405,Asus,1.0,1299990,1299990,Intel Core Ultra 7 255H (4400 MHz - 5100 MHz),0,16 GB LPDDR5X (7467 MHz),16.0,Windows 11 Home,1.0,SoloTodo,0
512GB,512.0,2026-05-02 22:57:40,e-commerce,"Notebook Asus ExpertBook de 14“ (Intel i5-13420H, 16GB Ram, 512GB SSD, Win11 Pro)",Asus,1.0,712990,712990,Intel i5-13420H,2,16GB,16.0,Windows 11 Pro,0.0,NotebookStoreCL,1
512GB,512.0,2026-05-02 22:06:41,e-commerce,"Notebook Asus ExpertBook P1 de 14“ (intel i7-13620H, 16GB Ram, 512GB SSD, Win11 Pro)",Asus,1.0,766990,766990,intel i7-13620H,0,16GB,16.0,Windows 11 Pro,0.0,NotebookStoreCL,1
1TB,1024.0,2026-05-02 23:02:04,e-commerce,"Notebook Asus Expertbook B3 de 14“ (Ultra 7 155H, 16GB Ram, 1TB SSD, Win11 Pro)",Asus,1.0,900990,900990,Ultra 7 155H,0,16GB,16.0,Windows 11 Pro,0.0,NotebookStoreCL,1
SSD 512 GB,512.0,2026-05-02 16:01:39,comercio electrónico,Notebook ASUS ExpertBook P1403CVA-S60607X,Asus,1.0,956330,956330,Intel Core i5-13420H (1500 MHz - 4600 MHz),2,64 GB DDR5 (4800 MHz),64.0,Windows 11 Pro,0.0,SoloTodo,0
1TB,1024.0,2026-05-02 21:46:52,e-commerce,"Notebook Asus ExpertBook B1 de 14“ (Ryzen 7-170, 32GB Ram, 1TB SSD, Win11 Pro)",Asus,1.0,1199990,1199990,Ryzen 7-170,1,32GB,32.0,Windows 11 Pro,0.0,NotebookStoreCL,1
SSD 512 GB,512.0,2026-05-02 16:05:26,comercio electrónico,ASUS Zenbook 14 OLED UX3405MA-PP312W,Asus,1.0,1347560,1347560,Intel Core Ultra 7 155H (3800 MHz - 4800 MHz),0,16 GB LPDDR5X (7467 MHz),16.0,Windows 11 Home,1.0,SoloTodo,0
SSD 256 GB,256.0,2026-05-02 15:35:09,comercio electrónico,ASUS Vivobook Go 15 OLED E1504GA-BQ1261W,Asus,1.0,494990,494990,Intel Core i3-N305 (1800 MHz - 3800 MHz),6,8 GB DDR4 (3200 MHz),8.0,Windows 11 Home,1.0,SoloTodo,0
512GB,512.0,2026-05-02 22:52:13,e-commerce,"Notebook Asus ExpertBook B1 de 14“ (Ryzen 7-170, 16GB Ram, 512GB SSD, Win11 Pro)",Asus,1.0,859990,859990,Ryzen 7-170,1,16GB,16.0,Windows 11 Pro,0.0,NotebookStoreCL,1
512GB,512.0,2026-05-02 20:02:09,e-commerce,"Notebook Asus ExpertBook P1 i5-13420H, 16GB Ram, 512GB SSD, W11Pro, 14"" FHD",Asus,1.0,629990,629990,i5-13420H,0,16GB,16.0,Windows 11 Pro,0.0,TodoClick.cl,2
SSD 512 GB,512.0,2026-05-02 14:49:46,comercio electrónico,ASUS VivoBook S16 M3607HA-RP187W,Asus,1.0,919990,919990,AMD Ryzen 9 270 (4000 MHz - 5200 MHz),1,16 GB DDR5 (5600 MHz),16.0,Windows 11 Home,1.0,SoloTodo,0
512GB,512.0,2026-05-02 12:56:44,e-commerce,Asus Tuf Gaming A15 FA507NUR-LP051W AMD Ryzen 7 | RTX 4050 (6GB) | 16GB RAM | 512GB SSD - Semi Nuevo,Asus,1.0,$899.990 CLP,899990,Ryzen 7,1,16GB,16.0,Windows 11 Pro,0.0,ZTECH.CL,11
1TB,1024.0,2026-05-02 21:51:34,e-commerce,"Notebook Asus Expertbook B3 de 14“ (Ultra 7 155H, 16GB Ram, 1TB SSD, Win11 Pro)",Asus,1.0,900990,900990,Ultra 7 155H,0,16GB,16.0,Windows 11 Pro,0.0,NotebookStoreCL,1
256gb,256.0,2026-05-02 17:30:37,e-commerce,Notebook Asus Vivobook Go 15 Amd Ryzen 3 8gb Ram 256gb Ssd 15.6'',Asus,1.0,669.990,669990,Ryzen 3,0,8gb,8.0,Windows 11 Home,1.0,Mercado Libre,3
1 tb,1024.0,2026-05-02 12:28:13,e-commerce,"Notebook asus vivobook f1502v, 15.6"", intel core i9,16gb, 1 tb ssd, azul-open box",Asus,1.0,$ 899.181,899181,intel core i9,0,16gb,16.0,Windows 11 Home,1.0,MOXI.CL,16
1TB,1024.0,2026-05-02 22:05:58,e-commerce,"Notebook Asus ExpertBook P1 de 14“ (intel i7-13620H, 64GB Ram, 1TB SSD, Win11 Pro)",Asus,1.0,1259990,1259990,intel i7-13620H,0,64GB,64.0,Windows 11 Pro,0.0,NotebookStoreCL,1
1TB,1024.0,2026-05-02 22:39:35,e-commerce,"Notebook Asus ExpertBook de 14“ (Intel Core i5-13420H, 32GB Ram, 1TB SSD, Win11 Pro)",Asus,1.0,999990,999990,Intel Core i5-13420H,2,32GB,32.0,Windows 11 Pro,0.0,NotebookStoreCL,1
SSD 1 TB,1024.0,2026-05-02 15:52:16,comercio electrónico,ASUS ExpertBook B3404CMA-Q50285X,Asus,1.0,699000,699000,Intel Core Ultra 7 155U (3800 MHz - 4800 MHz),0,16 GB DDR5 (5600 MHz),16.0,Windows 11 Pro,0.0,SoloTodo,0
1TB,1024.0,2026-05-02 21:55:54,e-commerce,"Notebook Asus ExpertBook P1 de 14“ (intel i7-13620H, 64GB Ram, 1TB SSD, Win11 Pro)",Asus,1.0,1259990,1259990,intel i7-13620H,0,64GB,64.0,Windows 11 Pro,0.0,NotebookStoreCL,1
1TB,1024.0,2026-05-02 22:25:09,e-commerce,"Notebook Asus ExpertBook P1 de 14“ (intel i7-13620H, 64GB Ram, 1TB SSD, Win11 Pro)",Asus,1.0,1259990,1259990,intel i7-13620H,0,64GB,64.0,Windows 11 Pro,0.0,NotebookStoreCL,1
SSD 512 GB,512.0,2026-05-02 14:44:40,comercio electrónico,ASUS VivoBook 15 M1502NAQ-BQ078W,Asus,1.0,759990,759990,AMD Ryzen 7 170 (3200 MHz - 4750 MHz),1,24 GB DDR5 (4800 MHz),24.0,Windows 11 Home,1.0,SoloTodo,0
1TB,1024.0,2026-05-02 21:38:38,e-commerce,"Notebook ASUS B9450FA-BM0198R i7-10510U 16GB 1TB SSD 14"" W10Pro",Asus,1.0,1975990,1975990,i7-10510U,0,16GB,16.0,Windows 10,5.0,TodoClick.cl,2
512GB,512.0,2026-05-02 22:11:37,e-commerce,"Notebook Asus ExpertBook P1 de 14“ (intel i7-13620H, 16GB Ram, 512GB SSD, Win11 Pro)",Asus,1.0,766990,766990,intel i7-13620H,0,16GB,16.0,Windows 11 Pro,0.0,NotebookStoreCL,1
512GB,512.0,2026-05-02 19:44:47,e-commerce,"Notebook ASUS Vivobook Go 14 E1404GA, Intel® Core™ I3-N305, 8GB DDR4, 512GB SSD, USB 3.2, Wi-Fi 6E, Bluetooth® 5.3, HDMI, 14"" FHD, Windows 11 Home (90NB0ZW2-M00HS0).",Asus,1.0,$429.990,429990,I3-N305,0,8GB,8.0,Windows 11,2.0,BIP,10
1TB,1024.0,2026-05-02 22:02:02,e-commerce,"Notebook Asus Expertbook B3 de 14“ (Ultra 7 155H, 32GB Ram, 1TB SSD, Win11 Pro)",Asus,1.0,1069990,1069990,Ultra 7 155H,0,32GB,32.0,Windows 11 Pro,0.0,NotebookStoreCL,1
512GB,512.0,2026-05-02 23:02:13,e-commerce,"Notebook Asus ExpertBook P1 de 14“ (intel i7-13620H, 16GB Ram, 512GB SSD, Win11 Pro)",Asus,1.0,766990,766990,intel i7-13620H,0,16GB,16.0,Windows 11 Pro,0.0,NotebookStoreCL,1
512GB,512.0,2026-05-02 19:45:48,e-commerce,"Notebook ASUS ExpertBook B1 Intel Core 5 120U 16GB RAM 512GB SSD 14"" Full HD B1403CVA-S65610X",Asus,1.0,$871.990,871990,Intel Core 5 120U,0,16GB,16.0,Otro,3.0,TECHRELOAD,12
512GB,512.0,2026-05-02 21:11:05,e-commerce,"Notebook Gamer Asus ROG Strix G15 AMD Ryzen 7 6800Hs, RTX 3050, 16GB Ram, 512GB SSD, 15.6"", W11H",Asus,1.0,1367990,1367990,Ryzen 7,1,16GB,16.0,Windows 11,2.0,TodoClick.cl,2
512GB,512.0,2026-05-02 19:36:10,e-commerce,"Notebook ExpertBook P1 Intel Core i7-13620H 14"" 16GB 512GB SSD Windows 1...",Asus,1.0,1289990,1289990,Intel Core i7-13620H,3,16GB,16.0,Otro,3.0,PC Factory,5
512GB,512.0,2026-05-02 22:37:29,e-commerce,"Notebook Asus ExpertBook B1 de 14“ (Ryzen 7-170, 16GB Ram, 512GB SSD, Win11 Pro)",Asus,1.0,859990,859990,Ryzen 7-170,1,16GB,16.0,Windows 11 Pro,0.0,NotebookStoreCL,1
1TB,1024.0,2026-05-02 22:32:46,e-commerce,"Notebook Asus ExpertBook B1 de 14“ (Ryzen 7-170, 16GB Ram, 1TB SSD, Win11 Pro)",Asus,1.0,979990,979990,Ryzen 7-170,1,16GB,16.0,Windows 11 Pro,0.0,NotebookStoreCL,1
1TB,1024.0,2026-05-02 21:50:30,e-commerce,"Notebook Asus ExpertBook de 14“ (Intel Core i5-13420H, 16GB Ram, 1TB SSD, Win11 Pro)",Asus,1.0,849990,849990,Intel Core i5-13420H,2,16GB,16.0,Windows 11 Pro,0.0,NotebookStoreCL,1
512GB,512.0,2026-05-02 22:35:36,e-commerce,"Notebook Asus ExpertBook P1 de 14“ (intel i7-13620H, 16GB Ram, 512GB SSD, Win11 Pro)",Asus,1.0,766990,766990,intel i7-13620H,0,16GB,16.0,Windows 11 Pro,0.0,NotebookStoreCL,1
512GB,512.0,2026-05-02 15:09:19,comercio electrónico,"ASUS Vivobook S16 M3607HA-RP067W – Notebook AMD Ryzen 9, 16"" WUXGA 144Hz, 16GB DDR5, 512GB SSD, Windows 11 Home",Asus,1.0,939990,939990,Ryzen 9,8,16GB,16.0,Windows 11,2.0,SoloTodo,0
512GB,512.0,2026-05-02 20:18:49,e-commerce,"Notebook ASUS ExpertBook B1 B1500 i7-1165G7, 16GB Ram, 512GB SSD, W11Pro, 15.6"" FHD",Asus,1.0,1307990,1307990,i7-1165G7,0,16GB,16.0,Windows 11 Pro,0.0,TodoClick.cl,2
512GB,512.0,2026-05-02 22:21:05,e-commerce,"Notebook Asus ExpertBook P1 de 14“ (intel i7-13620H, 16GB Ram, 512GB SSD, Win11 Pro)",Asus,1.0,766990,766990,intel i7-13620H,0,16GB,16.0,Windows 11 Pro,0.0,NotebookStoreCL,1
512GB,512.0,2026-05-02 22:42:22,e-commerce,"Notebook Asus ExpertBook B1 de 14“ (Ryzen 7-170, 16GB Ram, 512GB SSD, Win11 Pro)",Asus,1.0,859990,859990,Ryzen 7-170,1,16GB,16.0,Windows 11 Pro,0.0,NotebookStoreCL,1
1TB,1024.0,2026-05-02 22:47:57,e-commerce,"Notebook Asus ExpertBook B1 de 14“ (Ryzen 7-170, 64GB Ram, 1TB SSD, Win11 Pro)",Asus,1.0,1499990,1499990,Ryzen 7-170,1,64GB,64.0,Windows 11 Pro,0.0,NotebookStoreCL,1
1tb,1024.0,2026-05-02 17:33:29,e-commerce,Notebook Asus Rog Zephyrus G14 R9 32gb Ram 1tb Ssd Rtx 5060,Asus,1.0,2.869.990,2869990,AMD Ryzen 9 270,1,32gb,32.0,Windows 11 Home,1.0,Mercado Libre,3
SSD 1 TB,1024.0,2026-05-02 15:25:19,comercio electrónico,ASUS ExpertBook P5405CSA-NZ0130X – Notebook Profesional de Alto Rendimiento,Asus,1.0,1199990,1199990,Intel Core Ultra 7 258V (2200 MHz - 4800 MHz),0,32 GB LPDDR5X (4800 MHz),32.0,Windows 11 Pro,0.0,SoloTodo,0
SSD 512 GB,512.0,2026-05-02 15:35:53,comercio electrónico,ASUS VivoBook Go 15 E1504FA-BQ2655W,Asus,1.0,519990,519990,AMD Ryzen 5 7520U (2800 MHz - 4300 MHz),1,8 GB LPDDR5 (3200 MHz),8.0,Windows 11 Home,1.0,SoloTodo,0
512 GB,512.0,2026-05-02 17:30:47,e-commerce,Notebook Asus Vivobook 14 X1404va Intel Core5 16gb Ram 512gb Quiet Blue,Asus,1.0,684.849,684849,Intel Core i5 120U,2,16gb,16.0,Otro,3.0,Mercado Libre,3
1 Tb,1024.0,2026-05-02 18:21:01,e-commerce,Asus Vivobook I9-13900h 16 Gb Ram 1 Tb Ssd 16 60hz W11 Pro,Asus,1.0,1.299.990,1299990,Intel Core i9 13900H,7,16 Gb,16.0,Windows 11,2.0,Mercado Libre,3
512GB,512.0,2026-05-02 22:25:54,e-commerce,"Notebook Asus ExpertBook P1 de 14“ (intel i7-13620H, 16GB Ram, 512GB SSD, Win11 Pro)",Asus,1.0,766990,766990,intel i7-13620H,0,16GB,16.0,Windows 11 Pro,0.0,NotebookStoreCL,1
1TB,1024.0,2026-05-02 21:50:57,e-commerce,"Notebook Asus ExpertBook P1 de 14“ (intel i7-13620H, 64GB Ram, 1TB SSD, Win11 Pro)",Asus,1.0,1259990,1259990,intel i7-13620H,0,64GB,64.0,Windows 11 Pro,0.0,NotebookStoreCL,1
1TB,1024.0,2026-05-02 22:33:11,e-commerce,"Notebook Asus ExpertBook B1 de 14“ (Ryzen 7-170, 64GB Ram, 1TB SSD, Win11 Pro)",Asus,1.0,1499990,1499990,Ryzen 7-170,1,64GB,64.0,Windows 11 Pro,0.0,NotebookStoreCL,1
512GB,512.0,2026-05-02 23:00:30,e-commerce,"Notebook Asus ExpertBook B1 de 15.6“ (Ultra 5 120U, 16GB Ram, 512GB SSD, Win11 Pro)",Asus,1.0,679990,679990,Ultra 5 120U,0,16GB,16.0,Windows 11 Pro,0.0,NotebookStoreCL,1
256GB,256.0,2026-05-02 11:59:16,e-commerce,"ASUS ExpertCenter E3 Intel i3-1215U 8GB 256GB SSD 23.8"" FHD Windows 11 Pro",Asus,1.0,$579.990,579990,Intel i3-1215U,6,8GB,8.0,Windows 11 Pro,0.0,opcstore.cl,7
512 GB,512.0,2026-05-02 18:28:15,e-commerce,Asus Rog Strix G15 G513rm Open Box Color Gris - Excelente (Reacondicionado),Asus,1.0,944.999,944999,AMD 6900HX Ryzen 9,8,16 GB,16.0,Windows 11,2.0,Mercado Libre,3
1 TB SSD,1024.0,2026-05-02 12:43:16,e-commerce,Notebook ASUS ExpertBook B3404CVF I7-1355YU 16Gb SSD 1Tb RTX2050 W11Pr,Asus,1.0,$ 1.379.989,1379989,Intel Core i7 I7-1355U,3,16 GB,16.0,Windows 11 Pro,0.0,SCGLOBAL.CL,14
1TB,1024.0,2026-05-02 22:40:22,e-commerce,"Notebook Asus Expertbook B3 de 14“ (Ultra 7 155H, 16GB Ram, 1TB SSD, Win11 Pro)",Asus,1.0,900990,900990,Ultra 7 155H,0,16GB,16.0,Windows 11 Pro,0.0,NotebookStoreCL,1
1TB,1024.0,2026-05-02 22:09:12,e-commerce,"Notebook Asus ExpertBook B1 de 14“ (Ryzen 7-170, 64GB Ram, 1TB SSD, Win11 Pro)",Asus,1.0,1499990,1499990,Ryzen 7-170,1,64GB,64.0,Windows 11 Pro,0.0,NotebookStoreCL,1
1TB,1024.0,2026-05-02 22:16:48,e-commerce,"Notebook Asus Expertbook B3 de 14“ (Ultra 7 155H, 32GB Ram, 1TB SSD, Win11 Pro)",Asus,1.0,1069990,1069990,Ultra 7 155H,0,32GB,32.0,Windows 11 Pro,0.0,NotebookStoreCL,1
1TB,1024.0,2026-05-02 22:00:51,e-commerce,"Notebook Asus ExpertBook P1 de 14“ (intel i7-13620H, 64GB Ram, 1TB SSD, Win11 Pro)",Asus,1.0,1259990,1259990,intel i7-13620H,0,64GB,64.0,Windows 11 Pro,0.0,NotebookStoreCL,1
512GB,512.0,2026-05-02 19:35:55,e-commerce,"Notebook Vivobook 15 Intel Core 7-150U 15.6"" 60Hz 16GB 512GB SSD Windows...",Asus,1.0,1129990,1129990,Intel Core 7-150U,0,16GB,16.0,Otro,3.0,PC Factory,5
512GB,512.0,2026-05-02 12:37:48,e-commerce,"Portátil - Asus ExpertBook B1 B1403 B1403CVA-S65610X 35.6cm (14"") - Full HD - 60Hz - Intel Core 5 120U - 16GB - 512GB SSD - Español Teclado - Gris - Intel Chip - 1920 x",Asus,1.0,$979.258,979258,Intel Core i5-120U,2,16GB,16.0,Otro,3.0,FSNSTORE.CL,8
1TB,1024.0,2026-05-02 20:36:10,e-commerce,"Notebook Asus ExpertBook B1 B1503 i7-1355U, 16GB DDR5, 1TB SSD, RTX 2050 4G, W11P, 15.6"" Azul",Asus,1.0,1333990,1333990,i7-1355U,0,16GB,16.0,Windows 11 Pro,0.0,TodoClick.cl,2
512GB,512.0,2026-05-02 22:40:47,e-commerce,"Notebook Asus ExpertBook de 14“ (Intel i5-13420H, 16GB Ram, 512GB SSD, Win11 Pro)",Asus,1.0,712990,712990,Intel i5-13420H,2,16GB,16.0,Windows 11 Pro,0.0,NotebookStoreCL,1
1TB,1024.0,2026-05-02 21:01:35,e-commerce,"Notebook Asus B5402CBA-EB1092X i7-1260P, 16GB Ram, 1TB SSD, W11P, 14""",Asus,1.0,825990,825990,i7-1260P,0,16GB,16.0,Windows 11 Pro,0.0,TodoClick.cl,2
512GB,512.0,2026-05-02 21:54:54,e-commerce,"Notebook Asus ExpertBook B1 de 15.6“ (Ultra 5 120U, 16GB Ram, 512GB SSD, Win11 Pro)",Asus,1.0,679990,679990,Ultra 5 120U,0,16GB,16.0,Windows 11 Pro,0.0,NotebookStoreCL,1
1TB,1024.0,2026-05-02 20:45:01,e-commerce,"Notebook Asus ExpertBook B9 OLED 14"" i7-1355U, 64GB Ram, 1TB SSD, W11Pro",Asus,1.0,2182990,2182990,i7-1355U,0,64GB,64.0,Windows 11 Pro,0.0,TodoClick.cl,2
512GB,512.0,2026-05-02 22:16:39,e-commerce,"Notebook Asus ExpertBook de 14“ (Intel i5-13420H, 16GB Ram, 512GB SSD, Win11 Pro)",Asus,1.0,712990,712990,Intel i5-13420H,2,16GB,16.0,Windows 11 Pro,0.0,NotebookStoreCL,1
SSD 2 TB,2048.0,2026-05-02 14:59:23,comercio electrónico,ASUS ROG Strix SCAR 18 G835LX-SA135W – Notebook Gamer de Alto Rendimiento,Asus,1.0,5049990,5049990,Intel Core Ultra 9 275HX (2100 MHz - 5400 MHz),0,64 GB DDR5 (5600 MHz),64.0,Windows 11 Home,1.0,SoloTodo,0
1TB,1024.0,2026-05-02 21:59:07,e-commerce,"Notebook Asus ExpertBook B1 de 14“ (Ryzen 7-170, 64GB Ram, 1TB SSD, Win11 Pro)",Asus,1.0,1499990,1499990,Ryzen 7-170,1,64GB,64.0,Windows 11 Pro,0.0,NotebookStoreCL,1
1TB,1024.0,2026-05-02 20:19:09,e-commerce,"Notebook Asus Expertbook B1 i7-1255U 16GB Ram, 1TB SSD, W11Pro, 14"" FHD",Asus,1.0,799990,799990,i7-1255U,0,16GB,16.0,Windows 11 Pro,0.0,TodoClick.cl,2
512GB,512.0,2026-05-02 21:51:43,e-commerce,"Notebook Asus ExpertBook P1 de 14“ (intel i7-13620H, 16GB Ram, 512GB SSD, Win11 Pro)",Asus,1.0,766990,766990,intel i7-13620H,0,16GB,16.0,Windows 11 Pro,0.0,NotebookStoreCL,1
512gb,512.0,2026-05-02 17:37:24,e-commerce,Notebook Asus Vivobook S16 Amd Ryzen 9 16gb Ram 512gb Ssd 16'',Asus,1.0,1.339.990,1339990,Ryzen 9,8,16gb,16.0,Windows 11 Home,1.0,Mercado Libre,3
512GB,512.0,2026-05-02 22:48:40,e-commerce,"Notebook Asus ExpertBook B1 de 15.6“ (Ultra 5 120U, 16GB Ram, 512GB SSD, Win11 Pro)",Asus,1.0,679990,679990,Ultra 5 120U,0,16GB,16.0,Windows 11 Pro,0.0,NotebookStoreCL,1
SSD 512 GB,512.0,2026-05-02 15:35:14,comercio electrónico,ASUS TUF Gaming A15 FA506NCG-HN193W,Asus,1.0,806990,806990,AMD Ryzen 7 7445HS (3500 MHz - 4700 MHz),1,8 GB DDR5 (5600 MHz),8.0,Windows 11 Home,1.0,SoloTodo,0
1TB,1024.0,2026-05-02 22:52:20,e-commerce,"Notebook Asus ExpertBook B1 de 14“ (Ryzen 7-170, 16GB Ram, 1TB SSD, Win11 Pro)",Asus,1.0,979990,979990,Ryzen 7-170,1,16GB,16.0,Windows 11 Pro,0.0,NotebookStoreCL,1
512GB,512.0,2026-05-02 21:14:18,e-commerce,"Notebook Asus Expertbook B1 I5-1235U, 8GB Ram, 512GB SSD, W11Pro, 14"" FHD",Asus,1.0,1111990,1111990,I5-1235U,0,8GB,8.0,Windows 11 Pro,0.0,TodoClick.cl,2
1TB,1024.0,2026-05-02 22:53:46,e-commerce,"Notebook Asus ExpertBook B1 de 14“ (Ryzen 7-170, 64GB Ram, 1TB SSD, Win11 Pro)",Asus,1.0,1499990,1499990,Ryzen 7-170,1,64GB,64.0,Windows 11 Pro,0.0,NotebookStoreCL,1
SSD 1 TB,1024.0,2026-05-02 15:36:12,comercio electrónico,Notebook Asus TUF Gaming A15 FA506NCQ-HN043W,Asus,1.0,899990,899990,AMD Ryzen 7 170 (3200 MHz - 4750 MHz),1,16 GB DDR5 (4800 MHz),16.0,Windows 11 Home,1.0,SoloTodo,0
512GB,512.0,2026-05-02 12:55:47,e-commerce,ASUS ROG Strix G15 G513RC AMD Ryzen 7 | RTX 3050 | 16GB RAM | 512GB SSD- Buen Estado [90NR08A5-M005K0],Asus,1.0,$799.990 CLP,799990,Ryzen 7,1,16GB,16.0,Windows 11 Pro,0.0,ZTECH.CL,11
SSD 1 TB,1024.0,2026-05-02 15:10:14,comercio electrónico,"ASUS ExpertBook B3 - Notebook de 14"" con Intel Core Ultra 7",Asus,1.0,1033610,1033610,Intel Core Ultra 7 155H (3800 MHz - 4800 MHz),0,32 GB DDR5 (4800 MHz),32.0,Windows 11 Pro,0.0,SoloTodo,0
1TB,1024.0,2026-05-02 21:57:02,e-commerce,"Notebook Asus Expertbook B3 de 14“ (Ultra 7 155H, 32GB Ram, 1TB SSD, Win11 Pro)",Asus,1.0,1069990,1069990,Ultra 7 155H,0,32GB,32.0,Windows 11 Pro,0.0,NotebookStoreCL,1
SSD 512 GB,512.0,2026-05-02 14:53:08,comercio electrónico,ASUS VivoBook 15 M1502YA-NJ741W,Asus,1.0,669990,669990,AMD Ryzen 7 7730U (2000 MHz - 4500 MHz),1,16 GB DDR4 (3200 MHz),16.0,Windows 11 Home,1.0,SoloTodo,0
512GB,512.0,2026-05-02 22:09:57,e-commerce,"Notebook Asus ExpertBook B1 de 15.6“ (Ultra 5 120U, 16GB Ram, 512GB SSD, Win11 Pro)",Asus,1.0,679990,679990,Ultra 5 120U,0,16GB,16.0,Windows 11 Pro,0.0,NotebookStoreCL,1
SSD 1 TB,1024.0,2026-05-02 15:14:00,comercio electrónico,ASUS ZenBook A14 Copilot+ PC UX3407QA-QD291W,Asus,1.0,1349990,1349990,Qualcomm Snapdragon X X1-26-100 (2980 MHz),0,32 GB LPDDR5X (8448 MHz),32.0,Windows 11 Home,1.0,SoloTodo,0
1TB,1024.0,2026-05-02 22:49:13,e-commerce,"Notebook Asus ExpertBook de 14“ (Intel Core i5-13420H, 16GB Ram, 1TB SSD, Win11 Pro)",Asus,1.0,849990,849990,Intel Core i5-13420H,2,16GB,16.0,Windows 11 Pro,0.0,NotebookStoreCL,1
SSD 512 GB,512.0,2026-05-02 15:55:20,comercio electrónico,ASUS Vivobook Go 15 E1504FA-BQ4672W,Asus,1.0,619990,619990,AMD Ryzen 5 40 (2800 MHz - 4300 MHz),4,16 GB LPDDR5 (3200 MHz),16.0,Windows 11 Home,1.0,SoloTodo,0
512gb,512.0,2026-05-02 18:29:44,e-commerce,Notebook Asus Vivobook Amd Ryzen 7 16gb Ram 512gb Ssd 16' Negro,Asus,1.0,859.990,859990,Ryzen 7,1,16gb,16.0,Windows 11 Home,1.0,Mercado Libre,3
512GB,512.0,2026-05-02 20:23:08,e-commerce,"Notebook Asus ExpertBook B1 B1500 i7-1165G7 16GB Ram, 512GB SSD, MX330 W10P 15.6""",Asus,1.0,978990,978990,i7-1165G7,0,16GB,16.0,Windows 10,5.0,TodoClick.cl,2
1tb,1024.0,2026-05-02 17:27:07,e-commerce,Notebook Asus Zenbook 14 Oled Ultra7 16gb Ram 1tb Ssd Azul Marino,Asus,1.0,1.729.990,1729990,Intel Intel Core Ultra 7 255H,0,16gb,16.0,Otro,3.0,Mercado Libre,3
512GB,512.0,2026-05-02 20:47:18,e-commerce,"Notebook Asus B1 B1402CVA-NK0647X I5-1335, 8GB Ram, 512GB SSD, W11P",Asus,1.0,752990,752990,I5-1335,0,8GB,8.0,Windows 11 Pro,0.0,TodoClick.cl,2
SSD 1 TB,1024.0,2026-05-02 15:24:02,comercio electrónico,Notebook Asus Zenbook S 16 OLED UM5606KA-RJ114W,Asus,1.0,1599990,1599990,AMD Ryzen AI 7 350 (2000 MHz - 5000 MHz),1,24 GB LPDDR5X (3733 MHz),24.0,Windows 11 Home,1.0,SoloTodo,0
SSD 1 TB,1024.0,2026-05-02 15:46:47,comercio electrónico,ASUS ROG Strix G17 G713PV-WS94,Asus,1.0,1669990,1669990,AMD Ryzen 9 7845HX (3000 MHz - 5200 MHz),1,16 GB DDR5 (4800 MHz),16.0,Windows 11 Home,1.0,SoloTodo,0
SSD 512 GB,512.0,2026-05-02 14:54:45,comercio electrónico,Notebook Gamer ASUS TUF Gaming A16 FA607NUG-RL175W,Asus,1.0,1269990,1269990,AMD Ryzen 7 7445HS (3500 MHz - 4700 MHz),1,32 GB DDR5 (5600 MHz),32.0,Windows 11 Home,1.0,SoloTodo,0
1TB,1024.0,2026-05-02 20:44:40,e-commerce,"Notebook Asus ExpertBook B5 14"" Intel Core Ultra 7 155H, 32GB Ram, 1TB SSD, W11Pro",Asus,1.0,1327990,1327990,Intel Core Ultra 7 155H,0,32GB,32.0,Windows 11 Pro,0.0,TodoClick.cl,2
512GB,512.0,2026-05-02 21:15:54,e-commerce,"Notebook ASUS ExpertBook B1400CEAE-EK5015R i7-1165G7, 8GB Ram, 512GB SSD, W10Pro 14""",Asus,1.0,1145990,1145990,i7-1165G7,0,8GB,8.0,Windows 10,5.0,TodoClick.cl,2
512GB,512.0,2026-05-02 22:33:45,e-commerce,"Notebook Asus ExpertBook de 14“ (Intel i5-13420H, 64GB Ram, 512GB SSD, Win11 Pro)",Asus,1.0,989990,989990,Intel i5-13420H,2,64GB,64.0,Windows 11 Pro,0.0,NotebookStoreCL,1
1TB,1024.0,2026-05-02 22:56:37,e-commerce,"Notebook Asus ExpertBook de 14“ (Intel Core i5-13420H, 64GB Ram, 1TB SSD, Win11 Pro)",Asus,1.0,1099990,1099990,Intel Core i5-13420H,2,64GB,64.0,Windows 11 Pro,0.0,NotebookStoreCL,1
SSD 512 GB,512.0,2026-05-02 15:25:14,comercio electrónico,ASUS ExpertBook B3 B3405CCA-LY0731X – Notebook Empresarial de Alto Rendimiento,Asus,1.0,989990,989990,Intel Core Ultra 7 255H (4400 MHz - 5100 MHz),0,16 GB DDR5 (4800 MHz),16.0,Windows 11 Pro,0.0,SoloTodo,0
512GB,512.0,2026-05-02 22:28:59,e-commerce,"Notebook Asus ExpertBook B1 de 15.6“ (Ultra 5 120U, 16GB Ram, 512GB SSD, Win11 Pro)",Asus,1.0,679990,679990,Ultra 5 120U,0,16GB,16.0,Windows 11 Pro,0.0,NotebookStoreCL,1
512 GB,512.0,2026-05-02 17:54:39,e-commerce,Notebook Asus Tuf Gaming A15 R5 8gb 512gb 2050 - Excelente (Reacondicionado),Asus,1.0,579.990,579990,AMD Ryzen 5 7535HS,1,8gb,8.0,Windows 11 Home,1.0,Mercado Libre,3
512GB,512.0,2026-05-02 21:10:37,e-commerce,"Notebook Gamer Asus TUF Gaming F15 i5-10300H, GTX 1650, 8GB Ram, 512GB SSD, 15,6"", W11H",Asus,1.0,733990,733990,i5-10300H,0,8GB,8.0,Windows 11,2.0,TodoClick.cl,2
1TB,1024.0,2026-05-02 22:35:27,e-commerce,"Notebook Asus Expertbook B3 de 14“ (Ultra 7 155H, 16GB Ram, 1TB SSD, Win11 Pro)",Asus,1.0,900990,900990,Ultra 7 155H,0,16GB,16.0,Windows 11 Pro,0.0,NotebookStoreCL,1
512 GB,512.0,2026-05-02 18:17:54,e-commerce,Notebook Asus Zenbook Ux3405ma Intel Core U7 16gb 512gb Oled (Nuevo con caja abierta),Asus,1.0,799.984,799984,Intel Core Ultra 7,0,16gb,16.0,Windows 11 Home,1.0,Mercado Libre,3
1TB,1024.0,2026-05-02 22:12:03,e-commerce,"Notebook Asus Expertbook B3 de 14“ (Ultra 7 155H, 32GB Ram, 1TB SSD, Win11 Pro)",Asus,1.0,1069990,1069990,Ultra 7 155H,0,32GB,32.0,Windows 11 Pro,0.0,NotebookStoreCL,1
512GB,512.0,2026-05-02 22:18:13,e-commerce,"Notebook Asus ExpertBook B1 de 14“ (Ryzen 7-170, 16GB Ram, 512GB SSD, Win11 Pro)",Asus,1.0,859990,859990,Ryzen 7-170,1,16GB,16.0,Windows 11 Pro,0.0,NotebookStoreCL,1
1TB PCIe 4.0 NVMe M.2 SSD,1024.0,2026-05-02 19:39:01,e-commerce,Notebook Asus ROG STRIX G16 GAMING,Asus,1.0,$1.699.990,1699990,AMD Ryzen 9 9955HX,4,16GB DDR5-5600 SO-DIMM,16.0,Windows 11,2.0,SMARTDEAL,4
1TB,1024.0,2026-05-02 22:49:39,e-commerce,"Notebook Asus ExpertBook P1 de 14“ (intel i7-13620H, 64GB Ram, 1TB SSD, Win11 Pro)",Asus,1.0,1259990,1259990,intel i7-13620H,0,64GB,64.0,Windows 11 Pro,0.0,NotebookStoreCL,1
1TB,1024.0,2026-05-02 21:52:10,e-commerce,"Notebook Asus Expertbook B3 de 14“ (Ultra 7 155H, 32GB Ram, 1TB SSD, Win11 Pro)",Asus,1.0,1069990,1069990,Ultra 7 155H,0,32GB,32.0,Windows 11 Pro,0.0,NotebookStoreCL,1
1TB,1024.0,2026-05-02 22:29:59,e-commerce,"Notebook Asus ExpertBook P1 de 14“ (intel i7-13620H, 64GB Ram, 1TB SSD, Win11 Pro)",Asus,1.0,1259990,1259990,intel i7-13620H,0,64GB,64.0,Windows 11 Pro,0.0,NotebookStoreCL,1
SSD 512 GB,512.0,2026-05-02 15:08:12,comercio electrónico,ASUS Vivobook 15 X1504VA-BQ4206W,Asus,1.0,679990,679990,Intel Core 5-120U (900 MHz - 5000 MHz),0,16 GB DDR5 (4800 MHz),16.0,Windows 11 Home,1.0,SoloTodo,0
SSD 512 GB,512.0,2026-05-02 15:12:44,comercio electrónico,Notebook Gamer ASUS TUF Gaming A15 FA506NCG-HN196W,Asus,1.0,839990,839990,AMD Ryzen 7 7445HS (3500 MHz - 4700 MHz),1,16 GB DDR5 (5600 MHz),16.0,Windows 11 Home,1.0,SoloTodo,0
512GB,512.0,2026-05-02 17:36:45,e-commerce,"Notebook Asus Vivobook Go 14 Intel Core 3 8GB RAM 512GB SSD 14""",Asus,1.0,579.990,579990,Intel Core i3-N305,6,8GB,8.0,Windows 11 Home,1.0,Mercado Libre,3
512GB,512.0,2026-05-02 21:11:23,e-commerce,"Notebook Asus Expertbook B5 B5602CBN-L20059X i7-1260P, 16GB Ram, 512GB SSD, W11Pro, 14"" OLED",Asus,1.0,1937990,1937990,i7-1260P,0,16GB,16.0,Windows 11 Pro,0.0,TodoClick.cl,2
SSD 1 TB,1024.0,2026-05-02 14:47:41,comercio electrónico,Notebook ASUS Zenbook Duo UX8406CA-PZ179W,Asus,1.0,1899990,1899990,Intel Core Ultra 9 285H (4500 MHz - 5400 MHz),0,32 GB LPDDR5X (6400 MHz),32.0,Windows 11 Home,1.0,SoloTodo,0
1TB,1024.0,2026-05-02 23:01:37,e-commerce,"Notebook Asus ExpertBook de 14“ (Intel Core i5-13420H, 64GB Ram, 1TB SSD, Win11 Pro)",Asus,1.0,1099990,1099990,Intel Core i5-13420H,2,64GB,64.0,Windows 11 Pro,0.0,NotebookStoreCL,1
512GB,512.0,2026-05-02 21:48:35,e-commerce,"Notebook Asus ExpertBook B1 de 14“ (Ryzen 7-170, 16GB Ram, 512GB SSD, Win11 Pro)",Asus,1.0,859990,859990,Ryzen 7-170,1,16GB,16.0,Windows 11 Pro,0.0,NotebookStoreCL,1
512 GB,512.0,2026-05-02 19:56:04,e-commerce,"Notebook Asus ExpertBook P1 Intel Core I7 13620H 16 GB 14"" 512 GB SSD Gris",Asus,1.0,864990,864990,Intel Core I7,3,16 GB,16.0,Otro,3.0,TodoClick.cl,2
1TB,1024.0,2026-05-02 22:34:43,e-commerce,"Notebook Asus ExpertBook de 14“ (Intel Core i5-13420H, 32GB Ram, 1TB SSD, Win11 Pro)",Asus,1.0,999990,999990,Intel Core i5-13420H,2,32GB,32.0,Windows 11 Pro,0.0,NotebookStoreCL,1
128gb,128.0,2026-05-02 17:49:05,e-commerce,Notebook Asus Vivobook Go Intel Core I3 8gb 128gb Ssd 15.6,Asus,1.0,499.990,499990,Intel Core I3,6,8gb,8.0,Windows 11 Home,1.0,Mercado Libre,3
1TB,1024.0,2026-05-02 21:53:48,e-commerce,"Notebook Asus ExpertBook B1 de 14“ (Ryzen 7-170, 16GB Ram, 1TB SSD, Win11 Pro)",Asus,1.0,979990,979990,Ryzen 7-170,1,16GB,16.0,Windows 11 Pro,0.0,NotebookStoreCL,1
512GB,512.0,2026-05-02 22:04:54,e-commerce,"Notebook Asus ExpertBook B1 de 15.6“ (Ultra 5 120U, 16GB Ram, 512GB SSD, Win11 Pro)",Asus,1.0,679990,679990,Ultra 5 120U,0,16GB,16.0,Windows 11 Pro,0.0,NotebookStoreCL,1
1TB,1024.0,2026-05-02 23:02:40,e-commerce,"Notebook Asus Expertbook B3 de 14“ (Ultra 7 155H, 32GB Ram, 1TB SSD, Win11 Pro)",Asus,1.0,1069990,1069990,Ultra 7 155H,0,32GB,32.0,Windows 11 Pro,0.0,NotebookStoreCL,1
1TB,1024.0,2026-05-02 22:11:28,e-commerce,"Notebook Asus Expertbook B3 de 14“ (Ultra 7 155H, 16GB Ram, 1TB SSD, Win11 Pro)",Asus,1.0,900990,900990,Ultra 7 155H,0,16GB,16.0,Windows 11 Pro,0.0,NotebookStoreCL,1
512GB,512.0,2026-05-02 22:45:49,e-commerce,"Notebook Asus ExpertBook de 14“ (Intel i5-13420H, 16GB Ram, 512GB SSD, Win11 Pro)",Asus,1.0,712990,712990,Intel i5-13420H,2,16GB,16.0,Windows 11 Pro,0.0,NotebookStoreCL,1
512GB,512.0,2026-05-02 22:57:22,e-commerce,"Notebook Asus ExpertBook P1 de 14“ (intel i7-13620H, 16GB Ram, 512GB SSD, Win11 Pro)",Asus,1.0,766990,766990,intel i7-13620H,0,16GB,16.0,Windows 11 Pro,0.0,NotebookStoreCL,1
SSD 1 TB,1024.0,2026-05-02 15:05:11,comercio electrónico,Notebook Asus ROG Strix G16 G615LR-S5064W,Asus,1.0,2949990,2949990,Intel Core Ultra 9 275HX (2100 MHz - 5400 MHz),0,32 GB DDR5 (5600 MHz),32.0,Windows 11 Home,1.0,SoloTodo,0
512GB,512.0,2026-05-02 20:17:38,e-commerce,"Notebook Gamer Asus TUF Gaming F15 i7-11800H, GTX 3050, 8GB Ram, 512GB SSD, 15,6"", W11H",Asus,1.0,799990,799990,i7-11800H,0,8GB,8.0,Windows 11,2.0,TodoClick.cl,2
512 GB,512.0,2026-05-02 18:13:55,e-commerce,Asus Vivobook 15 Ryzen 5 7530u | 16gb Ram | 512 Ssd | Win 11,Asus,1.0,751.990,751990,Ryzen 5,4,16gb,16.0,Windows 11 Home,1.0,Mercado Libre,3
1TB,1024.0,2026-05-02 22:35:00,e-commerce,"Notebook Asus ExpertBook de 14“ (Intel Core i5-13420H, 64GB Ram, 1TB SSD, Win11 Pro)",Asus,1.0,1099990,1099990,Intel Core i5-13420H,2,64GB,64.0,Windows 11 Pro,0.0,NotebookStoreCL,1
1TB,1024.0,2026-05-02 22:42:55,e-commerce,"Notebook Asus ExpertBook B1 de 14“ (Ryzen 7-170, 64GB Ram, 1TB SSD, Win11 Pro)",Asus,1.0,1499990,1499990,Ryzen 7-170,1,64GB,64.0,Windows 11 Pro,0.0,NotebookStoreCL,1
256GB,256.0,2026-05-02 19:44:17,e-commerce,"Notebook ASUS Expertbook B1402CBA, Intel® Core™ I3-1215U, 8GB DDR4, 256GB SSD, USB 3.2, Wi-Fi 6, Bluetooth® 5.3, HDMI, 14"" HD, Windows 11 Home (90NX05V1-M009F0).",Asus,1.0,$393.990,393990,I3-1215U,0,8GB,8.0,Windows 11,2.0,BIP,10
1TB,1024.0,2026-05-02 22:08:47,e-commerce,"Notebook Asus ExpertBook B1 de 14“ (Ryzen 7-170, 16GB Ram, 1TB SSD, Win11 Pro)",Asus,1.0,979990,979990,Ryzen 7-170,1,16GB,16.0,Windows 11 Pro,0.0,NotebookStoreCL,1
512gb,512.0,2026-05-02 17:24:51,e-commerce,Notebook Asus Vivobook 15 Intel Core 5 12gb Ram 512gb Ssd Azul Marino,Asus,1.0,779.990,779990,Intel Core i5 13420H,2,12gb,12.0,Otro,3.0,Mercado Libre,3
512 GB,512.0,2026-05-02 17:10:31,e-commerce,"Asus Vivobook Go 14 E1404ga-nk322w I3-n305, 8gb, 512gb, 14 Mixed Black",Asus,1.0,509.088,509088,Intel Core i3 N305,6,8gb,8.0,Windows 11 Home,1.0,Mercado Libre,3
512 GB,512.0,2026-05-02 20:35:59,e-commerce,"Notebook ASUS ExpertBook P3 14"" AMD Ryzen 7 350 / 5.0 GHz 16 GB SDRAM 512 GB SSD AMD Radeon",Asus,1.0,1165990,1165990,Ryzen 7,1,16 GB,16.0,Otro,3.0,TodoClick.cl,2
512GB,512.0,2026-05-02 12:36:49,e-commerce,Notebook ASUS Vivobook Go 14 Ryzen 5 8GB 512GB SSD,Asus,1.0,$611.357,611357,Ryzen 5,4,8GB,8.0,Windows 11 Home,1.0,FSNSTORE.CL,8
512 Gb,512.0,2026-05-02 17:18:34,e-commerce,Notebook Asus Vivobook 14 Intel Core 5 16 Gb Ram 512 Gb Ssd Gris,Asus,1.0,829.990,829990,Intel Core i5 120U,2,16 Gb,16.0,Otro,3.0,Mercado Libre,3
SSD 512 GB,512.0,2026-05-02 15:53:15,comercio electrónico,ASUS VivoBook 14 X1404VA-EB1439W,Asus,1.0,579990,579990,Intel Core 5-120U (900 MHz - 5000 MHz),0,8 GB DDR4 (3200 MHz),8.0,Windows 11 Home,1.0,SoloTodo,0
SSD 1 TB,1024.0,2026-05-02 14:47:50,comercio electrónico,ASUS Zenbook 14 OLED UX3405CA-PZ440W,Asus,1.0,1549990,1549990,Intel Core Ultra 9 285H (4500 MHz - 5400 MHz),0,32 GB LPDDR5X (4800 MHz),32.0,Windows 11 Home,1.0,SoloTodo,0
1TB,1024.0,2026-05-02 22:10:56,e-commerce,"Notebook Asus ExpertBook P1 de 14“ (intel i7-13620H, 64GB Ram, 1TB SSD, Win11 Pro)",Asus,1.0,1259990,1259990,intel i7-13620H,0,64GB,64.0,Windows 11 Pro,0.0,NotebookStoreCL,1
1TB,1024.0,2026-05-02 17:41:37,e-commerce,"Notebook Rog Zephyrus G16 Intel Core Ultra 9 32GB RAM 1TB SSD RTX 4070 16""",Asus,1.0,3.359.990,3359990,Intel Core Ultra 9 185H,0,32GB,32.0,Windows 11 Home,1.0,Mercado Libre,3
1TB,1024.0,2026-05-02 22:28:17,e-commerce,"Notebook Asus ExpertBook B1 de 14“ (Ryzen 7-170, 64GB Ram, 1TB SSD, Win11 Pro)",Asus,1.0,1499990,1499990,Ryzen 7-170,1,64GB,64.0,Windows 11 Pro,0.0,NotebookStoreCL,1
1TB,1024.0,2026-05-02 22:13:32,e-commerce,"Notebook Asus ExpertBook B1 de 14“ (Ryzen 7-170, 16GB Ram, 1TB SSD, Win11 Pro)",Asus,1.0,979990,979990,Ryzen 7-170,1,16GB,16.0,Windows 11 Pro,0.0,NotebookStoreCL,1
SSD 1 TB,1024.0,2026-05-02 15:05:46,comercio electrónico,"ASUS ROG Strix G16 G614PH-S5082W - Notebook Gamer 16"" QHD",Asus,1.0,1779990,1779990,AMD Ryzen 9 8940HX (2400 MHz - 5300 MHz),4,32 GB DDR5 (5600 MHz),32.0,Windows 11 Home,1.0,SoloTodo,0
1TB,1024.0,2026-05-02 23:01:21,e-commerce,"Notebook Asus ExpertBook de 14“ (Intel Core i5-13420H, 32GB Ram, 1TB SSD, Win11 Pro)",Asus,1.0,999990,999990,Intel Core i5-13420H,2,32GB,32.0,Windows 11 Pro,0.0,NotebookStoreCL,1
SSD 512 GB,512.0,2026-05-02 16:11:15,comercio electrónico,Notebook ASUS VivoBook 16X M3604YA-MB108W,Asus,1.0,799990,799990,AMD Ryzen 7 7730U (2000 MHz - 4500 MHz),1,16 GB DDR4 (3200 MHz),16.0,Windows 11 Home,1.0,SoloTodo,0
512 GB,512.0,2026-05-02 18:15:00,e-commerce,Notebook Asus Tuf Gaming F16 Int Core 5 16gb 512gb Rtx 3050 Negro,Asus,1.0,649.990,649990,Intel Core i5 210H,2,16gb,16.0,Windows 11 Home,1.0,Mercado Libre,3
1TB,1024.0,2026-05-02 21:49:11,e-commerce,"Notebook Asus ExpertBook B1 de 14“ (Ryzen 7-170, 64GB Ram, 1TB SSD, Win11 Pro)",Asus,1.0,1499990,1499990,Ryzen 7-170,1,64GB,64.0,Windows 11 Pro,0.0,NotebookStoreCL,1
1TB,1024.0,2026-05-02 12:34:16,e-commerce,"Portátil - Asus ExpertBook B5 B5405 B5405CCA-LY0210X 35.6cm (14"") - WUXGA - Intel Core Ultra 7 255H - 32GB - 1TB SSD - Lector de tarjetas inteligente - Gris",Asus,1.0,$1.655.980,1655980,Intel Core Ultra 7 255H,0,32GB,32.0,Otro,3.0,FSNSTORE.CL,8
512GB,512.0,2026-05-02 20:05:19,e-commerce,"Notebook Asus Expertbook B1 I5-1235U, 16GB Ram, 512GB SSD, W11P",Asus,1.0,549990,549990,I5-1235U,0,16GB,16.0,Windows 11 Pro,0.0,TodoClick.cl,2
512gb,512.0,2026-05-02 17:45:24,e-commerce,Notebook Asus Vivobook 15 Amd Ryzen 7 16gb Ram 512gb Ssd 15.6'',Asus,1.0,1.009.990,1009990,Ryzen 7,1,16gb,16.0,Windows 11 Home,1.0,Mercado Libre,3
512GB SSD,512.0,2026-05-02 19:43:22,e-commerce,Notebook ASUS Vivobook 14 X1404V,Asus,1.0,$ 739.990,739990,Intel Core i7-1355U,3,12 GB,12.0,Windows 11,2.0,PORTATILCHILE,9
1TB,1024.0,2026-05-02 22:25:45,e-commerce,"Notebook Asus Expertbook B3 de 14“ (Ultra 7 155H, 16GB Ram, 1TB SSD, Win11 Pro)",Asus,1.0,900990,900990,Ultra 7 155H,0,16GB,16.0,Windows 11 Pro,0.0,NotebookStoreCL,1
1TB,1024.0,2026-05-02 22:15:40,e-commerce,"Notebook Asus ExpertBook P1 de 14“ (intel i7-13620H, 64GB Ram, 1TB SSD, Win11 Pro)",Asus,1.0,1259990,1259990,intel i7-13620H,0,64GB,64.0,Windows 11 Pro,0.0,NotebookStoreCL,1
SSD 1 TB,1024.0,2026-05-02 15:05:05,comercio electrónico,ASUS TUF Gaming A16 FA608UP,Asus,1.0,1799000,1799000,AMD Ryzen 9 270 (4000 MHz - 5200 MHz),1,32 GB DDR5 (5600 MHz),32.0,Windows 11 Home,1.0,SoloTodo,0
1TB,1024.0,2026-05-02 22:20:01,e-commerce,"Notebook Asus ExpertBook de 14“ (Intel Core i5-13420H, 16GB Ram, 1TB SSD, Win11 Pro)",Asus,1.0,849990,849990,Intel Core i5-13420H,2,16GB,16.0,Windows 11 Pro,0.0,NotebookStoreCL,1
SSD 512 GB,512.0,2026-05-02 15:26:03,comercio electrónico,Notebook ASUS TUF Gaming F16 FX607VJ-RL027W,Asus,1.0,849990,849990,Intel Core 5-210H (1600 MHz - 4800 MHz),0,16 GB DDR4 (3200 MHz),16.0,Windows 11 Home,1.0,SoloTodo,0
512gb,512.0,2026-05-02 17:54:30,e-commerce,Notebook Asus Gaming V16 Intel Core 7 16gb Ram 512gb Ssd Rtx 5050 16,Asus,1.0,1.579.990,1579990,Intel Intel Core 7 240H,0,16gb,16.0,Windows 11 Home,1.0,Mercado Libre,3
1TB,1024.0,2026-05-02 22:49:30,e-commerce,"Notebook Asus ExpertBook de 14“ (Intel Core i5-13420H, 32GB Ram, 1TB SSD, Win11 Pro)",Asus,1.0,999990,999990,Intel Core i5-13420H,2,32GB,32.0,Windows 11 Pro,0.0,NotebookStoreCL,1
512GB,512.0,2026-05-02 21:53:41,e-commerce,"Notebook Asus ExpertBook B1 de 14“ (Ryzen 7-170, 16GB Ram, 512GB SSD, Win11 Pro)",Asus,1.0,859990,859990,Ryzen 7-170,1,16GB,16.0,Windows 11 Pro,0.0,NotebookStoreCL,1
512 GB,512.0,2026-05-02 19:45:57,e-commerce,"ASUS - Notebook - 15.6"" - Intel Core 5 210H / 2.5 GHz - 16 GB - DDR5 SDRAM - 512 GB SSD - Integrated Graphics",Asus,1.0,$888.362,888362,Intel Core 5 210H,0,16 GB,16.0,Otro,3.0,MYSHOP,13
512GB,512.0,2026-05-02 22:16:21,e-commerce,"Notebook Asus ExpertBook P1 de 14“ (intel i7-13620H, 16GB Ram, 512GB SSD, Win11 Pro)",Asus,1.0,766990,766990,intel i7-13620H,0,16GB,16.0,Windows 11 Pro,0.0,NotebookStoreCL,1
512 GB,512.0,2026-05-02 20:39:27,e-commerce,"Notebook ASUS 14"" AMD Ryzen 5 330 / 4.5 GHz 16 GB SDRAM 512 GB SSD AMD Radeon Gris",Asus,1.0,892990,892990,Ryzen 5,4,16 GB,16.0,Otro,3.0,TodoClick.cl,2
1TB,1024.0,2026-05-02 22:45:57,e-commerce,"Notebook Asus Expertbook B3 de 14“ (Ultra 7 155H, 32GB Ram, 1TB SSD, Win11 Pro)",Asus,1.0,1069990,1069990,Ultra 7 155H,0,32GB,32.0,Windows 11 Pro,0.0,NotebookStoreCL,1
SSD 512 GB,512.0,2026-05-02 14:48:37,comercio electrónico,ASUS TUF Gaming F16 FX607VJ-RL028W,Asus,1.0,699900,699900,Intel Core 5-210H (1600 MHz - 4800 MHz),0,8 GB DDR4 (3200 MHz),8.0,Windows 11 Home,1.0,SoloTodo,0
1 TB,1024.0,2026-05-02 19:36:01,e-commerce,"Notebook ExpertBook B5 Intel Ultra 7 255H 32GB RAM 1 TB SSD 14"" Windows ...",Asus,1.0,1499990,1499990,Intel Ultra 7 255H,0,32GB,32.0,Otro,3.0,PC Factory,5
256GB,256.0,2026-05-02 21:14:56,e-commerce,"Notebook ASUS B1400CEAE-EK2271R i7-1165G7 8GB 256GB SSD 14"" W10Pro",Asus,1.0,1161990,1161990,i7-1165G7,0,8GB,8.0,Windows 10,5.0,TodoClick.cl,2
512GB,512.0,2026-05-02 22:01:37,e-commerce,"Notebook Asus ExpertBook P1 de 14“ (intel i7-13620H, 16GB Ram, 512GB SSD, Win11 Pro)",Asus,1.0,766990,766990,intel i7-13620H,0,16GB,16.0,Windows 11 Pro,0.0,NotebookStoreCL,1
512GB,512.0,2026-05-02 20:16:29,e-commerce,"Notebook Asus VivoBook Go 15 OLED Ryzen 5 7520U, 8GB Ram, 512GB SSD, 15.6"", W11H",Asus,1.0,715990,715990,Ryzen 5,4,8GB,8.0,Windows 11,2.0,TodoClick.cl,2
1TB,1024.0,2026-05-02 21:02:39,e-commerce,"Notebook Asus Zenbook 14X OLED, i9-13900H, 16GB RAM, 1TB SSD, W11H, 14.5""",Asus,1.0,1407990,1407990,i9-13900H,0,16GB,16.0,Windows 11,2.0,TodoClick.cl,2
512GB,512.0,2026-05-02 22:21:22,e-commerce,"Notebook Asus ExpertBook de 14“ (Intel i5-13420H, 16GB Ram, 512GB SSD, Win11 Pro)",Asus,1.0,712990,712990,Intel i5-13420H,2,16GB,16.0,Windows 11 Pro,0.0,NotebookStoreCL,1
SSD 512 GB,512.0,2026-05-02 15:01:18,comercio electrónico,Notebook ASUS TUF Gaming A15 FA506NC-HN002W,Asus,1.0,699990,699990,AMD Ryzen 5 7535HS (3300 MHz - 4550 MHz),1,8 GB DDR5 (4800 MHz),8.0,Windows 11 Home,1.0,SoloTodo,0
512GB,512.0,2026-05-02 22:14:39,e-commerce,"Notebook Asus ExpertBook B1 de 15.6“ (Ultra 5 120U, 16GB Ram, 512GB SSD, Win11 Pro)",Asus,1.0,679990,679990,Ultra 5 120U,0,16GB,16.0,Windows 11 Pro,0.0,NotebookStoreCL,1
1tb,1024.0,2026-05-02 17:32:14,e-commerce,Notebook Asus Tuf Gaming F16 Intel Core I5 32gb Ram 1tb Ssd Rtx 5050 16'',Asus,1.0,1.769.990,1769990,Intel Core I5,2,32gb,32.0,Windows 11 Home,1.0,Mercado Libre,3
1tb,1024.0,2026-05-02 17:54:08,e-commerce,Notebook Asus Zenbook Duo Ultra 9 32gb Ram 1tb Ssd - Excelente (Reacondicionado),Asus,1.0,1.550.000,1550000,Intel Core Ultra 9 185H,0,32gb,32.0,Windows 11 Home,1.0,Mercado Libre,3
SSD 512 GB,512.0,2026-05-02 15:34:35,comercio electrónico,ASUS ExpertBook P3 PM3406CKA-LY0432X – Notebook Profesional de Alto Rendimiento,Asus,1.0,1125370,1125370,AMD Ryzen AI 7 350 (2000 MHz - 5000 MHz),1,16 GB DDR5 (4800 MHz),16.0,Windows 11 Pro,0.0,SoloTodo,0
1TB,1024.0,2026-05-02 22:47:33,e-commerce,"Notebook Asus ExpertBook B1 de 14“ (Ryzen 7-170, 16GB Ram, 1TB SSD, Win11 Pro)",Asus,1.0,979990,979990,Ryzen 7-170,1,16GB,16.0,Windows 11 Pro,0.0,NotebookStoreCL,1
512GB,512.0,2026-05-02 17:20:02,e-commerce,"Notebook Asus X1605va-mb205w Intel I9-13900h 16GB RAM 512GB SSD, 16"" Indie Black",Asus,1.0,1.004.743,1004743,Intel I9-13900h,7,16GB,16.0,Windows 11 Home,1.0,Mercado Libre,3
SSD 512 GB,512.0,2026-05-02 15:28:57,comercio electrónico,ASUS Vivobook Go 14 E1404GA-NK322W,Asus,1.0,419990,419990,Intel Core i3-N305 (1800 MHz - 3800 MHz),6,8 GB DDR4 (3200 MHz),8.0,Windows 11 Home,1.0,SoloTodo,0
HDD 1 TB (5400rpm),1024.0,2026-05-02 16:09:09,comercio electrónico,Notebook ASUS X543UA-DM2074T,Asus,1.0,319990,319990,Intel Core i5-8250U (1600 MHz - 3400 MHz),2,8 GB DDR4 (2400 MHz),8.0,Windows 10 Home,8.0,SoloTodo,0
1tb,1024.0,2026-05-02 17:31:25,e-commerce,Notebook Asus Proart Touch Rz Ai 9 32gb 1tb Ssd Rtx5070 16'' Negro,Asus,1.0,3.189.990,3189990,AMD AMD Ryzen Ryzen AI9,8,32gb,32.0,Windows 11 Home,1.0,Mercado Libre,3
SSD 512 GB,512.0,2026-05-02 14:56:07,comercio electrónico,ASUS ExpertBook B1503CVA-S75898X,Asus,1.0,656870,656870,Intel Core 5-120U (900 MHz - 5000 MHz),0,16 GB DDR5 (4800 MHz),16.0,Windows 11 Pro,0.0,SoloTodo,0
512gb,512.0,2026-05-02 17:46:48,e-commerce,Notebook Asus Vivobook Go 14 Intel Core I3 8gb 512gb Ssd Negro,Asus,1.0,549.990,549990,Intel Core I3,6,8gb,8.0,Otro,3.0,Mercado Libre,3
512GB,512.0,2026-05-02 21:56:37,e-commerce,"Notebook Asus ExpertBook P1 de 14“ (intel i7-13620H, 16GB Ram, 512GB SSD, Win11 Pro)",Asus,1.0,766990,766990,intel i7-13620H,0,16GB,16.0,Windows 11 Pro,0.0,NotebookStoreCL,1
512GB,512.0,2026-05-02 21:38:27,e-commerce,"Notebook ASUS B9400CEA-KC0665R i7-1165G7 16GB 512GB SSD 14"" W10pro",Asus,1.0,1649990,1649990,i7-1165G7,0,16GB,16.0,Windows 10,5.0,TodoClick.cl,2
1TB,1024.0,2026-05-02 22:38:02,e-commerce,"Notebook Asus ExpertBook B1 de 14“ (Ryzen 7-170, 64GB Ram, 1TB SSD, Win11 Pro)",Asus,1.0,1499990,1499990,Ryzen 7-170,1,64GB,64.0,Windows 11 Pro,0.0,NotebookStoreCL,1
SSD 1 TB,1024.0,2026-05-02 14:53:37,comercio electrónico,ASUS ROG Zephyrus G14 GA401QM-K2120T,Asus,1.0,1099990,1099990,AMD Ryzen 9 5900HS (3300 MHz - 4600 MHz),4,16 GB DDR4 (3200 MHz),16.0,Windows 10 Home,8.0,SoloTodo,0
512GB,512.0,2026-05-02 21:52:03,e-commerce,"Notebook Asus ExpertBook de 14“ (Intel i5-13420H, 16GB Ram, 512GB SSD, Win11 Pro)",Asus,1.0,712990,712990,Intel i5-13420H,2,16GB,16.0,Windows 11 Pro,0.0,NotebookStoreCL,1
SSD 512 GB,512.0,2026-05-02 15:46:14,comercio electrónico,ASUS TUF Gaming A16 FA608PM-RV074W,Asus,1.0,1648990,1648990,AMD Ryzen 9 8940HX (2400 MHz - 5300 MHz),4,16 GB DDR5 (5600 MHz),16.0,Windows 11 Home,1.0,SoloTodo,0
128 Gb,128.0,2026-05-02 17:23:21,e-commerce,Laptop Asus Vivobook Go Intel Celeron N4500 4gb Ram 128 Gb Ssd,Asus,1.0,299.990,299990,Intel Celeron N4500,0,4gb,4.0,Windows 11 Home,1.0,Mercado Libre,3
1TB,1024.0,2026-05-02 22:20:58,e-commerce,"Notebook Asus Expertbook B3 de 14“ (Ultra 7 155H, 16GB Ram, 1TB SSD, Win11 Pro)",Asus,1.0,900990,900990,Ultra 7 155H,0,16GB,16.0,Windows 11 Pro,0.0,NotebookStoreCL,1
512GB,512.0,2026-05-02 23:00:22,e-commerce,"Notebook Asus ExpertBook de 14“ (Intel i5-13420H, 64GB Ram, 512GB SSD, Win11 Pro)",Asus,1.0,989990,989990,Intel i5-13420H,2,64GB,64.0,Windows 11 Pro,0.0,NotebookStoreCL,1
512GB,512.0,2026-05-02 22:19:20,e-commerce,"Notebook Asus ExpertBook de 14“ (Intel i5-13420H, 64GB Ram, 512GB SSD, Win11 Pro)",Asus,1.0,989990,989990,Intel i5-13420H,2,64GB,64.0,Windows 11 Pro,0.0,NotebookStoreCL,1
512GB,512.0,2026-05-02 22:14:31,e-commerce,"Notebook Asus ExpertBook de 14“ (Intel i5-13420H, 64GB Ram, 512GB SSD, Win11 Pro)",Asus,1.0,989990,989990,Intel i5-13420H,2,64GB,64.0,Windows 11 Pro,0.0,NotebookStoreCL,1
1TB,1024.0,2026-05-02 22:15:31,e-commerce,"Notebook Asus ExpertBook de 14“ (Intel Core i5-13420H, 32GB Ram, 1TB SSD, Win11 Pro)",Asus,1.0,999990,999990,Intel Core i5-13420H,2,32GB,32.0,Windows 11 Pro,0.0,NotebookStoreCL,1
1TB SSD,1024.0,2026-05-02 19:43:23,e-commerce,Notebook ASUS FX608JMR-F16,Asus,1.0,$ 1.699.990,1699990,Intel Core i7,3,32 GB,32.0,Windows 11,2.0,PORTATILCHILE,9
512gb,512.0,2026-05-02 18:24:00,e-commerce,Asus Rog Zephyrus Gu603 I7 16gb 512gb Ssd Open Box (Nuevo con caja abierta),Asus,1.0,1.490.900,1490900,Intel Core i7 8250U,3,16gb,16.0,Otro,3.0,Mercado Libre,3
1TB,1024.0,2026-05-02 12:35:07,e-commerce,"Portátil Asus ExpertBook B1 B1403 B1403CVA-S62178X 35.6cm (14"") - Full HD - Intel Core i7 13a Gen i7-13620H - 16GB - 1TB SSD - Gris - Intel Chip - 1920 x 1080",Asus,1.0,$1.103.858,1103858,Intel Core i7,3,16GB,16.0,Windows 11 Pro,0.0,FSNSTORE.CL,8
1TB PCIe 4.0 NVMe M.2 SSD,1024.0,2026-05-02 19:40:54,e-commerce,Notebook Asus ROG STRIX G16 GAMING,Asus,1.0,$1.549.990,1549990,AMD Ryzen 9 9955HX,4,16GB DDR5-5600 SO-DIMM,16.0,Windows 11,2.0,SMARTDEAL,4
512GB,512.0,2026-05-02 21:38:47,e-commerce,"Notebook ASUS B5302CEA-EG0085R i7-1165G7 16GB 512GB SSD 13,3"" W10Pro",Asus,1.0,1404990,1404990,i7-1165G7,0,16GB,16.0,Windows 10,5.0,TodoClick.cl,2
SSD 1 TB,1024.0,2026-05-02 15:45:01,comercio electrónico,Notebook ASUS ExpertBook P1403CVA-S60606X (32 GB RAM / SSD 1 TB),Asus,1.0,1062590,1062590,Intel Core i7-13620H (2400 MHz - 4900 MHz),3,32 GB,32.0,Windows 11 Pro,0.0,SoloTodo,0
1TB,1024.0,2026-05-02 21:01:25,e-commerce,"Notebook Asus ExpertBook B5 Flip i7-1255U, 1TB SSD, 16GB Ram, W11P, 13.3""",Asus,1.0,1713990,1713990,i7-1255U,0,16GB,16.0,Windows 11 Pro,0.0,TodoClick.cl,2
1tb,1024.0,2026-05-02 17:51:55,e-commerce,Notebook Asus Rog Strix G16 I9 16gb Ram 1tb Ssd 16 Rtx4070 Gris Oscuro - Excelente (Reacondicionado),Asus,1.0,1.799.990,1799990,Intel core i9 Processor 14900HX,7,16gb,16.0,Otro,3.0,Mercado Libre,3
SSD 512 GB,512.0,2026-05-02 16:00:07,comercio electrónico,Notebook Asus VivoBook Go 14 E1404GA-NK321W,Asus,1.0,446990,446990,Intel Core i3-N305 (1800 MHz - 3800 MHz),6,8 GB DDR4 (3200 MHz),8.0,Windows 11 Home,1.0,SoloTodo,0
SSD 1 TB,1024.0,2026-05-02 15:29:52,comercio electrónico,ASUS Zenbook S 16 OLED UM5606WA-RJ259W,Asus,1.0,1845990,1845990,AMD Ryzen AI 9 HX 370 (2000 MHz - 5100 MHz),1,32 GB LPDDR5X (3733 MHz),32.0,Windows 11 Home,1.0,SoloTodo,0
512GB,512.0,2026-05-02 22:28:50,e-commerce,"Notebook Asus ExpertBook de 14“ (Intel i5-13420H, 64GB Ram, 512GB SSD, Win11 Pro)",Asus,1.0,989990,989990,Intel i5-13420H,2,64GB,64.0,Windows 11 Pro,0.0,NotebookStoreCL,1
512 GB,512.0,2026-05-02 17:26:59,e-commerce,Asus Vivobook 14 X1404va-eb1439w Intel Core 5 8gb 512gb 14 Quiet Blue,Asus,1.0,620.402,620402,Intel Core i5 120U,2,8gb,8.0,Otro,3.0,Mercado Libre,3
1TB,1024.0,2026-05-02 12:56:10,e-commerce,ASUS ROG Strix G17 G713PV-HX054W AMD Ryzen 9 | RTX 4060 (8GB) | 32GB RAM | 1TB SSD [90NR0C34-M00AZ0] - Excelente Estado,Asus,1.0,$1.599.990 CLP,1599990,Ryzen 9,8,32GB,32.0,Windows 11 Pro,0.0,ZTECH.CL,11
SSD 512 GB,512.0,2026-05-02 15:48:19,comercio electrónico,Notebook ASUS VivoBook 16 X1605VA-MB205W,Asus,1.0,839990,839990,Intel Core i9-13900H (1900 MHz - 5400 MHz),7,16 GB DDR4 (3200 MHz),16.0,Windows 11 Home,1.0,SoloTodo,0
512GB,512.0,2026-05-02 21:45:19,e-commerce,"Notebook Asus ExpertBook B1 de 14“ (Ryzen 7-170, 64GB Ram, 512GB SSD, Win11 Pro)",Asus,1.0,1399990,1399990,Ryzen 7-170,1,64GB,64.0,Windows 11 Pro,0.0,NotebookStoreCL,1
512GB,512.0,2026-05-02 22:50:20,e-commerce,"Notebook Asus ExpertBook P1 de 14“ (intel i7-13620H, 16GB Ram, 512GB SSD, Win11 Pro)",Asus,1.0,766990,766990,intel i7-13620H,0,16GB,16.0,Windows 11 Pro,0.0,NotebookStoreCL,1
512GB,512.0,2026-05-02 19:35:55,e-commerce,"Notebook Vivobook Go 15 AMD Ryzen 5-40 15.6"" FHD 60Hz 16GB 512GB SSD Win...",Asus,1.0,1129990,1129990,Ryzen 5-40,4,16GB,16.0,Otro,3.0,PC Factory,5
1TB,1024.0,2026-05-02 20:52:16,e-commerce,"Notebook Asus ProArt StudioBook Pro, i7-12700H, RTX 3060, 32GB RAM, 1TB SSD, Win11 Pro, 16""",Asus,1.0,2918990,2918990,i7-12700H,0,32GB,32.0,Windows 11 Pro,0.0,TodoClick.cl,2
1 TB,1024.0,2026-05-02 17:42:29,e-commerce,Notebook Asus Rog Zephyrus Intel Ultra 9 32gb 1tb Rtx 5070 Gris Oscuro,Asus,1.0,3.599.990,3599990,Intel Core Ultra 9 285H,0,32gb,32.0,Otro,3.0,Mercado Libre,3
1TB,1024.0,2026-05-02 22:29:33,e-commerce,"Notebook Asus ExpertBook de 14“ (Intel Core i5-13420H, 16GB Ram, 1TB SSD, Win11 Pro)",Asus,1.0,849990,849990,Intel Core i5-13420H,2,16GB,16.0,Windows 11 Pro,0.0,NotebookStoreCL,1
1tb,1024.0,2026-05-02 17:35:09,e-commerce,Notebook Asus Zenbook A14 Snapdragon X X1 16gb Ram 1tb Ssd,Asus,1.0,1.319.990,1319990,Qualcomm Snapdragon X X1 26 100,0,16gb,16.0,Windows 11 Home,1.0,Mercado Libre,3
1TB,1024.0,2026-05-02 20:02:47,e-commerce,"Notebook Asus Expertbook B1 i7-1255U 32GB Ram, 1TB SSD, W11P, 14""",Asus,1.0,899990,899990,i7-1255U,0,32GB,32.0,Windows 11 Pro,0.0,TodoClick.cl,2
SSD 1 TB,1024.0,2026-05-02 14:51:38,comercio electrónico,ASUS ROG Zephyrus G16 GU605CP-QR019W - Notebook Gamer de Alto Rendimiento,Asus,1.0,2639990,2639990,Intel Core Ultra 9 285H (4500 MHz - 5400 MHz),0,32 GB LPDDR5X (7467 MHz),32.0,Windows 11 Home,1.0,SoloTodo,0
512 GB,512.0,2026-05-02 17:47:21,e-commerce,Asus Vivobook 15 X1502 Intel Core I7 12gb 512gb,Asus,1.0,649.990,649990,Intel Core I7,3,12gb,12.0,Windows 11 Home,1.0,Mercado Libre,3
256GB,256.0,2026-05-02 20:02:19,e-commerce,"Notebook Asus ExpertBook P1 i5-13420H, 8GB Ram, 256GB SSD, FreeDOS, 14"" FHD",Asus,1.0,549990,549990,i5-13420H,0,8GB,8.0,FreeDOS,6.0,TodoClick.cl,2
512GB,512.0,2026-05-02 20:43:09,e-commerce,"Notebook Asus ExpertBook P1 i5-13420H 16GB Ram 512GB SSD Windows 11 Pro 14""",Asus,1.0,774990,774990,i5-13420H,0,16GB,16.0,Windows 11 Pro,0.0,TodoClick.cl,2
1TB,1024.0,2026-05-02 22:00:59,e-commerce,"Notebook Asus ExpertBook de 14“ (Intel Core i5-13420H, 64GB Ram, 1TB SSD, Win11 Pro)",Asus,1.0,1099990,1099990,Intel Core i5-13420H,2,64GB,64.0,Windows 11 Pro,0.0,NotebookStoreCL,1
1TB,1024.0,2026-05-02 22:37:36,e-commerce,"Notebook Asus ExpertBook B1 de 14“ (Ryzen 7-170, 16GB Ram, 1TB SSD, Win11 Pro)",Asus,1.0,979990,979990,Ryzen 7-170,1,16GB,16.0,Windows 11 Pro,0.0,NotebookStoreCL,1
512GB,512.0,2026-05-02 22:01:54,e-commerce,"Notebook Asus ExpertBook de 14“ (Intel i5-13420H, 16GB Ram, 512GB SSD, Win11 Pro)",Asus,1.0,712990,712990,Intel i5-13420H,2,16GB,16.0,Windows 11 Pro,0.0,NotebookStoreCL,1
SSD 1 TB,1024.0,2026-05-02 15:02:55,comercio electrónico,ASUS VivoBook Flip 14 TP3407SA-QL085W,Asus,1.0,1029990,1029990,Intel Core Ultra 7 256V (2200 MHz - 4800 MHz),0,16 GB LPDDR5X (3200 MHz),16.0,Windows 11 Home,1.0,SoloTodo,0
1TB,1024.0,2026-05-02 19:36:10,e-commerce,Notebook Asus Intel Ultra 7-155H 32GB 1TB SSD W11 Pro,Asus,1.0,1289990,1289990,Intel Ultra 7-155H,0,32GB,32.0,Windows 11,2.0,PC Factory,5
1TB,1024.0,2026-05-02 20:43:20,e-commerce,"Notebook Asus B1403CVA-S60831X Intel Core I7-1355U 14"", 16GB Ram, 1TB SSD, Windows 11 Pro Gris",Asus,1.0,926990,926990,Intel Core I7-1355U,3,16GB,16.0,Windows 11 Pro,0.0,TodoClick.cl,2
1TB,1024.0,2026-05-02 22:21:29,e-commerce,"Notebook Asus Expertbook B3 de 14“ (Ultra 7 155H, 32GB Ram, 1TB SSD, Win11 Pro)",Asus,1.0,1069990,1069990,Ultra 7 155H,0,32GB,32.0,Windows 11 Pro,0.0,NotebookStoreCL,1
512GB,512.0,2026-05-02 22:08:38,e-commerce,"Notebook Asus ExpertBook B1 de 14“ (Ryzen 7-170, 16GB Ram, 512GB SSD, Win11 Pro)",Asus,1.0,859990,859990,Ryzen 7-170,1,16GB,16.0,Windows 11 Pro,0.0,NotebookStoreCL,1
512gb,512.0,2026-05-02 17:34:39,e-commerce,Laptop Vivobook Go 15 Oled E1504fa 512gb Ssd Gray Asus,Asus,1.0,560.623,560623,AMD Ryzen 5 7520U,1,8 GB,8.0,Windows 11 Home,1.0,Mercado Libre,3
SSD 512 GB,512.0,2026-05-02 16:00:13,comercio electrónico,ASUS VivoBook 15 OLED X1505VA-MA942W,Asus,1.0,719990,719990,Intel Core i5-1335U (1300 MHz - 4600 MHz),2,8 GB DDR4 (3200 MHz),8.0,Windows 10 Home,8.0,SoloTodo,0
1tb,1024.0,2026-05-02 17:54:19,e-commerce,Notebook Rog Strix G16 Amd Ryzen 9 32gb Ram 1tb Ssd Rtx 5060 16'',Asus,1.0,2.499.990,2499990,Ryzen 9,8,32gb,32.0,Windows 11 Home,1.0,Mercado Libre,3
512GB,512.0,2026-05-02 22:09:48,e-commerce,"Notebook Asus ExpertBook de 14“ (Intel i5-13420H, 64GB Ram, 512GB SSD, Win11 Pro)",Asus,1.0,989990,989990,Intel i5-13420H,2,64GB,64.0,Windows 11 Pro,0.0,NotebookStoreCL,1
512gb,512.0,2026-05-02 17:30:25,e-commerce,Notebook Asus Tuf Gaming A15 Amd Ryzen 7 16gb Ram 512gb Ssd 15.6'',Asus,1.0,1.159.990,1159990,Ryzen 7,1,16gb,16.0,Windows 11 Home,1.0,Mercado Libre,3
512gb,512.0,2026-05-02 17:43:47,e-commerce,Notebook Asus Tuf Gaming F16 Intel Core 5 8gb Ram 512gb Ssd Rtx 3050,Asus,1.0,1.119.990,1119990,Intel Intel Core 5 210H,0,8gb,8.0,Windows 11 Home,1.0,Mercado Libre,3
SSD 512 GB,512.0,2026-05-02 15:37:28,comercio electrónico,Notebook ASUS VivoBook 15 X1502VA-NJ799W,Asus,1.0,709990,709990,Intel Core i7-13620H (2400 MHz - 4900 MHz),3,16 GB DDR4 (3200 MHz),16.0,Windows 11 Home,1.0,SoloTodo,0
512GB,512.0,2026-05-02 21:54:45,e-commerce,"Notebook Asus ExpertBook de 14“ (Intel i5-13420H, 64GB Ram, 512GB SSD, Win11 Pro)",Asus,1.0,989990,989990,Intel i5-13420H,2,64GB,64.0,Windows 11 Pro,0.0,NotebookStoreCL,1
1TB,1024.0,2026-05-02 20:47:28,e-commerce,"Notebook Asus ExpertBook B1402CVA-NK1496X i7-1355U 16GB Ram, 1TB SSD, W11P",Asus,1.0,986990,986990,i7-1355U,0,16GB,16.0,Windows 11 Pro,0.0,TodoClick.cl,2
SSD 512 GB,512.0,2026-05-02 16:11:29,comercio electrónico,ASUS ExpertBook P1 PM1403CDA-S60109W,Asus,1.0,539904,539904,AMD Ryzen 5 7535HS (3300 MHz - 4550 MHz),1,8 GB DDR5 (4800 MHz),8.0,Windows 11 Home,1.0,SoloTodo,0
512GB,512.0,2026-05-02 19:34:40,e-commerce,"ASUS ExpertBook P3 14"" Ryzen 5 330, 16GB DDR5, 512GB SSD, Windows 11 Pro",Asus,1.0,955780,955780,Ryzen 5,4,16GB,16.0,Windows 11 Pro,0.0,SoloTodo,0
512GB,512.0,2026-05-02 22:45:31,e-commerce,"Notebook Asus ExpertBook P1 de 14“ (intel i7-13620H, 16GB Ram, 512GB SSD, Win11 Pro)",Asus,1.0,766990,766990,intel i7-13620H,0,16GB,16.0,Windows 11 Pro,0.0,NotebookStoreCL,1
1tb,1024.0,2026-05-02 18:12:33,e-commerce,"Asus Vivobook 16, Amd Ryzen Ai 7 350, 16gb Ram, 1tb Ssd",Asus,1.0,899.990,899990,AMD Ryzen AI 7 350,1,16gb,16.0,Windows 11 Home,1.0,Mercado Libre,3
512GB,512.0,2026-05-02 19:35:50,e-commerce,"Notebook Vivobook 16 Intel Core 9-270H 16"" 60Hz 16GB 512GB SSD Windows 1...",Asus,1.0,1129990,1129990,Intel Core 9-270H,0,16GB,16.0,Otro,3.0,PC Factory,5
1TB,1024.0,2026-05-02 21:51:06,e-commerce,"Notebook Asus ExpertBook de 14“ (Intel Core i5-13420H, 64GB Ram, 1TB SSD, Win11 Pro)",Asus,1.0,1099990,1099990,Intel Core i5-13420H,2,64GB,64.0,Windows 11 Pro,0.0,NotebookStoreCL,1
512gb,512.0,2026-05-02 17:30:56,e-commerce,Notebook Asus Vivobook 14 Ryzen Ai 7 16gb Ram 512gb Ssd Color Azul Oscuro,Asus,1.0,1.119.990,1119990,AMD AMD Ryzen™ AI 7 AI 350,1,16gb,16.0,Windows 11 Home,1.0,Mercado Libre,3
512GB,512.0,2026-05-02 21:11:14,e-commerce,"Notebook Gamer Asus TUF Gaming F17 Ryzen 9 7940HS, RTX 4070, 16GB Ram, 512GB SSD, 17.3"", W11H",Asus,1.0,1811990,1811990,Ryzen 9,8,16GB,16.0,Windows 11,2.0,TodoClick.cl,2
SSD 2 TB,2048.0,2026-05-02 14:53:33,comercio electrónico,ASUS ROG Strix SCAR 16 G635LW-RW061W,Asus,1.0,3699990,3699990,Intel Core Ultra 9 275HX (2100 MHz - 5400 MHz),0,32 GB DDR5 (5600 MHz),32.0,Windows 11 Home,1.0,SoloTodo,0
512GB,512.0,2026-05-02 12:35:18,e-commerce,"Laptop para videojuegos - Asus Vivobook 16 V3607 V3607VU-RP274W 40.6cm (16"") - WUXGA - 144Hz - Intel Core 5 210H - 16GB - 512GB SSD - Español Teclado - Negro mate",Asus,1.0,$1.384.507,1384507,Intel Core 5 210H,0,16GB,16.0,Otro,3.0,FSNSTORE.CL,8
1TB,1024.0,2026-05-02 22:10:31,e-commerce,"Notebook Asus ExpertBook de 14“ (Intel Core i5-13420H, 16GB Ram, 1TB SSD, Win11 Pro)",Asus,1.0,849990,849990,Intel Core i5-13420H,2,16GB,16.0,Windows 11 Pro,0.0,NotebookStoreCL,1
1tb,1024.0,2026-05-02 17:57:27,e-commerce,Asus Rog Flow Z13 13.4 Ryzen Ai Max 395 32gb 1tb Ssd,Asus,1.0,2.900.000,2900000,AMD AMD Ryzen AI 300 Series Ryzen AI MAX+ 395,4,32gb,32.0,Windows 11 Pro,0.0,Mercado Libre,3
1TB,1024.0,2026-05-02 22:42:29,e-commerce,"Notebook Asus ExpertBook B1 de 14“ (Ryzen 7-170, 16GB Ram, 1TB SSD, Win11 Pro)",Asus,1.0,979990,979990,Ryzen 7-170,1,16GB,16.0,Windows 11 Pro,0.0,NotebookStoreCL,1
1TB,1024.0,2026-05-02 22:59:21,e-commerce,"Notebook Asus ExpertBook B1 de 14“ (Ryzen 7-170, 16GB Ram, 1TB SSD, Win11 Pro)",Asus,1.0,979990,979990,Ryzen 7-170,1,16GB,16.0,Windows 11 Pro,0.0,NotebookStoreCL,1
SSD 512 GB,512.0,2026-05-02 14:57:46,comercio electrónico,ASUS VivoBook 14 M1407KA-LY092W,Asus,1.0,859990,859990,AMD Ryzen AI 7 350 (2000 MHz - 5000 MHz),1,16 GB DDR5 (5600 MHz),16.0,Windows 11 Home,1.0,SoloTodo,0
256GB,256.0,2026-05-02 12:16:34,e-commerce,"ASUS ExpertCenter E3 Intel i3-1215U 8GB 256GB SSD 23.8"" FHD Windows 11 Pro",Asus,1.0,$579.990,579990,Intel i3-1215U,6,8GB,8.0,Windows 11 Pro,0.0,opcstore.cl,7
512GB,512.0,2026-05-02 23:02:31,e-commerce,"Notebook Asus ExpertBook de 14“ (Intel i5-13420H, 16GB Ram, 512GB SSD, Win11 Pro)",Asus,1.0,712990,712990,Intel i5-13420H,2,16GB,16.0,Windows 11 Pro,0.0,NotebookStoreCL,1
SSD 512 GB,512.0,2026-05-02 15:44:51,comercio electrónico,Notebook Asus P1403CVA-S60606X (90NX0871-M00PE0 / 32 GB RAM / SSD 512 GB),Asus,1.0,898370,898370,Intel Core i7-13620H (2400 MHz - 4900 MHz),3,32 GB,32.0,Windows 11 Pro,0.0,SoloTodo,0
1TB,1024.0,2026-05-02 20:05:08,e-commerce,"Notebook Asus Expertbook B1 I5-1235U, 16GB Ram, 1TB SSD, W11P",Asus,1.0,589990,589990,I5-1235U,0,16GB,16.0,Windows 11 Pro,0.0,TodoClick.cl,2
1TB,1024.0,2026-05-02 22:15:48,e-commerce,"Notebook Asus ExpertBook de 14“ (Intel Core i5-13420H, 64GB Ram, 1TB SSD, Win11 Pro)",Asus,1.0,1099990,1099990,Intel Core i5-13420H,2,64GB,64.0,Windows 11 Pro,0.0,NotebookStoreCL,1
512GB,512.0,2026-05-02 22:40:30,e-commerce,"Notebook Asus ExpertBook P1 de 14“ (intel i7-13620H, 16GB Ram, 512GB SSD, Win11 Pro)",Asus,1.0,766990,766990,intel i7-13620H,0,16GB,16.0,Windows 11 Pro,0.0,NotebookStoreCL,1
512 GB,512.0,2026-05-02 17:42:37,e-commerce,Asus Tuf Gaming A16 Fa607nug-rl146w Amd Ryzen 7 16g 512g 16 Mecha Gray,Asus,1.0,1.249.427,1249427,Ryzen 7,1,16 GB,16.0,Windows 11 Home,1.0,Mercado Libre,3
1TB,1024.0,2026-05-02 22:03:38,e-commerce,"Notebook Asus ExpertBook B1 de 14“ (Ryzen 7-170, 16GB Ram, 1TB SSD, Win11 Pro)",Asus,1.0,979990,979990,Ryzen 7-170,1,16GB,16.0,Windows 11 Pro,0.0,NotebookStoreCL,1
512GB,512.0,2026-05-02 22:43:39,e-commerce,"Notebook Asus ExpertBook B1 de 15.6“ (Ultra 5 120U, 16GB Ram, 512GB SSD, Win11 Pro)",Asus,1.0,679990,679990,Ultra 5 120U,0,16GB,16.0,Windows 11 Pro,0.0,NotebookStoreCL,1
1TB,1024.0,2026-05-02 17:24:03,e-commerce,Notebook ASUS Zenbook 14 OLED Intel Core Ultra 9 32GB RAM 1TB SSD Pantalla Táctil,Asus,1.0,1.899.990,1899990,Intel Core™ Ultra 9 Processor 285H,0,32GB,32.0,Windows 11 Home,1.0,Mercado Libre,3
1TB,1024.0,2026-05-02 12:36:14,e-commerce,Notebook ASUS B1 B1403CVA-S65649X 7 150U 1TB SSD 16G 14 pulgadas FHD W11P,Asus,1.0,$1.130.398,1130398,AMD Ryzen 7 1500U,1,16GB,16.0,Windows 11 Pro,0.0,FSNSTORE.CL,8
1TB,1024.0,2026-05-02 22:15:13,e-commerce,"Notebook Asus ExpertBook de 14“ (Intel Core i5-13420H, 16GB Ram, 1TB SSD, Win11 Pro)",Asus,1.0,849990,849990,Intel Core i5-13420H,2,16GB,16.0,Windows 11 Pro,0.0,NotebookStoreCL,1
1TB,1024.0,2026-05-02 22:10:47,e-commerce,"Notebook Asus ExpertBook de 14“ (Intel Core i5-13420H, 32GB Ram, 1TB SSD, Win11 Pro)",Asus,1.0,999990,999990,Intel Core i5-13420H,2,32GB,32.0,Windows 11 Pro,0.0,NotebookStoreCL,1
1TB,1024.0,2026-05-02 22:23:25,e-commerce,"Notebook Asus ExpertBook B1 de 14“ (Ryzen 7-170, 64GB Ram, 1TB SSD, Win11 Pro)",Asus,1.0,1499990,1499990,Ryzen 7-170,1,64GB,64.0,Windows 11 Pro,0.0,NotebookStoreCL,1
SSD 512 GB,512.0,2026-05-02 15:34:21,comercio electrónico,ASUS V16 V3607VH-RP064W – Notebook Gamer de Alto Rendimiento,Asus,1.0,1269990,1269990,Intel Core 7 240H (1800 MHz - 5200 MHz),0,16 GB DDR5 (5600 MHz),16.0,Windows 11 Home,1.0,SoloTodo,0
512GB,512.0,2026-05-02 22:07:00,e-commerce,"Notebook Asus ExpertBook de 14“ (Intel i5-13420H, 16GB Ram, 512GB SSD, Win11 Pro)",Asus,1.0,712990,712990,Intel i5-13420H,2,16GB,16.0,Windows 11 Pro,0.0,NotebookStoreCL,1
1TB,1024.0,2026-05-02 21:54:11,e-commerce,"Notebook Asus ExpertBook B1 de 14“ (Ryzen 7-170, 64GB Ram, 1TB SSD, Win11 Pro)",Asus,1.0,1499990,1499990,Ryzen 7-170,1,64GB,64.0,Windows 11 Pro,0.0,NotebookStoreCL,1
512GB,512.0,2026-05-02 21:13:57,e-commerce,"Notebook Asus Expertbook B1 B1402CBA-NK1891X I7-1255U, 16GB Ram, 512GB SSD, W11Pro, 14"" FHD",Asus,1.0,1077990,1077990,I7-1255U,0,16GB,16.0,Windows 11 Pro,0.0,TodoClick.cl,2
SSD 512 GB,512.0,2026-05-02 14:56:20,comercio electrónico,Notebook Asus TUF Gaming F16 FX608JHR-RV078W,Asus,1.0,1399990,1399990,Intel Core i7-14650HX (1600 MHz - 5200 MHz),3,16 GB DDR5 (5600 MHz),16.0,Windows 11 Home,1.0,SoloTodo,0
1TB,1024.0,2026-05-02 22:24:43,e-commerce,"Notebook Asus ExpertBook de 14“ (Intel Core i5-13420H, 16GB Ram, 1TB SSD, Win11 Pro)",Asus,1.0,849990,849990,Intel Core i5-13420H,2,16GB,16.0,Windows 11 Pro,0.0,NotebookStoreCL,1
SSD 1 TB,1024.0,2026-05-02 15:52:02,comercio electrónico,Notebook Gamer ASUS ROG Strix G16 G615LW-S5227W (2025),Asus,1.0,3299990,3299990,Intel Core Ultra 9 275HX (2100 MHz - 5400 MHz),0,32 GB DDR5 (5600 MHz),32.0,Windows 11 Home,1.0,SoloTodo,0
1TB,1024.0,2026-05-02 23:01:29,e-commerce,"Notebook Asus ExpertBook P1 de 14“ (intel i7-13620H, 64GB Ram, 1TB SSD, Win11 Pro)",Asus,1.0,1259990,1259990,intel i7-13620H,0,64GB,64.0,Windows 11 Pro,0.0,NotebookStoreCL,1
1TB,1024.0,2026-05-02 22:57:48,e-commerce,"Notebook Asus Expertbook B3 de 14“ (Ultra 7 155H, 32GB Ram, 1TB SSD, Win11 Pro)",Asus,1.0,1069990,1069990,Ultra 7 155H,0,32GB,32.0,Windows 11 Pro,0.0,NotebookStoreCL,1
512GB,512.0,2026-05-02 21:44:23,e-commerce,"Notebook Asus ExpertBook B1 de 14“ (Ryzen 7-170, 32GB Ram, 512GB SSD, Win11 Pro)",Asus,1.0,1099990,1099990,Ryzen 7-170,1,32GB,32.0,Windows 11 Pro,0.0,NotebookStoreCL,1
1TB,1024.0,2026-05-02 22:44:12,e-commerce,"Notebook Asus ExpertBook de 14“ (Intel Core i5-13420H, 16GB Ram, 1TB SSD, Win11 Pro)",Asus,1.0,849990,849990,Intel Core i5-13420H,2,16GB,16.0,Windows 11 Pro,0.0,NotebookStoreCL,1
1TB,1024.0,2026-05-02 22:30:08,e-commerce,"Notebook Asus ExpertBook de 14“ (Intel Core i5-13420H, 64GB Ram, 1TB SSD, Win11 Pro)",Asus,1.0,1099990,1099990,Intel Core i5-13420H,2,64GB,64.0,Windows 11 Pro,0.0,NotebookStoreCL,1
SSD 512 GB,512.0,2026-05-02 14:46:07,comercio electrónico,ASUS VivoBook 15 X1502VA-NJ800W,Asus,1.0,709990,709990,Intel Core i7-13620H (2400 MHz - 4900 MHz),3,16 GB DDR4 (3200 MHz),16.0,Windows 11 Home,1.0,SoloTodo,0
SSD 512 GB,512.0,2026-05-02 15:03:13,comercio electrónico,ASUS ExpertBook P1403CVA-S60607X,Asus,1.0,679900,679900,Intel Core i5-13420H (1500 MHz - 4600 MHz),2,16 GB DDR5 (4800 MHz),16.0,Windows 11 Pro,0.0,SoloTodo,0
SSD 512 GB,512.0,2026-05-02 14:57:27,comercio electrónico,Notebook ASUS Vivobook Go 14 E1404FA-NK178W,Asus,1.0,384900,384900,AMD Ryzen 5 7520U (2800 MHz - 4300 MHz),1,8 GB LPDDR5 (5500 MHz),8.0,Windows 11 Home,1.0,SoloTodo,0
1TB,1024.0,2026-05-02 20:18:39,e-commerce,"Notebook ASUS ExpertBook B9 i7-1255U, 32GB Ram, 1TB SSD, W11 Pro, 14""",Asus,1.0,2499990,2499990,i7-1255U,0,32GB,32.0,Windows 11,2.0,TodoClick.cl,2
1TB,1024.0,2026-05-02 22:20:17,e-commerce,"Notebook Asus ExpertBook de 14“ (Intel Core i5-13420H, 32GB Ram, 1TB SSD, Win11 Pro)",Asus,1.0,999990,999990,Intel Core i5-13420H,2,32GB,32.0,Windows 11 Pro,0.0,NotebookStoreCL,1
1TB SSD,1024.0,2026-05-02 19:43:23,e-commerce,Notebook Asus ROG Strix G16 G614FM-WS94,Asus,1.0,$ 1.999.990,1999990,AMD Ryzen 9 9955HX,4,16 GB,16.0,Windows 11,2.0,PORTATILCHILE,9
512GB,512.0,2026-05-02 22:55:21,e-commerce,"Notebook Asus ExpertBook de 14“ (Intel i5-13420H, 64GB Ram, 512GB SSD, Win11 Pro)",Asus,1.0,989990,989990,Intel i5-13420H,2,64GB,64.0,Windows 11 Pro,0.0,NotebookStoreCL,1
512 GB,512.0,2026-05-02 17:48:56,e-commerce,Notebook Tuf Gaming F16 Intel Core I5 16 Gb 512 Gb Rtx 5050 Gris,Asus,1.0,1.809.990,1809990,Intel Core I5,2,16 Gb,16.0,Windows 11 Home,1.0,Mercado Libre,3
1TB,1024.0,2026-05-02 22:00:42,e-commerce,"Notebook Asus ExpertBook de 14“ (Intel Core i5-13420H, 32GB Ram, 1TB SSD, Win11 Pro)",Asus,1.0,999990,999990,Intel Core i5-13420H,2,32GB,32.0,Windows 11 Pro,0.0,NotebookStoreCL,1
SSD 512 GB,512.0,2026-05-02 14:58:22,comercio electrónico,Notebook ASUS VivoBook 15 X1502VA-NJ848W,Asus,1.0,569990,569990,Intel Core i5-13420H (1500 MHz - 4600 MHz),2,12 GB DDR4 (3200 MHz),12.0,Windows 11 Home,1.0,SoloTodo,0
1TB,1024.0,2026-05-02 22:25:01,e-commerce,"Notebook Asus ExpertBook de 14“ (Intel Core i5-13420H, 32GB Ram, 1TB SSD, Win11 Pro)",Asus,1.0,999990,999990,Intel Core i5-13420H,2,32GB,32.0,Windows 11 Pro,0.0,NotebookStoreCL,1
SSD 512 GB,512.0,2026-05-02 14:46:54,comercio electrónico,Notebook ASUS TUF Gaming A15 FA506NCG-HN193W,Asus,1.0,699990,699990,AMD Ryzen 7 7445HS (3500 MHz - 4700 MHz),1,8 GB DDR5 (5600 MHz),8.0,Windows 11 Home,1.0,SoloTodo,0
512GB,512.0,2026-05-02 22:32:38,e-commerce,"Notebook Asus ExpertBook B1 de 14“ (Ryzen 7-170, 16GB Ram, 512GB SSD, Win11 Pro)",Asus,1.0,859990,859990,Ryzen 7-170,1,16GB,16.0,Windows 11 Pro,0.0,NotebookStoreCL,1
SSD 512 GB,512.0,2026-05-02 14:43:12,comercio electrónico,"Notebook ASUS V16 V3607VU-RP274W 16"" – Potencia y versatilidad para gaming y productividad",Asus,1.0,849990,849990,Intel Core 5-210H (1600 MHz - 4800 MHz),0,16 GB DDR5 (5600 MHz),16.0,Windows 11 Home,1.0,SoloTodo,0
SSD 512 GB,512.0,2026-05-02 15:04:55,comercio electrónico,Notebook Gamer ASUS V16 V3607VH-PL057W,Asus,1.0,1249990,1249990,Intel Core 7 240H (1800 MHz - 5200 MHz),0,16 GB DDR5 (5600 MHz),16.0,Windows 11 Home,1.0,SoloTodo,0
512GB,512.0,2026-05-02 22:33:53,e-commerce,"Notebook Asus ExpertBook B1 de 15.6“ (Ultra 5 120U, 16GB Ram, 512GB SSD, Win11 Pro)",Asus,1.0,679990,679990,Ultra 5 120U,0,16GB,16.0,Windows 11 Pro,0.0,NotebookStoreCL,1
1TB,1024.0,2026-05-02 20:03:38,e-commerce,"Notebook Asus Expertbook B1 i7-1255U 16GB Ram, 1TB SSD, FreeDOS, 14"" HD",Asus,1.0,769990,769990,i7-1255U,0,16GB,16.0,FreeDOS,6.0,TodoClick.cl,2
1TB,1024.0,2026-05-02 19:51:31,e-commerce,"Notebook ASUS ExpertBook P5405CSA 14"" Intel Core Ultra 7 258V, 32GB RAM, 1TB SSD, Windows 11 Pro",Asus,1.0,1462990,1462990,Intel Core Ultra 7 258V,0,32GB,32.0,Windows 11 Pro,0.0,TodoClick.cl,2
SSD 512 GB,512.0,2026-05-02 15:08:21,comercio electrónico,ASUS Vivobook 15 M1502NAQ-BQ073W,Asus,1.0,659990,659990,AMD Ryzen 7 170 (3200 MHz - 4750 MHz),1,8 GB DDR5 (4800 MHz),8.0,Windows 11 Home,1.0,SoloTodo,0
512GB,512.0,2026-05-02 21:13:48,e-commerce,"Notebook ASUS ExpertBook B5 B5402CBA-EB0124R I7-1260P, 16GB Ram DDR5, 512GB SSD, W11Pro, 14"" FHD",Asus,1.0,1320990,1320990,I7-1260P,0,16GB,16.0,Windows 11 Pro,0.0,TodoClick.cl,2
1TB,1024.0,2026-05-02 22:11:03,e-commerce,"Notebook Asus ExpertBook de 14“ (Intel Core i5-13420H, 64GB Ram, 1TB SSD, Win11 Pro)",Asus,1.0,1099990,1099990,Intel Core i5-13420H,2,64GB,64.0,Windows 11 Pro,0.0,NotebookStoreCL,1
512GB,512.0,2026-05-02 22:38:36,e-commerce,"Notebook Asus ExpertBook de 14“ (Intel i5-13420H, 64GB Ram, 512GB SSD, Win11 Pro)",Asus,1.0,989990,989990,Intel i5-13420H,2,64GB,64.0,Windows 11 Pro,0.0,NotebookStoreCL,1
SSD 512 GB,512.0,2026-05-02 16:09:14,comercio electrónico,ASUS TUF Gaming F16 FX608JHR-QT033W,Asus,1.0,1564990,1564990,Intel Core i7-14650HX (1600 MHz - 5200 MHz),3,16 GB DDR5 (5600 MHz),16.0,Windows 11 Home,1.0,SoloTodo,0
512 GB,512.0,2026-05-02 12:56:38,e-commerce,ASUS ROG Strix G15 G513RM Ryzen 7 / RTX 3060 (6GB) / 24 GB RAM / 512 GB SSD [90NR0845-M00C30] Excelente Estado,Asus,1.0,$999.990 CLP,999990,Ryzen 7,1,24 GB,24.0,Windows 11 Pro,0.0,ZTECH.CL,11
512GB,512.0,2026-05-02 21:11:43,e-commerce,"Notebook ASUS Zenbook 14X OLED, i7-1165G7, 16GB Ram, 512GB SSD, GeForce MX450, W10 Pro 14""",Asus,1.0,1752990,1752990,i7-1165G7,0,16GB,16.0,Windows 10,5.0,TodoClick.cl,2
512GB,512.0,2026-05-02 22:27:43,e-commerce,"Notebook Asus ExpertBook B1 de 14“ (Ryzen 7-170, 16GB Ram, 512GB SSD, Win11 Pro)",Asus,1.0,859990,859990,Ryzen 7-170,1,16GB,16.0,Windows 11 Pro,0.0,NotebookStoreCL,1
512GB,512.0,2026-05-02 22:38:44,e-commerce,"Notebook Asus ExpertBook B1 de 15.6“ (Ultra 5 120U, 16GB Ram, 512GB SSD, Win11 Pro)",Asus,1.0,679990,679990,Ultra 5 120U,0,16GB,16.0,Windows 11 Pro,0.0,NotebookStoreCL,1
512gb,512.0,2026-05-02 17:20:10,e-commerce,Notebook Asus Vivobook 15 I7 16gb Ram 512gb Ssd 15 Gris,Asus,1.0,919.990,919990,Intel Core i7-13620H,3,16gb,16.0,Otro,3.0,Mercado Libre,3
1TB,1024.0,2026-05-02 22:39:53,e-commerce,"Notebook Asus ExpertBook de 14“ (Intel Core i5-13420H, 64GB Ram, 1TB SSD, Win11 Pro)",Asus,1.0,1099990,1099990,Intel Core i5-13420H,2,64GB,64.0,Windows 11 Pro,0.0,NotebookStoreCL,1
SSD 512 GB,512.0,2026-05-02 15:06:00,comercio electrónico,ASUS ExpertBook P1 PM1403CDA-S60109W,Asus,1.0,549632,549632,AMD Ryzen 7 7735HS (3200 MHz - 4750 MHz),1,8 GB DDR5 (4800 MHz),8.0,FreeDOS,6.0,SoloTodo,0
1TB,1024.0,2026-05-02 21:55:28,e-commerce,"Notebook Asus ExpertBook de 14“ (Intel Core i5-13420H, 16GB Ram, 1TB SSD, Win11 Pro)",Asus,1.0,849990,849990,Intel Core i5-13420H,2,16GB,16.0,Windows 11 Pro,0.0,NotebookStoreCL,1
256gb,256.0,2026-05-02 17:23:11,e-commerce,Notebook Asus Vivobook Go E1404 Intel Core I3 8gb Ram 256gb Ssd,Asus,1.0,491.113,491113,Intel Core I3,6,8gb,8.0,Windows 11 Home,1.0,Mercado Libre,3
1TB,1024.0,2026-05-02 22:20:25,e-commerce,"Notebook Asus ExpertBook P1 de 14“ (intel i7-13620H, 64GB Ram, 1TB SSD, Win11 Pro)",Asus,1.0,1259990,1259990,intel i7-13620H,0,64GB,64.0,Windows 11 Pro,0.0,NotebookStoreCL,1
SSD 512 GB,512.0,2026-05-02 15:32:59,comercio electrónico,"ASUS ROG Strix G15 G513RM-HQ426W – Notebook Gamer 15.6"" Ryzen 9 6900HX, RTX 3060",Asus,1.0,1619990,1619990,Ryzen 9,8,16 GB DDR5 (4800 MHz),16.0,Windows 11 Home,1.0,SoloTodo,0
1TB,1024.0,2026-05-02 22:50:11,e-commerce,"Notebook Asus Expertbook B3 de 14“ (Ultra 7 155H, 16GB Ram, 1TB SSD, Win11 Pro)",Asus,1.0,900990,900990,Ultra 7 155H,0,16GB,16.0,Windows 11 Pro,0.0,NotebookStoreCL,1
512GB,512.0,2026-05-02 19:36:15,e-commerce,"Notebook Vivobook 15 Intel Core i5-13420H 15.6"" 60Hz 12GB 512GB SSD Wind...",Asus,1.0,999990,999990,Intel Core i5-13420H,2,12GB,12.0,Otro,3.0,PC Factory,5
512GB,512.0,2026-05-02 20:51:57,e-commerce,"Notebook Asus Vivobook 14 X1404ZA, I5-1235U, 16GB RAM, 512GB SSD, W11H, 14""",Asus,1.0,604990,604990,I5-1235U,0,16GB,16.0,Windows 11,2.0,TodoClick.cl,2
512GB,512.0,2026-05-02 21:46:18,e-commerce,"Notebook Asus ExpertBook P1 de 14“ (intel i7-13620H, 64GB Ram, 512GB SSD, Win11 Pro)",Asus,1.0,1159990,1159990,intel i7-13620H,0,64GB,64.0,Windows 11 Pro,0.0,NotebookStoreCL,1
1TB,1024.0,2026-05-02 21:50:48,e-commerce,"Notebook Asus ExpertBook de 14“ (Intel Core i5-13420H, 32GB Ram, 1TB SSD, Win11 Pro)",Asus,1.0,999990,999990,Intel Core i5-13420H,2,32GB,32.0,Windows 11 Pro,0.0,NotebookStoreCL,1
512GB,512.0,2026-05-02 22:30:42,e-commerce,"Notebook Asus ExpertBook P1 de 14“ (intel i7-13620H, 16GB Ram, 512GB SSD, Win11 Pro)",Asus,1.0,766990,766990,intel i7-13620H,0,16GB,16.0,Windows 11 Pro,0.0,NotebookStoreCL,1
1TB,1024.0,2026-05-02 22:25:17,e-commerce,"Notebook Asus ExpertBook de 14“ (Intel Core i5-13420H, 64GB Ram, 1TB SSD, Win11 Pro)",Asus,1.0,1099990,1099990,Intel Core i5-13420H,2,64GB,64.0,Windows 11 Pro,0.0,NotebookStoreCL,1
512gb,512.0,2026-05-02 17:16:14,e-commerce,Notebook Asus Tuf Gaming A16 R7 32gb Ram 512gb Ssd Rtx 4050,Asus,1.0,1.629.990,1629990,AMD Ryzen 7 7445HS,1,32gb,32.0,Windows 11 Home,1.0,Mercado Libre,3
512 SSD,512.0,2026-05-02 12:55:23,e-commerce,Lenovo Legion Slim 5 16AHP8 AMD Ryzen 7 | RTX 4060 (8GB) | 16GB RAM | 512 SSD [82Y9000PUS] - Excelente Estado,Lenovo,2.0,$1.299.990 CLP,1299990,Ryzen 7,1,16GB,16.0,Windows 11 Pro,0.0,ZTECH.CL,11
SSD 512 GB,512.0,2026-05-02 14:52:49,comercio electrónico,"Lenovo LOQ Gen 10 (15"" AMD) GeForce RTX 5050",Lenovo,2.0,1199992,1199992,AMD Ryzen 5 220 (3200 MHz - 4750 MHz),1,24 GB DDR5 (5600 MHz),24.0,Windows 11 Home,1.0,SoloTodo,0
1TB,1024.0,2026-05-02 22:57:14,e-commerce,"Notebook Asus Expertbook B3 de 14“ (Ultra 7 155H, 16GB Ram, 1TB SSD, Win11 Pro)",Asus,1.0,900990,900990,Ultra 7 155H,0,16GB,16.0,Windows 11 Pro,0.0,NotebookStoreCL,1
SSD 512 GB,512.0,2026-05-02 16:03:49,comercio electrónico,Lenovo Yoga C740-15IML (81TD0007US) – Notebook 2 en 1 con Intel Core i7 y pantalla táctil Full HD,Lenovo,2.0,799990,799990,Intel Core i7,3,8 GB DDR4 (2666 MHz),8.0,Windows 10 Home,8.0,SoloTodo,0
SSD 1 TB,1024.0,2026-05-02 15:10:43,comercio electrónico,Notebook ASUS ExpertBook B3 B3405CCA-LY2268X,Asus,1.0,1259990,1259990,Intel Core Ultra 7 155H (3800 MHz - 4800 MHz),0,32 GB DDR5 (5600 MHz),32.0,Windows 11 Pro,0.0,SoloTodo,0
SSD 512 GB,512.0,2026-05-02 16:01:49,comercio electrónico,"Lenovo ThinkPad E16 Gen 2 (16”, Intel)",Lenovo,2.0,649990,649990,Intel Core Ultra 5 125U (1300 MHz - 4300 MHz),0,16 GB DDR5 (5600 MHz),16.0,Windows 11 Pro,0.0,SoloTodo,0
1TB,1024.0,2026-05-02 19:36:06,e-commerce,"Notebook AI PC ThinkPad X9 Gen 1 Intel Ultra 7-258V 14"" 32GB 1TB SSD Win...",Lenovo,2.0,2629990,2629990,Intel Ultra 7-258V,0,32GB,32.0,Otro,3.0,PC Factory,5
SSD 512 GB,512.0,2026-05-02 15:48:28,comercio electrónico,"Lenovo ThinkPad E14 Gen 7 (Intel) - Notebook 14""",Lenovo,2.0,1146990,1146990,Intel Core 7 240H (1800 MHz - 5200 MHz),0,16 GB DDR5 (5600 MHz),16.0,Windows 11 Pro,0.0,SoloTodo,0
SSD 512 GB,512.0,2026-05-02 16:03:22,comercio electrónico,Lenovo Legion 5 15ARH05 – Laptop Gamer con Rendimiento Equilibrado,Lenovo,2.0,1299990,1299990,AMD Ryzen 5 4600H (3000 MHz - 4000 MHz),4,8 GB DDR4 (3200 MHz),8.0,Windows 10 Home,8.0,SoloTodo,0
512 GB,512.0,2026-05-02 20:41:28,e-commerce,"Notebook Lenovo ThinkPad L14 Gen 5 14"" LCD Intel Core Ultra 5 125U / 4.3 GHz 16 GB SDRAM 512 GB SSD Windows 11 Pro Negro",Lenovo,2.0,1107990,1107990,Intel Core Ultra 5 125U,0,16 GB,16.0,Windows 11 Pro,0.0,TodoClick.cl,2
256GB,256.0,2026-05-02 21:19:24,e-commerce,"Notebook LenovoThinkPad E14 G2 I5-1135G7, 8GB Ram, 256GB SSD, W10",Lenovo,2.0,1158990,1158990,I5-1135G7,0,8GB,8.0,Windows 10,5.0,TodoClick.cl,2
512 GB,512.0,2026-05-02 17:52:38,e-commerce,Notebook Gamer Loq Intel Core I5 16ram 512ssd Rtx 5060 15,Lenovo,2.0,1.699.990,1699990,Intel Core I5,2,16 GB,16.0,Windows 11 Home,1.0,Mercado Libre,3
256GB SSD,256.0,2026-05-02 19:40:59,e-commerce,Notebook Lenovo ThinkPad X1 CARBON Gen 8,Lenovo,2.0,$599.990,599990,Intel Core i7-10510U,3,16GB,16.0,Windows 10,5.0,SMARTDEAL,4
1TB,1024.0,2026-05-02 20:37:33,e-commerce,"Notebook Lenovo ThinkPad P16v Gen 6 16"" Intel Core Ultra 7 155H, 16GB DDR4 , 1TB SSD, NVIDIA RTX 2000, W11Pro",Lenovo,2.0,2551990,2551990,Intel Core Ultra 7 155H,0,16GB,16.0,Windows 11 Pro,0.0,TodoClick.cl,2
SSD 512 GB,512.0,2026-05-02 15:14:31,comercio electrónico,"Lenovo V14 G4 IRU (83A000G9CL) – Notebook Profesional de 14"" con Intel Core i7",Lenovo,2.0,762390,762390,Intel Core i7,3,16 GB DDR4 (3200 MHz),16.0,Windows 11 Pro,0.0,SoloTodo,0
240 GB,240.0,2026-05-02 18:15:19,e-commerce,Notebook Lenovo Thinkpad X260 I5-6200u 8gb 240gb Grado A (Reacondicionado),Lenovo,2.0,169.990,169990,Intel Core i5 6200U,2,8gb,8.0,Windows 10 Pro,7.0,Mercado Libre,3
SSD 512 GB,512.0,2026-05-02 15:14:13,comercio electrónico,"Lenovo IdeaPad Flex 5 14"" (AMD Ryzen 7 5700U) - Notebook 2 en 1",Lenovo,2.0,599990,599990,Ryzen 7,1,16 GB LPDDR4X (4266 MHz),16.0,Windows 11 Home,1.0,SoloTodo,0
512gb,512.0,2026-05-02 18:00:59,e-commerce,"Lenovo V14 Gen 4 I5-13420h, 16gb Ram, 512gb Ssd Win11pro",Lenovo,2.0,699.990,699990,Intel Core i5 i5-13420H,2,16gb,16.0,Windows 11,2.0,Mercado Libre,3
SSD 512 GB,512.0,2026-05-02 15:57:39,comercio electrónico,"Lenovo ThinkPad L14 Gen 6 (Intel Core Ultra 7 255U) - Notebook Profesional 14""",Lenovo,2.0,1299992,1299992,Intel Core Ultra 7 255U (2000 MHz - 5200 MHz),0,16 GB DDR5 (5600 MHz),16.0,Windows 11 Pro,0.0,SoloTodo,0
512GB,512.0,2026-05-02 21:28:29,e-commerce,"Notebook Lenovo ThinkPad L14 Gen 2 de 14“ (i5-1135G7, 8GB RAM, 512GB SSD, Win10 Pro)",Lenovo,2.0,1104990,1104990,i5-1135G7,0,8GB,8.0,Windows 10,5.0,TodoClick.cl,2
512GB,512.0,2026-05-02 14:52:07,comercio electrónico,"Notebook Lenovo V14 G4 AMN (82YT011SCL) - AMD Ryzen 5 7520U, 8GB, 512GB SSD, 14"" FHD",Lenovo,2.0,398840,398840,Ryzen 5,4,8GB,8.0,Windows 11 Pro,0.0,SoloTodo,0
SSD 512 GB,512.0,2026-05-02 15:03:04,comercio electrónico,"Lenovo IdeaPad Slim 5i 16"" 10ma Gen - Luna Grey",Lenovo,2.0,819990,819990,Intel Core i5-13420H (1500 MHz - 4600 MHz),2,16 GB DDR5 (5600 MHz),16.0,Windows 11 Home,1.0,SoloTodo,0
512GB,512.0,2026-05-02 19:48:15,e-commerce,"Notebook Lenovo V14 G5 IRL Intel Core I5-13420H 8GB Ram DDR5, 512GB SSD, Windows 11 Pro",Lenovo,2.0,599990,599990,Intel Core I5-13420H,2,8GB,8.0,Windows 11 Pro,0.0,TodoClick.cl,2
1tb,1024.0,2026-05-02 17:40:51,e-commerce,Notebook Yogabook 9i Intel Core Ultra 7 32gb Ram 1tb Ssd 13,Lenovo,2.0,1.745.877,1745877,Intel® Core™ Ultra 7 155U,0,32gb,32.0,Otro,3.0,Mercado Libre,3
256GB,256.0,2026-05-02 19:44:14,e-commerce,"Notebook Lenovo V14 G4 IRU, Intel® Core I3-1315U, 8GB DDR4, 256GB SSD, USB-C® 3.2, Wi-Fi® 6, BT5.2, HDMI, 14"" FHD, Windows 11 Home (83A000G1CL).",Lenovo,2.0,$389.990,389990,I3-1315U,0,8GB,8.0,Windows 11,2.0,BIP,10
SSD 512 GB,512.0,2026-05-02 15:52:21,comercio electrónico,Lenovo ThinkPad T14 Gen 1 (20S1S35600 / 16 GB RAM),Lenovo,2.0,419000,419000,Intel Core i5-10210U (1600 MHz - 4200 MHz),2,16 GB,16.0,Windows 10 Pro,7.0,SoloTodo,0
1TB,1024.0,2026-05-02 21:28:01,e-commerce,NOTEBOOK Lenovo ThinkPad T14 Gen 2 - I7-1165G7 - 16GB - 1TB SSD - W10P,Lenovo,2.0,1713990,1713990,I7-1165G7,0,16GB,16.0,Windows 10,5.0,TodoClick.cl,2
1tb,1024.0,2026-05-02 18:19:13,e-commerce,Notebook Thinkpad Gen7 Core I7 32ram 1tb Ssd 16 Rtx 2000,Lenovo,2.0,2.899.990,2899990,Procesador Intel® Core™ Ultra 7 155H Intel Core Ultra 7 155H,0,32 GB,32.0,Windows 11 Pro,0.0,Mercado Libre,3
512 GB,512.0,2026-05-02 18:23:30,e-commerce,Notebook Lenovo V14 I5 1342h 8gb 512ssd W11pro Negro,Lenovo,2.0,1.129.990,1129990,Intel INTEL CORE I5 1342H,2,8gb,8.0,Windows 11 Pro,0.0,Mercado Libre,3
SSD 1 TB,1024.0,2026-05-02 14:51:43,comercio electrónico,"Lenovo Yoga Slim 7 Gen 9 (Modelo 83CV0022CL) – Notebook 14"" OLED",Lenovo,2.0,939990,939990,Intel Core Ultra 7 155H (3800 MHz - 4800 MHz),0,16 GB LPDDR5X (7467 MHz),16.0,Windows 11 Home,1.0,SoloTodo,0
256GB SSD,256.0,2026-05-02 19:39:06,e-commerce,Notebook Lenovo ThinkPad X1 CARBON Gen 9,Lenovo,2.0,$499.990,499990,Intel Core i7-8565U,3,16GB,16.0,Windows 11 Pro,0.0,SMARTDEAL,4
512GB,512.0,2026-05-02 20:43:39,e-commerce,"Notebook Lenovo V14 Gen 4 IRU 14"" Intel Core i5 13420H, 8GB DDR4, 512GB SSD, W11P",Lenovo,2.0,555990,555990,Intel Core i5,2,8GB,8.0,Windows 11 Pro,0.0,TodoClick.cl,2
1TB,1024.0,2026-05-02 21:29:50,e-commerce,"Notebook Lenovo ThinkPad T14 de 14“ (Ryzen 7 Pro 5850U, 16GB RAM, 1TB SSD, Win10 Pro)",Lenovo,2.0,1394990,1394990,Ryzen 7,1,16GB,16.0,Windows 10,5.0,TodoClick.cl,2
480gb,480.0,2026-05-02 18:14:29,e-commerce,Lenovo Thinkpad L470 I5-7200u 16gb 480gb Ssd Hd 14 Factura (Reacondicionado),Lenovo,2.0,319.990,319990,Intel 7200U,0,16gb,16.0,Windows 11 Pro,0.0,Mercado Libre,3
2 TB,2048.0,2026-05-02 17:25:09,e-commerce,Notebook Gamer Legion 7i Intel Core Ultra 9 32gb 2tb Rtx5070 Blanco,Lenovo,2.0,3.299.990,3299990,Intel Core Ultra 9 275HX,0,32gb,32.0,Windows 11 Home,1.0,Mercado Libre,3
512gb,512.0,2026-05-02 18:17:34,e-commerce,"Notebook Lenovo V14 G5 Intel I5-13420h 8gb 512gb Ssd, 14 Fhd Gris",Lenovo,2.0,1.632.210,1632210,Intel I5-13420h,2,8gb,8.0,Windows 11 Pro,0.0,Mercado Libre,3
256gb,256.0,2026-05-02 18:03:03,e-commerce,Lenovo Ideapad 3 Core I3 8gb Ram 256gb Ssd Win 11 (Reacondicionado),Lenovo,2.0,299.900,299900,Intel Core i3 1005G1,6,8gb,8.0,Windows 11 Home,1.0,Mercado Libre,3
512GB,512.0,2026-05-02 20:33:34,e-commerce,"Notebook Lenovo V14 G5 14"" i7-13620H 8GB DDR5 512GB SSD W11P",Lenovo,2.0,663990,663990,i7-13620H,0,8GB,8.0,Windows 11 Pro,0.0,TodoClick.cl,2
1TB,1024.0,2026-05-02 19:53:58,e-commerce,"Notebook Lenovo X1 2-in-1 Gen 10 Intel Core Ultra 7 255U, 32GB Ram DDR5, 1TB SSD, W11Pro, 14""",Lenovo,2.0,2273990,2273990,Intel Core Ultra 7 255U,0,32GB,32.0,Windows 11 Pro,0.0,TodoClick.cl,2
512 GB,512.0,2026-05-02 17:13:14,e-commerce,Notebook Lenovo Ideapad Slim 3 Gen 10 Core I7 13620h 24+512g Cosmic Blue,Lenovo,2.0,999.990,999990,Intel Core i7 13620H,3,DDR5 24 GB,24.0,Windows 11 Home,1.0,Mercado Libre,3
1TB,1024.0,2026-05-02 21:12:05,e-commerce,"Notebook Lenovo ThinkPad P15v Gen 3 i7-12700H, NVIDIA T600, 16GB Ram DDR5, 1TB SSD, W11Pro, 15.6""",Lenovo,2.0,883990,883990,i7-12700H,0,16GB,16.0,Windows 11 Pro,0.0,TodoClick.cl,2
512GB,512.0,2026-05-02 14:54:16,comercio electrónico,"Lenovo IdeaPad Slim 3 15IAN8 (82XB002DCL) – Notebook Intel Core i3-N305, 8GB RAM, 512GB SSD, 15.6"" FHD",Lenovo,2.0,379990,379990,Intel Core i3-N305,6,8GB,8.0,Windows 11 Home,1.0,SoloTodo,0
256GB,256.0,2026-05-02 20:23:39,e-commerce,"Notebook Lenovo IdeaPad i3-1115G4, 8GB Ram, 256GB SSD, W10H",Lenovo,2.0,349990,349990,i3-1115G4,0,8GB,8.0,Windows 10,5.0,TodoClick.cl,2
256 GB,256.0,2026-05-02 12:02:04,e-commerce,Lenovo ThinkPad E15 Gen 3 Ryzen 5 5500U 8 GB 256 GB SSD 15.6″ FHD Win 10 Pro,Lenovo,2.0,$1.349.990,1349990,Ryzen 5,4,8 GB,8.0,Windows 11,2.0,opcstore.cl,7
SSD 512 GB,512.0,2026-05-02 14:53:04,comercio electrónico,Lenovo LOQ 15ARP10E – Notebook Gamer con AMD Ryzen 7 y NVIDIA RTX 4050,Lenovo,2.0,930248,930248,Ryzen 7,1,16 GB DDR5 (4800 MHz),16.0,Windows 11 Home,1.0,SoloTodo,0
SSD 512 GB,512.0,2026-05-02 15:25:53,comercio electrónico,Lenovo IdeaPad Slim 5 14AKP10 (Modelo 83HX00ADCL) - Notebook con AMD Ryzen AI 7 y pantalla OLED,Lenovo,2.0,919990,919990,AMD Ryzen AI 7 350 (2000 MHz - 5000 MHz),1,24 GB DDR5 (5600 MHz),24.0,Windows 11 Home,1.0,SoloTodo,0
512gb,512.0,2026-05-02 18:17:14,e-commerce,"Notebook Lenovo V14 G5 Intel I5-13420h 8gb 512gb Ssd, 14 Fhd",Lenovo,2.0,512.952,512952,Intel I5-13420h,2,8gb,8.0,Windows 11 Pro,0.0,Mercado Libre,3
SSD 512 GB,512.0,2026-05-02 15:09:05,comercio electrónico,Lenovo LOQ 15ARP10E Gen 10 (Ryzen 7 7735HS / 16 GB RAM / SSD 512 GB / RTX 4050),Lenovo,2.0,994990,994990,Ryzen 7,1,16 GB,16.0,Windows 11 Home,1.0,SoloTodo,0
SSD 1 TB,1024.0,2026-05-02 16:06:25,comercio electrónico,"Lenovo LOQ 15i Gen 10 (15"" Intel) GeForce RTX™ 5060",Lenovo,2.0,1519990,1519990,Intel Core i7-13700HX (2100 MHz - 5000 MHz),3,16 GB DDR5 (4800 MHz),16.0,Windows 11 Home,1.0,SoloTodo,0
512GB SSD,512.0,2026-05-02 19:41:17,e-commerce,Notebook Lenovo ThinkPad T470,Lenovo,2.0,$349.990,349990,Intel Core i5-6300U,2,16 GB DDR4,16.0,Windows 10 Pro,7.0,SMARTDEAL,4
1tb,1024.0,2026-05-02 17:45:13,e-commerce,Notebook Thinkpad X9 14 Aura Intel Core Ultra 7 32gb 1tb Ssd Gris,Lenovo,2.0,2.499.990,2499990,Intel Core Ultra 7 258V,0,32gb,32.0,Windows 11 Pro,0.0,Mercado Libre,3
512 GB,512.0,2026-05-02 18:17:03,e-commerce,Notebook14 I5-1135g 16gb 512gbnvme Fullhd Factura Garantia12 (Reacondicionado),Lenovo,2.0,529.990,529990,Intel I5 1135G,2,16gb,16.0,Windows 11 Pro,0.0,Mercado Libre,3
SSD 256 GB,256.0,2026-05-02 16:01:59,comercio electrónico,"Lenovo IdeaPad Flex 5 14"" (Modelo 81X100FHCL) - Notebook 2-en-1 Reacondicionada",Lenovo,2.0,399990,399990,Intel Core i3-1005G1 (1200 MHz - 3400 MHz),6,4 GB DDR4 (3200 MHz),4.0,Windows 10 Home,8.0,SoloTodo,0
SSD 512 GB,512.0,2026-05-02 16:03:36,comercio electrónico,Notebook Gamer Lenovo LOQ 15IRX9 (83DV00P6CL),Lenovo,2.0,1649990,1649990,Intel Core i7-13650HX (3600 MHz - 4900 MHz),3,24 GB DDR5 (4800 MHz),24.0,Windows 11 Home,1.0,SoloTodo,0
1TB,1024.0,2026-05-02 14:49:20,comercio electrónico,"Lenovo Yoga Pro 7 Gen 10 AMD Ryzen AI 9 365 - Notebook 14.5"" OLED 32GB RAM 1TB SSD",Lenovo,2.0,1379990,1379990,AMD Ryzen AI 9 365 (2000 MHz - 5000 MHz),4,32GB,32.0,Windows 11 Home,1.0,SoloTodo,0
512GB,512.0,2026-05-02 20:33:45,e-commerce,"Notebook Lenovo V14 G5 14"" i7-13620H 16GB DDR5 512GB SSD W11P",Lenovo,2.0,776990,776990,i7-13620H,0,16GB,16.0,Windows 11 Pro,0.0,TodoClick.cl,2
256GB,256.0,2026-05-02 20:22:07,e-commerce,"Notebook Lenovo IdeaPad S145 AMD Athlon 3020e, 8GB RAM, 256GB SSD + 500GB HDD, W10H, 14""",Lenovo,2.0,329990,329990,AMD Athlon 3020e,0,8GB,8.0,Windows 10,5.0,TodoClick.cl,2
512 GB,512.0,2026-05-02 18:15:41,e-commerce,Notebook Lenovo Thinkpad T14 Gen 5 Amd Ryzen 7 Pro,Lenovo,2.0,1.100.000,1100000,Ryzen 7,1,16 GB,16.0,Windows 11 Pro,0.0,Mercado Libre,3
256gb,256.0,2026-05-02 18:28:06,e-commerce,Notebook Lenovo Ideapad Slim 15.6 Intel I3 8gb Ram 256gb Ssd Color Arctic Grey (Nuevo con caja abierta),Lenovo,2.0,1.632.210,1632210,Intel I3,6,8gb,8.0,Windows 11 Home,1.0,Mercado Libre,3
1TB,1024.0,2026-05-02 21:07:53,e-commerce,"Notebook Lenovo Thinkpad P16 Gen 2 i7-13700HX, RTX A1000, 16GB RAM, 1TB SSD, W11P, 14""",Lenovo,2.0,523990,523990,i7-13700HX,0,16GB,16.0,Windows 11 Pro,0.0,TodoClick.cl,2
512GB,512.0,2026-05-02 20:17:09,e-commerce,"Notebook Lenovo K14 Ryzen 5 5600U, 8GB RAM, 512GB SSD, W11Pro, 14""",Lenovo,2.0,489990,489990,Ryzen 5,4,8GB,8.0,Windows 11 Pro,0.0,TodoClick.cl,2
HDD 500 GB (5400rpm),500.0,2026-05-02 15:27:25,comercio electrónico,"Lenovo V14 ADA - Notebook 14"" con Procesador AMD Athlon 3020e",Lenovo,2.0,199990,199990,AMD Athlon 3020e (1200 MHz - 2600 MHz),0,4 GB DDR4 (2400 MHz),4.0,Windows 10 Home,8.0,SoloTodo,0
SSD 512 GB,512.0,2026-05-02 15:44:33,comercio electrónico,Lenovo ThinkPad X1 Carbon Gen 8 (20U9002NUS),Lenovo,2.0,630000,630000,Intel Core i7-10610U (1800 MHz - 4900 MHz),3,16 GB LPDDR3 (2133 MHz),16.0,Windows 10 Pro,7.0,SoloTodo,0
1tb,1024.0,2026-05-02 18:28:54,e-commerce,Notebook Yoga Slim Gen 10 Intel Core I7 32gb Ram 1tb Ssd 14,Lenovo,2.0,2.499.990,2499990,Intel Core I7,3,32gb,32.0,Windows 11 Home,1.0,Mercado Libre,3
512GB,512.0,2026-05-02 21:45:11,e-commerce,"Notebook Lenovo ThinkPad T14 Gen 6 de 14“ (Ultra 7 255U, 16GB Ram, 512GB SSD, Win11 Pro)",Lenovo,2.0,1489990,1489990,Ultra 7 255U,0,16GB,16.0,Windows 11 Pro,0.0,NotebookStoreCL,1
SSD 1 TB,1024.0,2026-05-02 15:33:04,comercio electrónico,Lenovo ThinkPad L14 Gen 5 (21L6S1BD00) - Notebook Profesional,Lenovo,2.0,890000,890000,AMD Ryzen 7 7735U (2700 MHz - 4750 MHz),1,16 GB DDR5 (5600 MHz),16.0,Windows 11 Home,1.0,SoloTodo,0
512gb,512.0,2026-05-02 18:01:23,e-commerce,"Notebook Lenovo Thinkpad T14 G2, Nt01, 16gb Ram, 512gb Ssd (Reacondicionado)",Lenovo,2.0,479.900,479900,Intel Core i5 1135G7,2,16gb,16.0,Windows 11 Pro,0.0,Mercado Libre,3
SSD 1 TB,1024.0,2026-05-02 15:14:26,comercio electrónico,Notebook Gamer Lenovo Legion Slim 5 16AHP9,Lenovo,2.0,1849990,1849990,AMD Ryzen 7 8845HS (3800 MHz - 5100 MHz),1,16 GB DDR5 (5600 MHz),16.0,Windows 11 Home,1.0,SoloTodo,0
SSD 512 GB,512.0,2026-05-02 15:17:36,comercio electrónico,Lenovo ThinkPad E16 Gen 3 (21SS000LCL),Lenovo,2.0,1051990,1051990,Intel Core Ultra 5 225U (1500 MHz - 4800 MHz),0,16 GB DDR5 (5600 MHz),16.0,Windows 11 Pro,0.0,SoloTodo,0
512GB SSD,512.0,2026-05-02 19:43:22,e-commerce,Notebook Lenovo V15 G3,Lenovo,2.0,$ 699.990,699990,Intel Core i7-1255U,3,16 GB,16.0,Windows 11,2.0,PORTATILCHILE,9
512GB,512.0,2026-05-02 16:16:24,e-commerce,"Lenovo ThinkPad L14 Gen 6 (Intel Core i5-1235U, 16GB DDR5, 512GB SSD)",Lenovo,2.0,1159990,1159990,Intel Core i5-1235U,2,16GB,16.0,Windows 11 Pro,0.0,SoloTodo,0
SSD 512 GB,512.0,2026-05-02 14:50:29,comercio electrónico,Lenovo ThinkPad T14 Gen 2 (20W1SGQN00 / 32 GB RAM),Lenovo,2.0,499900,499900,Intel Core i5-1145G7 (2600 MHz - 4400 MHz),2,32 GB,32.0,Windows 11 Pro,0.0,SoloTodo,0
1TB,1024.0,2026-05-02 12:38:23,e-commerce,"Estación de trabajo portátil - Lenovo ThinkPad P14s Gen 5 21G3000HCL 36.8cm (14.5"") - WUXGA - 60Hz - Intel Core Ultra 7 155H - 16GB - 1TB SSD - Español Teclado - Negro",Lenovo,2.0,$2.058.119,2058119,Intel Core Ultra 7 155H,0,16GB,16.0,Otro,3.0,FSNSTORE.CL,8
512GB,512.0,2026-05-02 21:03:59,e-commerce,"Notebook Lenovo Thinkbook 14 G6 i7-13700H, 16GB RAM, 512GB SSD, W11P, 14""",Lenovo,2.0,980990,980990,i7-13700H,0,16GB,16.0,Windows 11 Pro,0.0,TodoClick.cl,2
SSD 512 GB,512.0,2026-05-02 15:45:30,comercio electrónico,Lenovo ThinkPad T14 Gen 5 (Intel Core Ultra 5 135U) – Notebook Profesional,Lenovo,2.0,1348990,1348990,Intel Core Ultra 5 135U (1600 MHz - 4400 MHz),0,16 GB DDR5 (5600 MHz),16.0,Windows 11 Pro,0.0,SoloTodo,0
512gb,512.0,2026-05-02 17:27:38,e-commerce,"Lenovo V14 Gen 4 I5-13420h, 16gb Ram, 512gb Ssd Win11pro",Lenovo,2.0,699.990,699990,Intel Core i5 i5-13420H,2,16gb,16.0,Windows 11,2.0,Mercado Libre,3
512GB,512.0,2026-05-02 19:36:06,e-commerce,"Notebook ThinkPad L14 Gen 6 AMD Ryzen 7 PRO 250 14"" 16GB 512GB SSD Windo...",Lenovo,2.0,2629990,2629990,Ryzen 7,1,16GB,16.0,Otro,3.0,PC Factory,5
SSD 1 TB,1024.0,2026-05-02 15:35:48,comercio electrónico,Lenovo ThinkPad X13 Gen 6 (Intel Core Ultra 7 255U) - Notebook Profesional Ultraligero,Lenovo,2.0,1921240,1921240,Intel Core Ultra 7 255U (2000 MHz - 5200 MHz),0,32 GB LPDDR5X (8533 MHz),32.0,Windows 11 Pro,0.0,SoloTodo,0
1TB,1024.0,2026-05-02 17:33:58,e-commerce,"Notebook Lenovo Legion Pro 16"" negro 32GB de Ram - 1TB SSD - Intel ULTRA 9 Color Negro",Lenovo,2.0,2.899.000,2899000,Intel Core Ultra 9 275HX,0,32GB,32.0,Windows 11,2.0,Mercado Libre,3
512 GB,512.0,2026-05-02 18:01:10,e-commerce,"Notebook Thinkpad I5, 16 Gb, Ssd 512 Windows 11 Pro Nt06 (Reacondicionado)",Lenovo,2.0,379.900,379900,Intel Core i5 10210U,2,16 Gb,16.0,Windows 11 Pro,0.0,Mercado Libre,3
512GB,512.0,2026-05-02 15:13:30,comercio electrónico,"Notebook Lenovo V14 G5 IRL 14"" FHD Intel Core i5-13420H, 8GB DDR5, 512GB SSD, Windows 11 Pro",Lenovo,2.0,619900,619900,Intel Core i5-13420H,2,8GB,8.0,Windows 11 Pro,0.0,SoloTodo,0
500 GB,500.0,2026-05-02 15:28:03,comercio electrónico,Lenovo ThinkPad T490 (20N3SF0T00 / 500 GB SSD),Lenovo,2.0,329990,329990,Intel Core i5-8365U (1600 MHz - 4100 MHz),2,8 GB DDR4 (2400 MHz),8.0,Windows 10 Pro,7.0,SoloTodo,0
512GB,512.0,2026-05-02 20:57:11,e-commerce,"Notebook Lenovo IdeaPad Slim 5 8 i5-12450H 14.0"" 8GB Ram 512GB SSD W11H Cloud Grey",Lenovo,2.0,835990,835990,i5-12450H,0,8GB,8.0,Windows 11,2.0,TodoClick.cl,2
512 GB,512.0,2026-05-02 12:07:12,e-commerce,Lenovo ThinkPad T14 Gen 2 AMD Ryzen 5 Pro 5650U 8 GB DDR4 512 GB SSD 14″ FHD Win 10 Pro,Lenovo,2.0,$1.059.990,1059990,Ryzen 5,4,8 GB,8.0,Windows 11,2.0,opcstore.cl,7
512gb,512.0,2026-05-02 17:28:39,e-commerce,Notebook Thinkpad 14 Amd Ryzen Ai 7 Pro 32gb Ram 512gb Ssd,Lenovo,2.0,1.899.990,1899990,AMD Ryzen™ AI 7 PRO 350,1,32gb,32.0,Windows 11 Pro,0.0,Mercado Libre,3
512GB,512.0,2026-05-02 20:14:54,e-commerce,"Notebook Lenovo ThinkBook 14 G4 I7-1255U, 16GB RAM, 512GB SSD, W11P, 14""",Lenovo,2.0,918990,918990,I7-1255U,0,16GB,16.0,Windows 11 Pro,0.0,TodoClick.cl,2
SSD 512 GB,512.0,2026-05-02 15:33:58,comercio electrónico,Lenovo ThinkPad P15 Gen 1 (20SUS09F3D) - Notebook Profesional Workstation,Lenovo,2.0,699000,699000,Intel Core i7-10850H (2700 MHz - 5100 MHz),3,16 GB DDR4 (3200 MHz),16.0,Windows 10 Pro,7.0,SoloTodo,0
512GB,512.0,2026-05-02 15:08:26,comercio electrónico,"Notebook Lenovo IdeaPad Slim 5 Gen 10 - AMD Ryzen AI 7 350, 14"" OLED, 24GB RAM, 512GB SSD",Lenovo,2.0,849990,849990,AMD Ryzen AI 7 350 (2000 MHz - 5000 MHz),1,24GB,24.0,Windows 11 Home,1.0,SoloTodo,0
SSD 1 TB,1024.0,2026-05-02 15:11:13,comercio electrónico,Lenovo Legion 7 16ACHg6 (82N6007LCL) - Notebook Gamer Reacondicionada,Lenovo,2.0,1499990,1499990,AMD Ryzen 9 5900HX (3300 MHz - 4600 MHz),4,32 GB DDR4 (3200 MHz),32.0,Windows 10 Home,8.0,SoloTodo,0
256GB SSD,256.0,2026-05-02 19:39:18,e-commerce,Notebook Lenovo ThinkPad X1 CARBON Gen 8,Lenovo,2.0,$599.990,599990,Intel Core i7-10610U,3,16GB,16.0,Windows 10,5.0,SMARTDEAL,4
512GB,512.0,2026-05-02 21:07:35,e-commerce,"Notebook Lenovo ThinkPad E15 Gen 4 I7-1255U, 16GB Ram, 512GB SSD, W11P, 15.6""",Lenovo,2.0,219990,219990,I7-1255U,0,16GB,16.0,Windows 11 Pro,0.0,TodoClick.cl,2
2tb,2048.0,2026-05-02 17:18:43,e-commerce,Notebook Legion Pro 7i Intel Core Ultra 9 32gb Ram 2tb Ssd Lenovo,Lenovo,2.0,3.599.990,3599990,Intel Core Ultra 9 275HX,0,32gb,32.0,Windows 11 Home,1.0,Mercado Libre,3
SSD 512 GB,512.0,2026-05-02 14:45:21,comercio electrónico,"Notebook Lenovo IdeaPad Slim 3 14"" Intel Core i5-13420H Windows 11 Home - Luna Grey",Lenovo,2.0,539990,539990,Intel Core i5-13420H,2,8 GB DDR5 (4800 MHz),8.0,Windows 11,2.0,SoloTodo,0
1TB,1024.0,2026-05-02 19:53:48,e-commerce,"Notebook Lenovo X9-14 Gen 1 Intel Core Ultra 7 258V, 32GB Ram DDR5, 1TB SSD, W11Pro, 14""",Lenovo,2.0,1965990,1965990,Intel Core Ultra 7 258V,0,32GB,32.0,Windows 11 Pro,0.0,TodoClick.cl,2
512 GB,512.0,2026-05-02 20:40:48,e-commerce,"Notebook Lenovo ThinkPad X1 Carbon Gen 12 14"" 1920 x 1200 LCD Touchscreen Intel Core Ultra 7 155U 32 GB DDR5 SDRAM 512 GB SSD",Lenovo,2.0,2026990,2026990,Intel Core Ultra 7 155U,0,32 GB,32.0,Otro,3.0,TodoClick.cl,2
512GB,512.0,2026-05-02 21:12:15,e-commerce,"Notebook Lenovo ThinkBook 14 G4 IAP i7-1255U, 8GB Ram, 512GB SSD, W11Pro",Lenovo,2.0,171990,171990,i7-1255U,0,8GB,8.0,Windows 11 Pro,0.0,TodoClick.cl,2
512GB,512.0,2026-05-02 21:18:51,e-commerce,"Notebook Lenovo ThinkPad T14 Gen 3 i5-1235U, 16gb Ram, 512GB SSD, W10",Lenovo,2.0,1804990,1804990,i5-1235U,0,16gb,16.0,Windows 10,5.0,TodoClick.cl,2
512GB,512.0,2026-05-02 20:48:21,e-commerce,"Notebook Lenovo ThinkBook 14 G4 i5-1235U, 8GB Ram, 512GB SSD, W11Pro",Lenovo,2.0,1332990,1332990,i5-1235U,0,8GB,8.0,Windows 11 Pro,0.0,TodoClick.cl,2
512GB,512.0,2026-05-02 19:35:55,e-commerce,"Notebook Ideapad Slim Intel Core i7 13620H 14"" FHD 60Hz 24GB 512GB SSD W...",Lenovo,2.0,1129990,1129990,Intel Core i7,3,24GB,24.0,Otro,3.0,PC Factory,5
1TB,1024.0,2026-05-02 19:51:19,e-commerce,Notebook Lenovo ThinkPad X9-15 Gen 1 Aura Intel Core Ultra 7 32GB RAM 1TB SSD W11P,Lenovo,2.0,2113990,2113990,Intel Core Ultra 7,0,32GB,32.0,Windows 11 Pro,0.0,TodoClick.cl,2
SSD 512 GB,512.0,2026-05-02 15:12:10,comercio electrónico,Lenovo ThinkPad P14s Gen 5 (Intel) - Notebook Profesional,Lenovo,2.0,1711990,1711990,Intel Core Ultra 7 155H (3800 MHz - 4800 MHz),0,32 GB DDR5 (5600 MHz),32.0,Windows 11 Pro,0.0,SoloTodo,0
SSD 512 GB,512.0,2026-05-02 15:15:23,comercio electrónico,"Lenovo LOQ Gen 9 (15"" AMD) GeForce RTX™ 3050",Lenovo,2.0,859990,859990,AMD Ryzen 5 7235HS (3200 MHz - 4200 MHz),1,16 GB DDR5 (4800 MHz),16.0,Windows 11 Home,1.0,SoloTodo,0
512GB,512.0,2026-05-02 12:07:43,e-commerce,Notebook Lenovo ThinkBook 14 G2 ARE Ryzen 7 4700U 16GB 512GB SSD FHD W10 Pro,Lenovo,2.0,$979.990,979990,Ryzen 7,1,16GB,16.0,Windows 10,5.0,opcstore.cl,7
HDD 500 GB (5400rpm),500.0,2026-05-02 16:07:03,comercio electrónico,Notebook Lenovo IdeaPad 330-15AST (81D6001UCL),Lenovo,2.0,229990,229990,AMD A6-9225 (2600 MHz - 3000 MHz),0,4 GB DDR4 (2133 MHz),4.0,Windows 10 Home,8.0,SoloTodo,0
SSD 512 GB,512.0,2026-05-02 15:47:31,comercio electrónico,"Lenovo IdeaPad 5 2-in-1 Gen 10 (14"" AMD) + Lápiz óptico",Lenovo,2.0,999991,999991,AMD Ryzen AI 5 340 (2000 MHz - 4800 MHz),4,16 GB LPDDR5X (7500 MHz),16.0,Windows 11 Home,1.0,SoloTodo,0
1TB,1024.0,2026-05-02 20:48:41,e-commerce,"Notebook Lenovo Yoga 7 14AHP9 Ryzen 7 8840HS, 16GB Ram, 1TB SSD, W11H",Lenovo,2.0,1540990,1540990,Ryzen 7,1,16GB,16.0,Windows 11,2.0,TodoClick.cl,2
512GB,512.0,2026-05-02 21:19:02,e-commerce,"Notebook Lenovo ThinkPad X1 Gen 9 i7-1165G7, 16GB Ram, 512GB SSD, W10",Lenovo,2.0,1116990,1116990,i7-1165G7,0,16GB,16.0,Windows 10,5.0,TodoClick.cl,2
SSD 512 GB,512.0,2026-05-02 15:13:40,comercio electrónico,Lenovo LOQ Essential 15ARP10 (Modelo 83S00002CL),Lenovo,2.0,859990,859990,AMD Ryzen 7 7735HS (3200 MHz - 4750 MHz),1,16 GB DDR5 (4800 MHz),16.0,Windows 11 Home,1.0,SoloTodo,0
1TB,1024.0,2026-05-02 21:11:53,e-commerce,"Notebook Lenovo ThinkPad P16 Gen 1 i7-12800HX, RTX A2000, 16GB Ram DDR5, 1TB SSD, W11Pro, 16""",Lenovo,2.0,883990,883990,i7-12800HX,0,16GB,16.0,Windows 11 Pro,0.0,TodoClick.cl,2
256GB,256.0,2026-05-02 21:10:15,e-commerce,"Notebook Lenovo IdeaPad S145-14API AMD Ryzen 3 3200U 4GB Ram, 256GB SSD, W10H, 14""",Lenovo,2.0,543990,543990,Ryzen 3,0,4GB,4.0,Windows 10,5.0,TodoClick.cl,2
128 GB,128.0,2026-05-02 18:09:32,e-commerce,Notebook Lenovo Thinkpad L13 Gen 2 Celeron 6305 4gb 128gb (Nuevo con caja abierta),Lenovo,2.0,179.990,179990,Intel Celeron 6305,0,4gb,4.0,Windows 10 Pro,7.0,Mercado Libre,3
1tb,1024.0,2026-05-02 17:28:59,e-commerce,Notebook Ideapad Slim 5i Intel Core I7 16gb Ram 1tb Ssd 16,Lenovo,2.0,1.299.990,1299990,Intel Core I7,3,16gb,16.0,Windows 11 Home,1.0,Mercado Libre,3
SSD 512 GB,512.0,2026-05-02 15:14:17,comercio electrónico,Lenovo ThinkPad T14 Gen 1 (Modelo 20S1S1BV00),Lenovo,2.0,349000,349000,Intel Core i5-10210U (1600 MHz - 4200 MHz),2,8 GB DDR4 (2666 MHz),8.0,Windows 10 Pro,7.0,SoloTodo,0
1TB,1024.0,2026-05-02 21:30:20,e-commerce,"Ultrabook Lenovo ThinkPad X13 de 13.3“ (i7-1165G7, 16GB RAM, 1TB SSD, Win10 Pro)",Lenovo,2.0,1639990,1639990,i7-1165G7,0,16GB,16.0,Windows 10,5.0,TodoClick.cl,2
SSD 1 TB,1024.0,2026-05-02 14:45:44,comercio electrónico,"Lenovo Legion 5 Gen 10 (15"" AMD) GeForce RTX 5060 - Notebook Gamer",Lenovo,2.0,1699993,1699993,AMD Ryzen AI 7 350 (2000 MHz - 5000 MHz),1,32 GB DDR5 (5600 MHz),32.0,Windows 11 Home,1.0,SoloTodo,0
SSD 512 GB,512.0,2026-05-02 15:20:44,comercio electrónico,"Lenovo ThinkPad T14 Gen 6 (14"" Intel) – Notebook Corporativa de Alto Rendimiento",Lenovo,2.0,1558990,1558990,Intel Core Ultra 7 255U (2000 MHz - 5200 MHz),0,24 GB DDR5 (5600 MHz),24.0,Windows 11 Home,1.0,SoloTodo,0
256 GB,256.0,2026-05-02 12:01:40,e-commerce,Lenovo ThinkPad T14 Gen 1 Ryzen 5 PRO 4650U 8 GB DDR4 256 GB SSD 14″ HD Win 10 Pro,Lenovo,2.0,$1.219.990,1219990,Ryzen 5,4,8 GB,8.0,Windows 11,2.0,opcstore.cl,7
512GB,512.0,2026-05-02 20:06:44,e-commerce,"Notebook Lenovo Thinkpad T15 G2, I7-1165, 16GB RAM, 512GB SSD, W11P, 15""",Lenovo,2.0,1672990,1672990,I7-1165,0,16GB,16.0,Windows 11 Pro,0.0,TodoClick.cl,2
SSD 1 TB,1024.0,2026-05-02 15:13:02,comercio electrónico,Lenovo Yoga 7 2-in-1 14AKP10 – Notebook Convertible con AMD Ryzen AI 7 350,Lenovo,2.0,1150468,1150468,AMD Ryzen AI 7 350 (2000 MHz - 5000 MHz),1,32 GB LPDDR5X (7500 MHz),32.0,Windows 11 Home,1.0,SoloTodo,0
512 GB,512.0,2026-05-02 17:39:34,e-commerce,Loqe Gen 10 Ryzen 7 7735hs 16g 512g 15.6 144hz Rtx 3050 6g Luna Grey,Lenovo,2.0,999.990,999990,Ryzen 7,1,16 GB,16.0,Windows 11 Home,1.0,Mercado Libre,3
SSD 512 GB,512.0,2026-05-02 15:27:34,comercio electrónico,Lenovo IdeaPad Slim 5 14Q8X9,Lenovo,2.0,699990,699990,Qualcomm Snapdragon X Plus X1P-42-100 (3200 MHz - 3400 MHz),0,16 GB LPDDR5X (8448 MHz),16.0,Windows 11 Home,1.0,SoloTodo,0
1TB,1024.0,2026-05-02 21:00:13,e-commerce,"Notebook Lenovo Thinkpad X1 Yoga Gen8 I7-1355U, 32GB Ram, 1TB SSD, W11P, 14""",Lenovo,2.0,542990,542990,I7-1355U,0,32GB,32.0,Windows 11 Pro,0.0,TodoClick.cl,2
256gb,256.0,2026-05-02 18:29:55,e-commerce,Lenovo Thinkpad E14 I7-10510u 16gb Ram 256gb Ssd 14 (Reacondicionado),Lenovo,2.0,349.990,349990,Intel Core i7 10510U,3,16gb,16.0,Windows 10 Pro,7.0,Mercado Libre,3
SSD 512 GB,512.0,2026-05-02 15:22:59,comercio electrónico,Lenovo ThinkBook 14 G2 ITL (20VD01CBCL),Lenovo,2.0,350000,350000,Intel Core i5-1135G7 (2400 MHz - 4200 MHz),2,8 GB DDR4 (3200 MHz),8.0,Windows 10 Pro,7.0,SoloTodo,0
512GB,512.0,2026-05-02 20:12:58,e-commerce,"Notebook Lenovo K14 G1 Amd Ryzen 5 5600U, 8GB RAM, 512GB SSD, W11, 14""",Lenovo,2.0,531990,531990,Ryzen 5,4,8GB,8.0,Windows 11,2.0,TodoClick.cl,2
512GB,512.0,2026-05-02 12:38:17,e-commerce,"Portátil - Lenovo ThinkBook 16p G6 IAX 21R00029CL 40.6cm (16"") - 165Hz - Intel Core Ultra 7 255HX - 16GB - 512GB SSD - Español Teclado - Luna Gray W11P",Lenovo,2.0,$2.107.420,2107420,Intel Core Ultra 7 255HX,0,16GB,16.0,Windows 11 Pro,0.0,FSNSTORE.CL,8
512GB,512.0,2026-05-02 19:45:48,e-commerce,Notebook Lenovo ThinkPad L14 Gen 6 AMD Ryzen 5 Pro 215 16GB RAM 512GB SSD Windows 11 Pro,Lenovo,2.0,$1.089.990,1089990,Ryzen 5,4,16GB,16.0,Windows 11 Pro,0.0,TECHRELOAD,12
1 TB,1024.0,2026-05-02 17:42:06,e-commerce,Yoga 7 Gen 10 R7 Krackan 32gb 1tb 14 Oled Touch Tidal Teal,Lenovo,2.0,1.499.990,1499990,AMD Ryzen AI 7 350,1,32gb,32.0,Windows 11 Home,1.0,Mercado Libre,3
1 TB,1024.0,2026-05-02 19:55:44,e-commerce,"Notebook Lenovo thinkPad P14s Gen 5 14"" 1920 x 1200 LCD Intel Core Ultra 7 155H 16 GB SDRAM 1 TB SSD NVIDIA GeForce 500 Negro",Lenovo,2.0,1799990,1799990,Intel Core Ultra 7 155H,0,16 GB,16.0,Otro,3.0,TodoClick.cl,2
2 TB,2048.0,2026-05-02 19:40:17,e-commerce,Notebook Lenovo LEGION PRO 5 16AFR10 GAMING,Lenovo,2.0,$1.699.990,1699990,AMD Ryzen™ 9 9955HX,4,32 GB,32.0,Windows 11,2.0,SMARTDEAL,4
1TB,1024.0,2026-05-02 20:15:14,e-commerce,"Notebook Lenovo Thinkpad T14S G4 Intel Core i7-1355U, 16GB Ram, 1TB SSD, W11P, 14""",Lenovo,2.0,1540990,1540990,Intel Core i7-1355U,3,16GB,16.0,Windows 11 Pro,0.0,TodoClick.cl,2
512GB,512.0,2026-05-02 21:37:28,e-commerce,Notebook Lenovo NTB X13 i7-1165G7 16GB 512GB SSD 13.3inch W10pro,Lenovo,2.0,2492990,2492990,i7-1165G7,0,16GB,16.0,Windows 10,5.0,TodoClick.cl,2
512 GB,512.0,2026-05-02 12:04:07,e-commerce,Lenovo ThinkBook 14p G2 ACH Ryzen 7-5800H 16 GB 512 GB SSD 14″ 2.2K Win 10 Pro,Lenovo,2.0,$1.369.990,1369990,Ryzen 7-5800H,1,16 GB,16.0,Windows 11,2.0,opcstore.cl,7
SSD 512 GB,512.0,2026-05-02 16:03:27,comercio electrónico,Lenovo ThinkBook 14 Gen 6 (21KG00RLCL),Lenovo,2.0,929632,929632,Intel Core i5-13420H (1500 MHz - 4600 MHz),2,8 GB DDR5 (5200 MHz),8.0,Windows 11 Pro,0.0,SoloTodo,0
256GB,256.0,2026-05-02 21:28:57,e-commerce,"Notebook Lenovo ThinkPad E14 de 14“ (Ryzen 3 5300U, 8GB RAM, 256GB SSD, FreeDOS)",Lenovo,2.0,316990,316990,Ryzen 3,0,8GB,8.0,FreeDOS,6.0,TodoClick.cl,2
SSD 512 GB,512.0,2026-05-02 14:59:27,comercio electrónico,Lenovo V14 G4 IRU – Notebook potente y portátil para profesionales,Lenovo,2.0,599990,599990,Intel Core i7-13620H (2400 MHz - 4900 MHz),3,16 GB DDR4 (3200 MHz),16.0,FreeDOS,6.0,SoloTodo,0
SSD 512 GB,512.0,2026-05-02 15:33:09,comercio electrónico,Lenovo ThinkPad P14s Gen 2 (20VYS2LP00),Lenovo,2.0,545000,545000,Intel Core i7-1165G7 (2800 MHz - 4700 MHz),3,16 GB DDR4 (3200 MHz),16.0,Windows 10 Pro,7.0,SoloTodo,0
SSD 512 GB,512.0,2026-05-02 15:51:57,comercio electrónico,"Lenovo ThinkBook 16 Gen 9 (16"" AMD)",Lenovo,2.0,999992,999992,AMD Ryzen 5 220 (3200 MHz - 4750 MHz),1,16 GB DDR5 (5600 MHz),16.0,Windows 11 Pro,0.0,SoloTodo,0
SSD 512 GB,512.0,2026-05-02 15:46:52,comercio electrónico,Lenovo Notebook V14 G5 IRL (Modelo 83GU0095CL),Lenovo,2.0,899490,899490,Intel Core 7 240H (1800 MHz - 5200 MHz),0,16 GB DDR5 (5200 MHz),16.0,Windows 11 Pro,0.0,SoloTodo,0
1TB,1024.0,2026-05-02 20:44:10,e-commerce,"Notebook Lenovo ThinkPad 16"" AMD Ryzen 7 7840HS 16GB DDR5 1TB SSD NVIDIA RTX A500 Negro",Lenovo,2.0,1651990,1651990,Ryzen 7,1,16GB,16.0,Otro,3.0,TodoClick.cl,2
SSD 512 GB,512.0,2026-05-02 15:45:35,comercio electrónico,"Lenovo ThinkPad L16 Gen 2 (16"" Intel)",Lenovo,2.0,995990,995990,Intel Core Ultra 5 225U (1500 MHz - 4800 MHz),0,16 GB DDR5 (5600 MHz),16.0,Windows 11 Pro,0.0,SoloTodo,0
HDD 1 TB (5400rpm),1024.0,2026-05-02 16:03:45,comercio electrónico,"Lenovo V14 ADA (Modelo 82C600A9CL) - Notebook 14"" con AMD Ryzen 3",Lenovo,2.0,279990,279990,Ryzen 3,0,4 GB DDR4 (2400 MHz),4.0,Windows 10 Home,8.0,SoloTodo,0
512gb,512.0,2026-05-02 18:02:12,e-commerce,Notebook Lenovo Thinkpad E14 I5 16gb 512gb Ssd Windows 11 (Reacondicionado),Lenovo,2.0,379.900,379900,Intel Core i5 1135G7,2,16gb,16.0,Windows 11,2.0,Mercado Libre,3
1TB,1024.0,2026-05-02 19:36:32,e-commerce,"Notebook ThinkPad P16s Gen4 AMD Ryzen AI 7 Pro 350 14"" 16GB 1TB SSD Wind...",Lenovo,2.0,2249990,2249990,AMD Ryzen AI 7 Pro 350,1,16GB,16.0,Otro,3.0,PC Factory,5
512GB,512.0,2026-05-02 19:56:25,e-commerce,"Notebook Lenovo IdeaPad 5 14AHP9 Ryzen 7 8845HS, 16GB Ram, 512GB SSD, W11H, 14""",Lenovo,2.0,863990,863990,Ryzen 7,1,16GB,16.0,Windows 11,2.0,TodoClick.cl,2
1TB,1024.0,2026-05-02 20:13:48,e-commerce,"Notebook Lenovo ThinkPad X1 Carbon Gen11 I7-1365U, 32GB RAM, 1TB SSD, W11P, 14""",Lenovo,2.0,2136990,2136990,I7-1365U,0,32GB,32.0,Windows 11 Pro,0.0,TodoClick.cl,2
SSD 1 TB,1024.0,2026-05-02 15:27:15,comercio electrónico,Lenovo ThinkPad P16s Gen 3 (Intel),Lenovo,2.0,2259991,2259991,Intel Core Ultra 9 185H (3900 MHz - 5100 MHz),0,64 GB DDR5 (5600 MHz),64.0,Windows 11 Pro,0.0,SoloTodo,0
SSD 1 TB,1024.0,2026-05-02 15:20:28,comercio electrónico,Lenovo ThinkPad P16s Gen 3 (Intel) - Estación de trabajo portátil de alto rendimiento,Lenovo,2.0,1779990,1779990,Intel Core Ultra 7 155H (3800 MHz - 4800 MHz),0,32 GB DDR5 (5600 MHz),32.0,Windows 11 Pro,0.0,SoloTodo,0
256 GB,256.0,2026-05-02 12:03:21,e-commerce,Lenovo ThinkPad L14 Gen 1 Ryzen 5 PRO 4650U 16 GB DDR4 256 GB SSD 14″ FHD Win 10 Pro,Lenovo,2.0,$1.159.990,1159990,Ryzen 5,4,16 GB,16.0,Windows 11,2.0,opcstore.cl,7
512 GB,512.0,2026-05-02 12:01:35,e-commerce,Lenovo IdeaPad Flex 5 14 ALC05 Ryzen 7 5700U 16 GB 512 GB SSD 14″ FHD Convertible,Lenovo,2.0,$1.219.990,1219990,Ryzen 7,1,16 GB,16.0,Windows 11,2.0,opcstore.cl,7
1 TB,1024.0,2026-05-02 19:45:11,e-commerce,Lenovo ThinkPad X1 Yoga Gen 6 (i5-1135G7 / 32 GB / 1 TB SSD),Lenovo,2.0,$1.799.990,1799990,i5-1135G7,0,32 GB,32.0,Otro,3.0,SoloTodo,0
512 GB,512.0,2026-05-02 20:40:37,e-commerce,"Notebook Lenovo V14 Gen 4 14"" 1980 x 1080 LCD Intel Core i7 13620H / 2.3 GHz 16 GB SDRAM 512 GB SSD Intel HD Graphics Negro",Lenovo,2.0,737990,737990,Intel Core i7,3,16 GB,16.0,Otro,3.0,TodoClick.cl,2
1 TB,1024.0,2026-05-02 20:40:59,e-commerce,"Notebook Lenovo ThinkPad T14s Gen 5 14"" 1920 x 1200 LCD Intel Core Ultra 7 155U 16 GB DDR5 SDRAM 1 TB SSD Negro",Lenovo,2.0,1345990,1345990,Intel Core Ultra 7 155U,0,16 GB,16.0,Otro,3.0,TodoClick.cl,2
SSD 512 GB,512.0,2026-05-02 16:04:18,comercio electrónico,Lenovo ThinkPad T14s Gen 2,Lenovo,2.0,799990,799990,Intel Core i7-1165G7 (2800 MHz - 4700 MHz),3,16 GB LPDDR4X (4266 MHz),16.0,Windows 10 Pro,7.0,SoloTodo,0
512 GB,512.0,2026-05-02 12:00:14,e-commerce,"Lenovo ThinkBook 15 G4 IAP Intel Core i5-1235U 16 GB 512 GB SSD 15.6"" FHD Cámara 1080p Win 11 Pro",Lenovo,2.0,$1.099.990,1099990,Intel Core i5-1235U,2,16 GB,16.0,Windows 11 Pro,0.0,opcstore.cl,7
512GB,512.0,2026-05-02 20:56:41,e-commerce,"Notebook Lenovo ThinkPad X13 Gen3 I5-1245U 16GB Ram 512GB SSD 13.3"" W11P",Lenovo,2.0,1703990,1703990,I5-1245U,0,16GB,16.0,Windows 11 Pro,0.0,TodoClick.cl,2
1TB,1024.0,2026-05-02 21:07:44,e-commerce,"Notebook Lenovo Yoga 7 14IRH8 i7-13700H, RTX 4050 ,16GB Ram, 1TB SSD, W11H,14.5""",Lenovo,2.0,1375990,1375990,i7-13700H,0,16GB,16.0,Windows 11,2.0,TodoClick.cl,2
SSD 1 TB,1024.0,2026-05-02 15:22:36,comercio electrónico,"Lenovo IdeaPad Slim 5i Gen 10 (16"" Intel) - Modelo 83HS006YCL",Lenovo,2.0,1159992,1159992,Intel Core i7-13620H (2400 MHz - 4900 MHz),3,16 GB DDR5 (5600 MHz),16.0,Windows 11 Home,1.0,SoloTodo,0
512gb,512.0,2026-05-02 18:16:10,e-commerce,"Lenovo V14 Gen 4 I5-13420h, 16gb Ram, 512gb Ssd Win11pro",Lenovo,2.0,699.990,699990,Intel Core i5 i5-13420H,2,16gb,16.0,Windows 11,2.0,Mercado Libre,3
512gb,512.0,2026-05-02 17:14:41,e-commerce,Lenovo Ideapad Slim 3 Ryzen 3 7320u 8gb Ram 512gb Ssd Celeste Moderna Portatil,Lenovo,2.0,529.990,529990,Ryzen 3,0,8gb,8.0,Windows 11 Home,1.0,Mercado Libre,3
512GB,512.0,2026-05-02 12:34:33,e-commerce,"Computadora portátil 2 en 1 Convertible - Lenovo IdeaPad 5 14AHP9 83DR0038CL 35.6cm (14"") Pantalla Táctil - WUXGA - 60Hz - AMD Ryzen 7 8845HS - 16GB - 512GB SSD 83DR0038CL",Lenovo,2.0,$986.854,986854,Ryzen 7,1,16GB,16.0,Otro,3.0,FSNSTORE.CL,8
512GB,512.0,2026-05-02 20:31:43,e-commerce,"Notebook Lenovo ThinkBook 14 G8 IAL Intel Core Ultra 5-225U, 16GB Ram, 512GB SSD, W11 Pro, 14""",Lenovo,2.0,914990,914990,Intel Core Ultra 5-225U,0,16GB,16.0,Windows 11,2.0,TodoClick.cl,2
SSD 1 TB,1024.0,2026-05-02 15:22:12,comercio electrónico,Lenovo ThinkBook 14 G6 ABP (21KJ0077CL) – Notebook Profesional con AMD Ryzen 7,Lenovo,2.0,729900,729900,Ryzen 7,1,16 GB DDR4 (3200 MHz),16.0,Windows 11 Pro,0.0,SoloTodo,0
512 GB,512.0,2026-05-02 17:55:20,e-commerce,Lenovo Thinkpad P14s Gen 5 14 Amd Ryzen 7 Pro 16gb 512gb Ss,Lenovo,2.0,1.190.000,1190000,Ryzen 7,1,16gb,16.0,Windows 11 Pro,0.0,Mercado Libre,3
512GB,512.0,2026-05-02 21:26:52,e-commerce,"Notebook Lenovo ThinkPad L14 Gen 2 de 14“ (i7-1165G7, 8GB RAM, 512GB SSD, Win10 Pro)",Lenovo,2.0,1249990,1249990,i7-1165G7,0,8GB,8.0,Windows 10,5.0,TodoClick.cl,2
512gb,512.0,2026-05-02 18:29:24,e-commerce,"Lenovo Thinkpad X1 Carbon Core I7-8, 16gb Ram, 512gb Ssd,fhd (Reacondicionado)",Lenovo,2.0,475.990,475990,Intel Core I7-8550U,3,16gb,16.0,Windows 10 Pro,7.0,Mercado Libre,3
512GB,512.0,2026-05-02 21:04:17,e-commerce,"Notebook Lenovo ThinkBook 14S Gen2 I7-1165G7, 8GB RAM, 512GB SSD, W10P, 14""",Lenovo,2.0,1034990,1034990,I7-1165G7,0,8GB,8.0,Windows 10,5.0,TodoClick.cl,2
1tb,1024.0,2026-05-02 17:39:04,e-commerce,Notebook Thinkbook Gen9 Amd Ryzen 5 220 16gb Ram 1tb Ssd 16 Gris,Lenovo,2.0,1.299.990,1299990,Ryzen 5,4,16gb,16.0,Windows 11 Pro,0.0,Mercado Libre,3
128 GB,128.0,2026-05-02 18:30:54,e-commerce,Computadora Portátil Lenovo Ideapad 1 15.6 Hd | Amd Athlon S,Lenovo,2.0,279.130,279130,AMD Athlon Silver 7120U,0,4 GB,4.0,Windows 11 Home,1.0,Mercado Libre,3
512 GB,512.0,2026-05-02 17:44:25,e-commerce,Loqe Gen 10 Ryzen 7 7735hs 16gb 512g 15.6 144hz Rtx 4050 6g Luna Grey,Lenovo,2.0,1.199.990,1199990,Ryzen 7,1,16gb,16.0,Windows 11 Home,1.0,Mercado Libre,3
512GB,512.0,2026-05-02 21:18:00,e-commerce,"Notebook Lenovo ThinkBook 14 Gen 2 I5-1135, 8GB Ram, 512GB SSD, W10",Lenovo,2.0,1158990,1158990,I5-1135,0,8GB,8.0,Windows 10,5.0,TodoClick.cl,2
512GB,512.0,2026-05-02 21:33:26,e-commerce,Notebook Lenovo IdeaPad 5 14ALC05 R5-5500U 512GB SSD 16GB 14in W10H (82LM00ECCL),Lenovo,2.0,1131990,1131990,R5-5500U,0,16GB,16.0,Windows 10,5.0,TodoClick.cl,2
512GB,512.0,2026-05-02 19:48:05,e-commerce,"Notebook Lenovo V14 G4 IRU Intel Core i7-13620H 16GB Ram, 512GB SSD, FreeDOS",Lenovo,2.0,599990,599990,Intel Core i7-13620H,3,16GB,16.0,FreeDOS,6.0,TodoClick.cl,2
SSD 256 GB,256.0,2026-05-02 15:18:39,comercio electrónico,"Lenovo E41-55 (82FJ006XCL) - Notebook 14"" con AMD Ryzen 5 3500U",Lenovo,2.0,299990,299990,Ryzen 5,4,8 GB DDR4 (2400 MHz),8.0,Windows 10 Pro,7.0,SoloTodo,0
SSD 512 GB,512.0,2026-05-02 15:43:53,comercio electrónico,"Lenovo V14 G4 IRU – Notebook Profesional de 14"" con Intel Core i5",Lenovo,2.0,668980,668980,Intel Core i5,2,8 GB DDR4 (3200 MHz),8.0,Windows 11 Pro,0.0,SoloTodo,0
512 GB,512.0,2026-05-02 17:30:14,e-commerce,"Notebook Lenovo Ideapad Slim 3 Intel Core i3 8G RAM 512G SSD 15.6"" FHD",Lenovo,2.0,499.990,499990,Intel Core i3,6,8 GB,8.0,Windows 11 Home,1.0,Mercado Libre,3
512 GB,512.0,2026-05-02 21:27:01,e-commerce,"Notebook Lenovo ThinkPad T14 Gen 2 de 14“ (i5-1135G7, 8GB RAM, 512 GB SSD, Win10 Pro)",Lenovo,2.0,558990,558990,i5-1135G7,0,8GB,8.0,Windows 10,5.0,TodoClick.cl,2
256GB,256.0,2026-05-02 17:15:49,e-commerce,"Lenovo ThinkPad E14 Gen 4 (Intel Core i7-1255U, 8GB, 256GB SSD, Windows 11 Pro)",Lenovo,2.0,1259990,1259990,Intel Core i7-1255U,3,8GB,8.0,Windows 11 Pro,0.0,SoloTodo,0
512GB,512.0,2026-05-02 19:59:35,e-commerce,"Notebook Lenovo V14 i5-13420H 16GB Ram, 512GB SSD, W11H",Lenovo,2.0,629990,629990,i5-13420H,0,16GB,16.0,Windows 11,2.0,TodoClick.cl,2
512 GB,512.0,2026-05-02 12:01:52,e-commerce,Lenovo ThinkPad T16 Gen 1 Ryzen 5 PRO 6650U 8 GB LPDDR5 512 GB SSD 16″ WUXGA Win 11 Pro,Lenovo,2.0,$1.659.990,1659990,Ryzen 5,4,8 GB,8.0,Windows 11 Pro,0.0,opcstore.cl,7
512gb,512.0,2026-05-02 18:17:45,e-commerce,Lenovo Thinkpad T14 I5-10210 16gb 512gb Ssd 1080p (Reacondicionado),Lenovo,2.0,559.990,559990,Intel Core i5 10210,2,16gb,16.0,Windows 10 Pro,7.0,Mercado Libre,3
512gb,512.0,2026-05-02 18:24:30,e-commerce,Lenovo T14 I7 16gb Ram 512gb Ssd Win 11 (Reacondicionado),Lenovo,2.0,420.000,420000,Intel I7 10gen 1021,3,16gb,16.0,Windows 11,2.0,Mercado Libre,3
SSD 1 TB,1024.0,2026-05-02 15:01:13,comercio electrónico,Lenovo ThinkPad P52 (20MAA064CL) - Notebook Profesional Workstation,Lenovo,2.0,549000,549000,Intel Core i7-8850H (2600 MHz - 4300 MHz),3,16 GB DDR4 (2666 MHz),16.0,Windows 10 Pro,7.0,SoloTodo,0
SSD 1 TB,1024.0,2026-05-02 16:08:10,comercio electrónico,Lenovo ThinkPad P1 Gen 7 Ultra,Lenovo,2.0,3634990,3634990,Intel Core Ultra 9 185H (3900 MHz - 5100 MHz),0,32 GB LPDDR5X (7500 MHz),32.0,Windows 11 Pro,0.0,SoloTodo,0
SSD 512 GB,512.0,2026-05-02 15:06:13,comercio electrónico,Lenovo ThinkPad E14 Gen 4 (21E4S1RA00) – Ultrabook Profesional,Lenovo,2.0,450000,450000,Intel Core i5-1235U (900 MHz - 4400 MHz),2,8 GB DDR4 (3200 MHz),8.0,Windows 11 Pro,0.0,SoloTodo,0
SSD 1 TB,1024.0,2026-05-02 15:34:30,comercio electrónico,"Lenovo ThinkPad X9 15 Gen 1 Aura Edition (15.3"" Intel) con Pantalla Táctil",Lenovo,2.0,1679990,1679990,Intel Core Ultra 7 258V (2200 MHz - 4800 MHz),0,32 GB LPDDR5X (8533 MHz),32.0,Windows 11 Pro,0.0,SoloTodo,0
512GB,512.0,2026-05-02 20:56:32,e-commerce,"Notebook Lenovo ThinkPad L14 Gen4 I5-1335U 16GB Ram 512GB SSD 14"" W11P",Lenovo,2.0,1517990,1517990,I5-1335U,0,16GB,16.0,Windows 11 Pro,0.0,TodoClick.cl,2
512GB,512.0,2026-05-02 20:16:51,e-commerce,"Notebook Lenovo K14 Ryzen 5 5600U, 8GB RAM, 512GB SSD, FreeDOS, 14""",Lenovo,2.0,498990,498990,Ryzen 5,4,8GB,8.0,FreeDOS,6.0,TodoClick.cl,2
SSD 1 TB,1024.0,2026-05-02 14:55:19,comercio electrónico,Lenovo ThinkBook 14 G6 ABP: Notebook profesional con rendimiento equilibrado y diseño compacto,Lenovo,2.0,633990,633990,AMD Ryzen 5 7530U (2000 MHz - 4500 MHz),1,16 GB DDR4 (3200 MHz),16.0,Windows 11 Pro,0.0,SoloTodo,0
1TB,1024.0,2026-05-02 20:57:27,e-commerce,"Notebook Lenovo Thinkpad P14s G4, i7-1360, 16GB RAM, 1TB SSD, W11P, 14""",Lenovo,2.0,454990,454990,i7-1360,0,16GB,16.0,Windows 11 Pro,0.0,TodoClick.cl,2
SSD 512 GB,512.0,2026-05-02 19:45:57,e-commerce,"Notebook (REACONDICIONADO) - Lenovo ThinkBook 14 G6 IRL - Intel Core I7-13700H - RAM 16 GB DDR5 (5200 MHz) - SSD 512 GB - LED 14.0"" (1920x1200) / 60 Hz - W11P (21KG00ABCL-LIQ)",Lenovo,2.0,$999.990,999990,Intel Core I7-13700H,3,16 GB,16.0,Windows 11 Pro,0.0,MYSHOP,13
512GB,512.0,2026-05-02 21:15:16,e-commerce,"Notebook Lenovo IdeaPad 3 14ITL6 i3-1115G4, 8GB Ram, 512GB SSD, W11H",Lenovo,2.0,409990,409990,i3-1115G4,0,8GB,8.0,Windows 11,2.0,TodoClick.cl,2
1TB,1024.0,2026-05-02 19:36:05,e-commerce,"Notebook ThinkPad P14s Gen6 AMD Ryzen AI 7 Pro 350 14"" 16GB 1TB SSD Wind...",Lenovo,2.0,2629990,2629990,AMD Ryzen AI 7 Pro 350,1,16GB,16.0,Otro,3.0,PC Factory,5
512GB,512.0,2026-05-02 19:36:05,e-commerce,"Notebook AI PC ThinkPad Gen 6 Intel Ultra 7-255HX 16"" 16GB 512GB SSD Win...",Lenovo,2.0,2629990,2629990,Intel Ultra 7-255HX,0,16GB,16.0,Otro,3.0,PC Factory,5
1tb,1024.0,2026-05-02 18:10:33,e-commerce,"Lenovo V14 Gen 4 De 14 I5-13420h, 16gb Ram, 1tb Ssd Win11pro",Lenovo,2.0,769.990,769990,Intel Core i5 i5-13420H,2,16gb,16.0,Windows 11,2.0,Mercado Libre,3
512GB,512.0,2026-05-02 12:54:57,e-commerce,Lenovo IdeaPad Gaming 3 15ACH6 AMD Ryzen 7 | RTX 3060 (6GB) | 16GB RAM | 512GB SSD [82K200ULCL] - Buen Estado,Lenovo,2.0,$739.990 CLP,739990,Ryzen 7,1,16GB,16.0,Windows 11 Pro,0.0,ZTECH.CL,11
256GB,256.0,2026-05-02 21:29:39,e-commerce,"Notebook Lenovo ThinkPad E14 de 14“ (i5-1135G7, 8GB RAM, 256GB SSD, Win10 Pro)",Lenovo,2.0,854990,854990,i5-1135G7,0,8GB,8.0,Windows 10,5.0,TodoClick.cl,2
1TB,1024.0,2026-05-02 19:53:17,e-commerce,"Notebook Lenovo ThinkPad X13 Gen 6 13.3"" Intel Core Ultra 7 255U, 32GB DDR5, 1TB SSD, W11Pro",Lenovo,2.0,1782990,1782990,Intel Core Ultra 7 255U,0,32GB,32.0,Windows 11 Pro,0.0,TodoClick.cl,2
SSD 1 TB,1024.0,2026-05-02 15:57:29,comercio electrónico,Lenovo ThinkPad P14s Gen 6 (21QM000ACL) – Notebook Profesional con IA Integrada,Lenovo,2.0,1369990,1369990,AMD Ryzen AI 7 Pro 350 (2000 MHz - 5000 MHz),1,16 GB DDR5 (5600 MHz),16.0,Windows 11 Pro,0.0,SoloTodo,0
512GB,512.0,2026-05-02 15:25:44,comercio electrónico,"Lenovo IdeaPad Slim 3 15AMN8 – Notebook AMD Ryzen 3, 8GB RAM, 512GB SSD, 15.6"" FHD",Lenovo,2.0,399990,399990,Ryzen 3,0,8GB,8.0,Windows 11 Home,1.0,SoloTodo,0
SSD 1 TB,1024.0,2026-05-02 15:48:33,comercio electrónico,Lenovo ThinkPad X1 Carbon Gen 13 Aura Edition,Lenovo,2.0,2438350,2438350,Intel Core Ultra 7 258V (2200 MHz - 4800 MHz),0,32 GB LPDDR5X (8533 MHz),32.0,Windows 11 Pro,0.0,SoloTodo,0
1TB,1024.0,2026-05-02 21:03:08,e-commerce,"Notebook Lenovo Thinkpad P15v Gen3 I7-12700H, 16GB RAM, 1TB SSD, W11P, 15.6""",Lenovo,2.0,219990,219990,I7-12700H,0,16GB,16.0,Windows 11 Pro,0.0,TodoClick.cl,2
512GB,512.0,2026-05-02 14:51:33,comercio electrónico,"Notebook Lenovo IdeaPad Slim 3 14"" AMD Ryzen 7 7735HS, 16GB RAM, 512GB SSD, OLED, Windows 11",Lenovo,2.0,678122,678122,Ryzen 7,1,16GB,16.0,Windows 11,2.0,SoloTodo,0
512GB,512.0,2026-05-02 12:35:25,e-commerce,"Computadora portátil 2 en 1 Convertible - Lenovo ThinkBook 14 G5 IAU 21SQ0035CL 35.6cm (14"") Pantalla Táctil - WUXGA - Intel Core Ultra 7 255U - 16GB - 512GB SSD",Lenovo,2.0,$1.570.643,1570643,Intel Core Ultra 7 255U,0,16GB,16.0,Windows 11 Pro,0.0,FSNSTORE.CL,8
512GB SSD M.2 2242 PCIe 4.0x4 NVMe,512.0,2026-05-02 19:40:40,e-commerce,Notebook Lenovo LEGION 5 15IAX10 GAMING,Lenovo,2.0,$1.399.990,1399990,Intel Core Ultra 7 255HX,0,16GB (1x 16GB SODIMM DDR5-5600),16.0,Otro,3.0,SMARTDEAL,4
512GB,512.0,2026-05-02 16:28:26,e-commerce,Notebook Lenovo IdeaPad Slim 3 15IRH10 Core i5-13420H 8GB 512GB SSD 15.3″ WUXGA Touch,Lenovo,2.0,569990,569990,Intel Core i5-13420H (1500 MHz - 4600 MHz),2,8GB,8.0,Windows 11 Pro,0.0,SoloTodo,0
512 GB,512.0,2026-05-02 17:35:57,e-commerce,Notebook Gamer Loq Amd Ryzen 5 16ram 512ssd Rtx 3050 15,Lenovo,2.0,1.299.990,1299990,Ryzen 5,4,16 GB,16.0,Windows 11 Home,1.0,Mercado Libre,3
SSD 1 TB,1024.0,2026-05-02 15:57:19,comercio electrónico,Lenovo ThinkPad P16v Gen 3 (21RS003RCL) – Estación de Trabajo Móvil Profesional,Lenovo,2.0,3070770,3070770,Intel Core Ultra 9 285H (4500 MHz - 5400 MHz),0,32 GB DDR5 (5600 MHz),32.0,Windows 11 Pro,0.0,SoloTodo,0
512GB,512.0,2026-05-02 20:33:54,e-commerce,"Notebook Lenovo T14 Gen 6 Ryzen 7 Pro 350, 32GB Ram DDR5, 512GB SSD, W11Pro",Lenovo,2.0,1380990,1380990,Ryzen 7,1,32GB,32.0,Windows 11 Pro,0.0,TodoClick.cl,2
512GB,512.0,2026-05-02 19:35:44,e-commerce,"Notebook Ideapad Slim 3 G10 AMD Ryzen 7 7735HS 14"" 60Hz 16GB 512GB SSD W...",Lenovo,2.0,959990,959990,Ryzen 7,1,16GB,16.0,Otro,3.0,PC Factory,5
SSD 256 GB,256.0,2026-05-02 14:45:58,comercio electrónico,Lenovo V14 G5 IRL – Notebook con procesador Intel Core i5 de 13ª generación,Lenovo,2.0,429990,429990,Intel Core i5,2,8 GB DDR5 (5200 MHz),8.0,Windows 11 Pro,0.0,SoloTodo,0
512GB,512.0,2026-05-02 19:55:11,e-commerce,Notebook 2-en-1 Lenovo ThinkBook 14 G5 i7-1355U 16GB 512GB SSD W11P,Lenovo,2.0,1373990,1373990,i7-1355U,0,16GB,16.0,Windows 11 Pro,0.0,TodoClick.cl,2
512GB,512.0,2026-05-02 16:08:34,comercio electrónico,"Notebook Lenovo E41-50 Intel Core i3-1005G1 14"" HD 8GB 512GB SSD Windows 10 Pro (Reacondicionado)",Lenovo,2.0,299990,299990,Intel Core i3-1005G1,6,8GB,8.0,Windows 10,5.0,SoloTodo,0
SSD 2 TB,2048.0,2026-05-02 14:46:26,comercio electrónico,"Lenovo Legion Pro 7i Gen 10 (16"") con Intel Core Ultra 9 275HX y NVIDIA GeForce RTX 5070 Ti",Lenovo,2.0,2699990,2699990,Intel Core Ultra 9 275HX (2100 MHz - 5400 MHz),0,32 GB DDR5 (6400 MHz),32.0,Windows 11 Pro,0.0,SoloTodo,0
512GB,512.0,2026-05-02 21:02:58,e-commerce,"Notebook Lenovo IdeaPad 5, Ryzen 5 5500U, 8GB Ram, 512GB SSD, W10H, 14""",Lenovo,2.0,468990,468990,Ryzen 5,4,8GB,8.0,Windows 10,5.0,TodoClick.cl,2
1 Tb,1024.0,2026-05-02 18:11:40,e-commerce,"Notebook Lenovo V14 G4 (i7-13620)16gb , 1 Tb Ssd Win11 Pro)",Lenovo,2.0,580.000,580000,Intel Core i7 13620,3,16gb,16.0,Windows 11 Pro,0.0,Mercado Libre,3
1tb,1024.0,2026-05-02 17:48:08,e-commerce,Notebook Yoga 2 En 1 Amd Ryzen7 16gbram 1tbssd 14 + Lapiz,Lenovo,2.0,1.599.990,1599990,Ryzen7,1,16gb,16.0,Windows 11 Home,1.0,Mercado Libre,3
512 GB,512.0,2026-05-02 17:13:34,e-commerce,Notebook Gamer Loq Gen 9 Core R5 16gb 512gb 15.6 Fhd 144hz + Rtx 3050 6gb Luna Grey,Lenovo,2.0,989.990,989990,AMD Ryzen 5 7235HS,1,16gb,16.0,Windows 11 Home,1.0,Mercado Libre,3
1 TB,1024.0,2026-05-02 20:40:17,e-commerce,"Notebook Lenovo ThinkPad L14 Gen 5 14"" 1080P LCD Intel Core Ultra 5 125U / 2.3 GHz - 32 GB 1 TB SSD Intel HD Graphics Negro",Lenovo,2.0,1079990,1079990,Intel Core Ultra 5 125U,0,32 GB,32.0,Otro,3.0,TodoClick.cl,2
SSD 512 GB,512.0,2026-05-02 14:49:29,comercio electrónico,"Lenovo ThinkPad P14s Gen 6 (14"" AMD)",Lenovo,2.0,1399992,1399992,AMD Ryzen AI 7 Pro 350 (2000 MHz - 5000 MHz),1,32 GB DDR5 (5600 MHz),32.0,Windows 11 Pro,0.0,SoloTodo,0
512gb,512.0,2026-05-02 18:12:13,e-commerce,Notebook Lenovo Thinkpad L14 Amd Ryzen 7 Pro 4750u 512gb Ssd (Reacondicionado),Lenovo,2.0,450.000,450000,Ryzen 7,1,16 GB,16.0,Windows 11 Pro,0.0,Mercado Libre,3
512 GB,512.0,2026-05-02 17:12:51,e-commerce,Notebook Lenovo Loq Gen9 Core I5 12gb 512gb 15.6 Fhd 144hz Rtx 3050,Lenovo,2.0,874.990,874990,Intel Core i5 i5-12450HX,2,12gb,12.0,Windows 11 Home,1.0,Mercado Libre,3
256GB,256.0,2026-05-02 21:03:27,e-commerce,"Notebook Lenovo ThinkPad X280, i5-8250U, 8GB Ram, 256GB SSD, W10 Pro, 12.5""",Lenovo,2.0,1385990,1385990,i5-8250U,0,8GB,8.0,Windows 10,5.0,TodoClick.cl,2
1 TB,1024.0,2026-05-02 20:40:28,e-commerce,"Notebook Lenovo ThinkPad T14s Gen 6 14"" LCD - Qualcomm Snapdragon X Elite 3.4 GHz 32 GB SDRAM 1 TB SSD Negro",Lenovo,2.0,1988990,1988990,Qualcomm Snapdragon X Elite,0,32 GB,32.0,Otro,3.0,TodoClick.cl,2
512GB,512.0,2026-05-02 21:19:33,e-commerce,"Notebook Lenovo ThinkPad T14 Gen 3 i7-1260P, 16GB Ram, 512GB SSD, W10",Lenovo,2.0,1815990,1815990,i7-1260P,0,16GB,16.0,Windows 10,5.0,TodoClick.cl,2
SSD 512 GB,512.0,2026-05-02 14:49:33,comercio electrónico,Notebook Gamer Lenovo LOQ 15IRX9 (Modelo 83DV016GCL) – Potencia y Rendimiento para Gaming y Creación,Lenovo,2.0,979990,979990,Intel Core i7-13650HX (3600 MHz - 4900 MHz),3,24 GB DDR5 (4800 MHz),24.0,Windows 11 Home,1.0,SoloTodo,0
SSD 512 GB,512.0,2026-05-02 16:03:59,comercio electrónico,Lenovo ThinkPad Z13 Gen 2 (21JWS1GA00) - Notebook Profesional,Lenovo,2.0,2089990,2089990,AMD Ryzen 7 PRO 7840U (3300 MHz - 5100 MHz),1,32 GB LPDDR5 (7500 MHz),32.0,Windows 11 Pro,0.0,SoloTodo,0
1 TB,1024.0,2026-05-02 17:45:33,e-commerce,Notebook Gamer Legion 5i Intel Core Ultra 7 32gb 1tb Rtx5060,Lenovo,2.0,2.499.990,2499990,Intel Core Ultra 7 Intel® Core Ultra 7 255HX,0,32gb,32.0,Windows 11 Home,1.0,Mercado Libre,3
512gb,512.0,2026-05-02 17:55:40,e-commerce,Notebook Thinkpad E16 Gen 3 Intel Core 7 16gb Ram 512gb Ssd,Lenovo,2.0,1.499.990,1499990,Intel Core 7 240H,0,16gb,16.0,Windows 11 Pro,0.0,Mercado Libre,3
512GB,512.0,2026-05-02 20:33:03,e-commerce,"Notebook Lenovo ThinkPad L14 Gen 6 Intel Core Ultra 5-125U, 16GB Ram, 512GB SSD, W11 Pro, 14""",Lenovo,2.0,1163990,1163990,Intel Core Ultra 5-125U,0,16GB,16.0,Windows 11,2.0,TodoClick.cl,2
1tb,1024.0,2026-05-02 18:18:43,e-commerce,Lenovo V14 G5 Irl I5-13420h 32gb Ddr5 1tb Ssd W11pro,Lenovo,2.0,1.019.990,1019990,Intel Core i5 13420H,2,32gb,32.0,Windows 11 Pro,0.0,Mercado Libre,3
SSD 1 TB,1024.0,2026-05-02 15:13:45,comercio electrónico,Lenovo ThinkPad T14s Gen 6 (Intel) – Notebook Profesional Ultraligero con IA Integrada,Lenovo,2.0,1694900,1694900,Intel Core Ultra 7 255U (2000 MHz - 5200 MHz),0,32 GB LPDDR5X (7467 MHz),32.0,Windows 11 Pro,0.0,SoloTodo,0
SSD 512 GB,512.0,2026-05-02 15:15:38,comercio electrónico,"Lenovo ThinkPad T14 Gen 5 (Intel Core Ultra 5 125U) – Notebook Profesional de 14""",Lenovo,2.0,1330990,1330990,Intel Core Ultra 5 125U (1300 MHz - 4300 MHz),0,16 GB DDR5 (5600 MHz),16.0,Windows 11 Pro,0.0,SoloTodo,0
512GB,512.0,2026-05-02 20:49:12,e-commerce,"Notebook Lenovo ThinkPad X13 Gen 3 i5-1245U, 16GB Ram, 512GB SSD, W11Pro, 13.3""",Lenovo,2.0,1095990,1095990,i5-1245U,0,16GB,16.0,Windows 11 Pro,0.0,TodoClick.cl,2
512 GB,512.0,2026-05-02 17:13:53,e-commerce,Portatil Ideapad Slim 3 Gen 8 R5 7520u + Bolso Negro Lenovo Arctic Gray,Lenovo,2.0,549.990,549990,AMD Ryzen 5 7520U,1,8 GB,8.0,Windows 11 Home,1.0,Mercado Libre,3
512GB,512.0,2026-05-02 12:00:38,e-commerce,"Lenovo ThinkPad Z13 Gen 2 Ryzen 7 PRO 7840U 32GB 512GB SSD 13.3"" WUXGA Teclado retroiluminado Win 11 Pro",Lenovo,2.0,$2.089.990,2089990,Ryzen 7,1,32GB,32.0,Windows 11 Pro,0.0,opcstore.cl,7
512GB,512.0,2026-05-02 19:55:22,e-commerce,"Notebook Lenovo ThinkPad L14 Gen 6 14"" Ryzen 5 pro 215, 16GB DDR5, 512GB SSD, W11Pro",Lenovo,2.0,1044990,1044990,Ryzen 5,4,16GB,16.0,Windows 11 Pro,0.0,TodoClick.cl,2
512GB,512.0,2026-05-02 21:08:02,e-commerce,"Notebook Lenovo Thinkbook 14 G6 i5-1335U, 8GB RAM, 512GB SSD, W11P, 14""",Lenovo,2.0,1022990,1022990,i5-1335U,0,8GB,8.0,Windows 11 Pro,0.0,TodoClick.cl,2
SSD 1 TB,1024.0,2026-05-02 16:10:41,comercio electrónico,Lenovo ThinkPad X1 Carbon Gen 9 (20XXS0K000) - Ultrabook Profesional Reacondicionado,Lenovo,2.0,849990,849990,Intel Core i7-1165G7 (2800 MHz - 4700 MHz),3,16 GB LPDDR4X (4266 MHz),16.0,Windows 10 Pro,7.0,SoloTodo,0
SSD 512 GB,512.0,2026-05-02 15:14:09,comercio electrónico,Lenovo ThinkPad T14 Gen 2 (Modelo 20W1SGM600),Lenovo,2.0,489990,489990,Intel Core i5-1135G7 (2400 MHz - 4200 MHz),2,8 GB DDR4 (3200 MHz),8.0,Windows 11 Pro,0.0,SoloTodo,0
SSD 2 TB,2048.0,2026-05-02 14:52:54,comercio electrónico,"Lenovo Legion 7i 16"" 10ma Gen - Glacier White",Lenovo,2.0,2299990,2299990,Intel Core Ultra 9 275HX (2100 MHz - 5400 MHz),0,32 GB DDR5 (6400 MHz),32.0,Windows 11 Home,1.0,SoloTodo,0
256GB,256.0,2026-05-02 20:26:35,e-commerce,Notebook Lenovo V14 i7-1135G7 4GB 256GB SSD 14inch Win10Home (82KA00BXCL),Lenovo,2.0,875990,875990,i7-1135G7,0,4GB,4.0,Windows 10,5.0,TodoClick.cl,2
512GB,512.0,2026-05-02 19:56:55,e-commerce,"Notebook Lenovo ThinkPad L14 Gen 6 14"" Intel Core Ultra 7 255U, 16GB DDR5, 512GB SSD, W11Pro",Lenovo,2.0,1267990,1267990,Intel Core Ultra 7 255U,0,16GB,16.0,Windows 11 Pro,0.0,TodoClick.cl,2
SSD 256 GB,256.0,2026-05-02 15:17:27,comercio electrónico,Lenovo ThinkBook 14 G7 ARP – Notebook Profesional con Alto Rendimiento,Lenovo,2.0,714990,714990,AMD Ryzen 5 7535HS (3300 MHz - 4550 MHz),1,32 GB DDR5 (4800 MHz),32.0,Windows 11 Pro,0.0,SoloTodo,0
256GB,256.0,2026-05-02 21:27:50,e-commerce,"Notebook Lenovo ThinkPad L14 Gen 2 de 14“ (Ryzen 7 PRO 5850U, 8GB RAM, 256GB SSD, Win10 Pro)",Lenovo,2.0,801990,801990,Ryzen 7,1,8GB,8.0,Windows 10,5.0,TodoClick.cl,2
SSD 512 GB,512.0,2026-05-02 16:03:31,comercio electrónico,"Notebook Lenovo LOQ 15IAX9 (Intel Core i5-12450HX, RTX 4050)",Lenovo,2.0,1014990,1014990,Intel Core i5-12450HX,2,24 GB DDR5 (4800 MHz),24.0,Windows 11 Home,1.0,SoloTodo,0
256 GB,256.0,2026-05-02 17:51:16,e-commerce,Notebook Lenovo Thinkpad T490 Intel I5 8va 8gb Ram 240 Gb Ss (Reacondicionado),Lenovo,2.0,269.990,269990,Intel I5,2,8gb,8.0,Windows 11 Pro,0.0,Mercado Libre,3
512GB,512.0,2026-05-02 15:13:21,comercio electrónico,"Lenovo ThinkBook 14 Gen 8 – Intel Core i5-210H, 16GB RAM, 512GB SSD, Windows 11 Pro",Lenovo,2.0,779900,779900,Intel Core i5-210H,2,16GB,16.0,Windows 11 Pro,0.0,SoloTodo,0
SSD 512 GB,512.0,2026-05-02 15:06:09,comercio electrónico,Lenovo ThinkPad T14 Gen 2 (20W1SF4F00) - Ultrabook Profesional,Lenovo,2.0,540000,540000,Intel Core i7-1165G7 (2800 MHz - 4700 MHz),3,16 GB DDR4 (3200 MHz),16.0,Windows 11 Home,1.0,SoloTodo,0
SSD 1 TB,1024.0,2026-05-02 14:46:13,comercio electrónico,Lenovo Legion Pro 7 16IAX10H – Notebook Gamer de Alto Rendimiento,Lenovo,2.0,3049990,3049990,Intel Core Ultra 9 275HX (2100 MHz - 5400 MHz),0,32 GB DDR5 (6400 MHz),32.0,Windows 11 Pro,0.0,SoloTodo,0
1TB,1024.0,2026-05-02 19:36:06,e-commerce,"Notebook ThinkPad X9 Gen 1 Intel Ultra 7-258V 15.3"" 32GB 1TB SSD Windows...",Lenovo,2.0,2629990,2629990,Intel Ultra 7-258V,0,32GB,32.0,Otro,3.0,PC Factory,5
512GB,512.0,2026-05-02 20:07:16,e-commerce,"Notebook Lenovo Thinkpad T14 G4, i7-1365U, 8GB RAM, 512GB SSD, W11P, 14""",Lenovo,2.0,999990,999990,i7-1365U,0,8GB,8.0,Windows 11 Pro,0.0,TodoClick.cl,2
SSD 512 GB,512.0,2026-05-02 15:47:01,comercio electrónico,"Lenovo ThinkPad E16 Gen 3 (16"" AMD)",Lenovo,2.0,1099992,1099992,AMD Ryzen 7 250 (3300 MHz - 5100 MHz),1,16 GB DDR5 (5600 MHz),16.0,Windows 11 Pro,0.0,SoloTodo,0
256GB SSD,256.0,2026-05-02 19:42:44,e-commerce,Notebook Lenovo ThinkPad X1 CARBON Gen 8,Lenovo,2.0,$599.990,599990,Intel Core i7-10610U,3,16GB,16.0,Windows 10,5.0,SMARTDEAL,4
512GB,512.0,2026-05-02 20:13:11,e-commerce,"Notebook Lenovo ThinkPad L14 Gen4 I7-1355U, 16GB RAM, 512GB SSD, W11P, 14""",Lenovo,2.0,1109990,1109990,I7-1355U,0,16GB,16.0,Windows 11 Pro,0.0,TodoClick.cl,2
SSD 512 GB,512.0,2026-05-02 16:02:14,comercio electrónico,"Lenovo ThinkPad E14 Gen 6 (14”, Intel)",Lenovo,2.0,1123990,1123990,Intel Core Ultra 7 155U (3800 MHz - 4800 MHz),0,16 GB DDR5 (5600 MHz),16.0,Windows 11 Pro,0.0,SoloTodo,0
512GB,512.0,2026-05-02 14:45:40,comercio electrónico,Lenovo IdeaPad Slim 3 15ABR8 (82XM00M4CL) – Notebook AMD Ryzen 7 16GB 512GB SSD,Lenovo,2.0,599990,599990,Ryzen 7,1,16GB,16.0,Windows 11 Home,1.0,SoloTodo,0
512GB,512.0,2026-05-02 12:43:09,e-commerce,Notebook Lenovo V14 G4 I5-1320H 8GB 512GB SSD 14INCH WHOME,Lenovo,2.0,$ 505.990 AHORRA $ 24.000,505990,Intel Core i5-13420H,2,8GB,8.0,Windows 11 Pro,0.0,SCGLOBAL.CL,14
512GB,512.0,2026-05-02 21:00:58,e-commerce,"Notebook Lenovo IdeaPad 5 15ITL05, I5-1135G7, 8GB RAM, 512GB SSD, W11H, 15.6""",Lenovo,2.0,571990,571990,I5-1135G7,0,8GB,8.0,Windows 11,2.0,TodoClick.cl,2
SSD 1 TB,1024.0,2026-05-02 15:12:29,comercio electrónico,Lenovo ThinkPad P14s Gen 6 (21QU0009CL) – Workstation Móvil Profesional,Lenovo,2.0,1811235,1811235,Intel Core Ultra 7 255H (4400 MHz - 5100 MHz),0,16 GB DDR5 (5600 MHz),16.0,Windows 11 Pro,0.0,SoloTodo,0
SSD 1 TB,1024.0,2026-05-02 16:08:25,comercio electrónico,Lenovo ThinkPad P16s Gen 3,Lenovo,2.0,1912271,1912271,Intel Core Ultra 7 155H (3800 MHz - 4800 MHz),0,32 GB DDR5 (5600 MHz),32.0,Windows 11 Pro,0.0,SoloTodo,0
SSD 1 TB,1024.0,2026-05-02 15:03:08,comercio electrónico,"Lenovo Legion 5i Gen 10 (15"" Intel) con GeForce RTX™ 5070",Lenovo,2.0,2299992,2299992,Intel Core Ultra 9 275HX (2100 MHz - 5400 MHz),0,32 GB DDR5 (5600 MHz),32.0,Windows 11 Home,1.0,SoloTodo,0
512gb,512.0,2026-05-02 17:33:19,e-commerce,Notebook Lenovo LOQ Gen 9 Intel Core i5 16gb Ram 512gb Ssd 15.6 Windows,Lenovo,2.0,879.990,879990,Intel Core i5,2,16gb,16.0,Windows 11 Home,1.0,Mercado Libre,3
1TB,1024.0,2026-05-02 12:37:31,e-commerce,Notebook Lenovo Yoga 7 Ryzen AI 7 1TB SSD 14 WUXGA,Lenovo,2.0,$1.331.107,1331107,AMD Ryzen AI 7 PRO,1,32GB,32.0,Windows 11 Home,1.0,FSNSTORE.CL,8
SSD 1 TB,1024.0,2026-05-02 14:52:02,comercio electrónico,Lenovo Legion Pro 5 16IAX10 Gaming,Lenovo,2.0,1798000,1798000,Intel Core Ultra 7 255HX (2300 MHz - 5200 MHz),0,16 GB DDR5 (5600 MHz),16.0,Windows 11 Home,1.0,SoloTodo,0
512GB,512.0,2026-05-02 20:44:00,e-commerce,"Notebook Lenovo ThinkPad T14 Gen 5 14"" Intel Core Ultra 5 125U, 16GB DDR5, 512GB SSD",Lenovo,2.0,1020990,1020990,Intel Core Ultra 5 125U,0,16GB,16.0,Otro,3.0,TodoClick.cl,2
512GB,512.0,2026-05-02 20:07:05,e-commerce,"Notebook Lenovo V14 G3, i7-1255U, 16GB RAM, 512GB SSD, W11P, 14""",Lenovo,2.0,649990,649990,i7-1255U,0,16GB,16.0,Windows 11 Pro,0.0,TodoClick.cl,2
1TB,1024.0,2026-05-02 19:53:08,e-commerce,"Notebook Lenovo ThinkPad P14s Gen 5 AMD Ryzen 7 PRO-8840HS, 16GB Ram, 1TB SSD, W11 Pro, 14""",Lenovo,2.0,1449990,1449990,Ryzen 7,1,16GB,16.0,Windows 11,2.0,TodoClick.cl,2
240 GB,240.0,2026-05-02 18:03:25,e-commerce,Lenovo Thinkbook 14-iml Core I3 10ma Gen 8gb Ram Ssd 240gb (Reacondicionado),Lenovo,2.0,279.900,279900,Intel Core i3 10MA,6,8gb,8.0,Windows 11 Pro,0.0,Mercado Libre,3
SSD 512 GB,512.0,2026-05-02 14:47:07,comercio electrónico,Notebook Gamer Lenovo LOQ 15IAX9 (83GS000QCL / 16 GB RAM),Lenovo,2.0,799990,799990,Intel Core i5-12450HX (2400 MHz - 4400 MHz),2,16 GB,16.0,Windows 11 Home,1.0,SoloTodo,0
512GB,512.0,2026-05-02 12:06:51,e-commerce,"Lenovo IdeaPad Gaming 3-15ACH6 AMD Ryzen 5 5600H 8GB RAM 512GB SSD NVIDIA RTX 3050 Pantalla 15.6"" FHD 120Hz Windows 10 Home",Lenovo,2.0,$959.990,959990,Ryzen 5,4,8GB,8.0,Windows 10,5.0,opcstore.cl,7
SSD 512 GB,512.0,2026-05-02 15:54:33,comercio electrónico,Lenovo ThinkBook 16 Gen 9 (AMD Ryzen 7 250),Lenovo,2.0,1059992,1059992,Ryzen 7,1,16 GB DDR5 (5600 MHz),16.0,Windows 11 Pro,0.0,SoloTodo,0
SSD 512 GB,512.0,2026-05-02 16:07:08,comercio electrónico,"Lenovo ThinkPad L16 Gen 2 (16"" Intel)",Lenovo,2.0,995990,995990,Intel Core Ultra 5 225U (1500 MHz - 4800 MHz),0,16 GB DDR5 (5600 MHz),16.0,Windows 11 Pro,0.0,SoloTodo,0
512GB,512.0,2026-05-02 21:26:41,e-commerce,"Notebook Lenovo ThinkPad T14 de 14“ (Ryzen 7 Pro 5850U, 16GB RAM, 512GB SSD, Win10)",Lenovo,2.0,1442990,1442990,Ryzen 7,1,16GB,16.0,Windows 10,5.0,TodoClick.cl,2
256GB,256.0,2026-05-02 21:28:10,e-commerce,"Notebook Lenovo ThinkPad L14 Gen 2 de 14“ (i5-1135G7, 8GB RAM, 256GB SSD, Win10 Pro)",Lenovo,2.0,922990,922990,i5-1135G7,0,8GB,8.0,Windows 10,5.0,TodoClick.cl,2
SSD 1 TB,1024.0,2026-05-02 15:09:53,comercio electrónico,"Lenovo Yoga Slim 9i Gen 10 (14"" Intel Core Ultra 7)",Lenovo,2.0,1799992,1799992,Intel Core Ultra 7 258V (2200 MHz - 4800 MHz),0,32 GB LPDDR5X (8533 MHz),32.0,Windows 11 Home,1.0,SoloTodo,0
512GB,512.0,2026-05-02 12:56:18,e-commerce,Lenovo Legion 5 15ACH6H AMD Ryzen 7 | RTX 3060 (6GB) | 16GB RAM | 512GB SSD [82JU00BGCL] - Buen estado,Lenovo,2.0,$799.990 CLP,799990,Ryzen 7,1,16GB,16.0,Windows 11 Pro,0.0,ZTECH.CL,11
SSD 1 TB,1024.0,2026-05-02 14:58:13,comercio electrónico,"Lenovo Legion 5i Gen 10 (15"" Intel) con GeForce RTX™ 5060",Lenovo,2.0,1749990,1749990,Intel Core Ultra 7 255HX (2300 MHz - 5200 MHz),0,32 GB DDR5 (5600 MHz),32.0,Windows 11 Home,1.0,SoloTodo,0
256gb,256.0,2026-05-02 18:00:50,e-commerce,Notebook Lenovo Thinkpad X390 I5 8va 16gb Ddr4 256gb Ssd (Reacondicionado),Lenovo,2.0,269.990,269990,Intel Core i5 8250U,2,16gb,16.0,Windows 10 Pro,7.0,Mercado Libre,3
1 TB,1024.0,2026-05-02 17:58:08,e-commerce,Notebook Legion Pro 7i Intel Core Ultra 9 32gb 1tb Rtx 5080,Lenovo,2.0,3.899.990,3899990,Intel Core Ultra 9 275HX Intel® Core™ Ultra 9 275HX,0,32gb,32.0,Windows 11 Home,1.0,Mercado Libre,3
512GB,512.0,2026-05-02 20:25:06,e-commerce,"Mobile WorkStation Lenovo ThinkPad P15v Gen 2 de 15.6“ (i7-11800H, Nvidia T600, 16GB RAM, 512GB SSD, Win10 Pro)",Lenovo,2.0,1730990,1730990,i7-11800H,0,16GB,16.0,Windows 10,5.0,TodoClick.cl,2
512GB,512.0,2026-05-02 21:33:16,e-commerce,Notebook Lenovo L13 Yoga i5-1145G7 16GB 512GB SSD 13.3inch W10Pro (20VLS1JC2T),Lenovo,2.0,1584990,1584990,i5-1145G7,0,16GB,16.0,Windows 10,5.0,TodoClick.cl,2
512GB,512.0,2026-05-02 19:36:16,e-commerce,"Notebook AI PC ThinkBook 14 Gen 5 Intel Ultra 7-255U 14"" 16GB 512GB SSD ...",Lenovo,2.0,999990,999990,Intel Ultra 7-255U,0,16GB,16.0,Otro,3.0,PC Factory,5
256GB,256.0,2026-05-02 19:49:07,e-commerce,"Notebook Lenovo V14 G5 IRL Intel Core I5-13420H 8GB Ram DDR5, 256GB SSD, Windows 11 Pro",Lenovo,2.0,479990,479990,Intel Core I5-13420H,2,8GB,8.0,Windows 11 Pro,0.0,TodoClick.cl,2
SSD 1 TB,1024.0,2026-05-02 16:13:29,comercio electrónico,"Lenovo Yoga Book 9i 14"" – Notebook Convertible con Doble Pantalla OLED",Lenovo,2.0,2039216,2039216,Intel Core Ultra 9 285H (4500 MHz - 5400 MHz),0,32 GB LPDDR5X (8400 MHz),32.0,Windows 11 Home,1.0,SoloTodo,0
SSD 1 TB,1024.0,2026-05-02 15:26:21,comercio electrónico,"Lenovo Yoga Slim 7 Gen 10 (14"" AMD) - Notebook",Lenovo,2.0,1299993,1299993,AMD Ryzen AI 7 350 (2000 MHz - 5000 MHz),1,32 GB LPDDR5X (7500 MHz),32.0,Windows 11 Home,1.0,SoloTodo,0
512GB,512.0,2026-05-02 14:58:26,comercio electrónico,"Notebook Lenovo IdeaPad Slim 3 15IRH10 Intel Core i7-13620H 16GB 512GB SSD Touch 15.3"" Luna Grey",Lenovo,2.0,769990,769990,Intel Core i7-13620H,3,16GB,16.0,Windows 11 Home,1.0,SoloTodo,0
256GB SSD,256.0,2026-05-02 19:40:46,e-commerce,Notebook Lenovo ThinkPad L13 YOGA Gen 2,Lenovo,2.0,$629.990,629990,AMD Ryzen 7 PRO 5850U,1,16GB,16.0,Otro,3.0,SMARTDEAL,4
256 GB,256.0,2026-05-02 12:01:21,e-commerce,Lenovo ThinkPad E15 Gen 3 Ryzen 5 5500U 8 GB 256 GB SSD 15.6″ FHD Win 10 Pro,Lenovo,2.0,$1.369.990,1369990,Ryzen 5,4,8 GB,8.0,Windows 11,2.0,opcstore.cl,7
SSD 512 GB,512.0,2026-05-02 15:23:28,comercio electrónico,Lenovo ThinkPad T14 Gen 1 (20S1S1BV00) - Notebook Profesional,Lenovo,2.0,410000,410000,Intel Core i5-10210U (1600 MHz - 4200 MHz),2,16 GB DDR4 (2666 MHz),16.0,Windows 10 Pro,7.0,SoloTodo,0
256GB,256.0,2026-05-02 21:31:05,e-commerce,"Notebook Lenovo ThinkPad L14 de 14“ (Ryzen 5 Pro 5650U, 8GB RAM, 256GB SSD, Win10 Pro)",Lenovo,2.0,700000,700000,Ryzen 5,4,8GB,8.0,Windows 10,5.0,TodoClick.cl,2
SSD 512 GB,512.0,2026-05-02 16:10:36,comercio electrónico,"Lenovo LOQ Gen 10 (15"" Intel) GeForce RTX™ 5060",Lenovo,2.0,1399993,1399993,Intel Core i5-13450HX (1800 MHz - 4600 MHz),2,16 GB DDR5 (4800 MHz),16.0,Windows 11 Home,1.0,SoloTodo,0
SSD 256 GB,256.0,2026-05-02 15:44:42,comercio electrónico,Lenovo ThinkPad T490 (Refurbished),Lenovo,2.0,749990,749990,Intel Core i5-8365U (1600 MHz - 4100 MHz),2,8 GB DDR4 (2400 MHz),8.0,Windows 10 Pro,7.0,SoloTodo,0
256gb,256.0,2026-05-02 17:16:44,e-commerce,Laptop Lenovo Thinkpad T470 I5 8gb Ram 256gb Ssd 14´´ Dimm Color Negro - Excelente (Reacondicionado),Lenovo,2.0,289.990,289990,Intel Core i5 i5-6300U,2,8gb,8.0,Windows 10 Pro,7.0,Mercado Libre,3
1tb,1024.0,2026-05-02 17:36:35,e-commerce,Notebook Yoga Slim7 Gen10 Amd Ryzen Ai 7 32gbram 1tb Ssd 14 Verde,Lenovo,2.0,1.699.990,1699990,AMD Ryzen™ AI 7 350 AMD Ryzen 7 350,1,32gb,32.0,Windows 11 Home,1.0,Mercado Libre,3
512gb,512.0,2026-05-02 18:10:42,e-commerce,"Lenovo Thinkpad X13 Gen 3 Core I7-12 ,16gb Ram, 512gb Ssd (Reacondicionado)",Lenovo,2.0,779.990,779990,Intel Core i7-1255U,3,16gb,16.0,Windows 11 Pro,0.0,Mercado Libre,3
1TB,1024.0,2026-05-02 21:17:49,e-commerce,"Notebook Lenovo ThinkPad T14S I7-1260, 16GB Ram, 1TB SSD, W10",Lenovo,2.0,265990,265990,I7-1260,0,16GB,16.0,Windows 10,5.0,TodoClick.cl,2
512GB,512.0,2026-05-02 21:22:09,e-commerce,"Notebook Lenovo TP T14 G2 I7-1165G7, Ram 16GB, 512GB SSD, W10Pro",Lenovo,2.0,1220990,1220990,I7-1165G7,0,16GB,16.0,Windows 10,5.0,TodoClick.cl,2
128 GB,128.0,2026-05-02 18:07:07,e-commerce,Notebook Thinkpad L13 Gen2 Celeron 6305 4gb 128gb Open Box (Nuevo con caja abierta),Lenovo,2.0,179.990,179990,Intel Celeron 6305,0,4gb,4.0,Windows 10 Pro,7.0,Mercado Libre,3
512GB,512.0,2026-05-02 20:31:04,e-commerce,Notebook Lenovo ThinkPad E16 Gen 3 Intel Core Ultra 5 225U 16GB RAM 512GB SSD W11P,Lenovo,2.0,1059990,1059990,Intel Core Ultra 5 225U,0,16GB,16.0,Windows 11 Pro,0.0,TodoClick.cl,2
512GB,512.0,2026-05-02 20:14:08,e-commerce,"Notebook Lenovo Thinkpad T14 Gen4 I7-1355, 16GB RAM, 512GB SSD, W11P, 14""",Lenovo,2.0,1272990,1272990,I7-1355,0,16GB,16.0,Windows 11 Pro,0.0,TodoClick.cl,2
SSD 512 GB,512.0,2026-05-02 16:13:00,comercio electrónico,Lenovo ThinkPad X1 Yoga Gen 6 (20Y0S0HP00),Lenovo,2.0,2999990,2999990,Intel Core i7-1165G7 (2800 MHz - 4700 MHz),3,16 GB LPDDR4X (4266 MHz),16.0,Windows 10 Pro,7.0,SoloTodo,0
512GB,512.0,2026-05-02 21:12:24,e-commerce,"Notebook Lenovo ThinkBook 14 G4 IAP i5-1235U, 8GB Ram, 512GB SSD, W11Pro",Lenovo,2.0,171990,171990,i5-1235U,0,8GB,8.0,Windows 11 Pro,0.0,TodoClick.cl,2
1 TB,1024.0,2026-05-02 17:22:22,e-commerce,Notebook Gamer Legion Pro 5 Amd Ryzen 9 32gb 1tb Rtx 5070,Lenovo,2.0,2.499.990,2499990,Ryzen 9,8,32gb,32.0,Windows 11 Home,1.0,Mercado Libre,3
512GB,512.0,2026-05-02 21:30:11,e-commerce,"Notebook Lenovo ThinkBook de 14“ (Ryzen 7 5800H, 16GB RAM, 512GB SSD, Win10 Pro)",Lenovo,2.0,1057990,1057990,Ryzen 7,1,16GB,16.0,Windows 10,5.0,TodoClick.cl,2
512gb,512.0,2026-05-02 17:21:20,e-commerce,"Lenovo V14 Gen 4 I5-13420h, 16gb Ram, 512gb Ssd Win11pro",Lenovo,2.0,699.990,699990,Intel Core i5 i5-13420H,2,16gb,16.0,Windows 11,2.0,Mercado Libre,3
1tb,1024.0,2026-05-02 17:46:58,e-commerce,Notebook Thinkpad X9-15 Intelcore I7 32gbram 1tbssd Aura 15,Lenovo,2.0,2.399.990,2399990,Intelcore I7,3,32gb,32.0,Windows 11 Pro,0.0,Mercado Libre,3
SSD 256 GB,256.0,2026-05-02 15:28:47,comercio electrónico,Lenovo V14 IGL (82C2006UCL) - Notebook Reacondicionado,Lenovo,2.0,139990,139990,Intel Celeron N4020 (1100 MHz - 2800 MHz),0,4 GB DDR4 (2400 MHz),4.0,FreeDOS,6.0,SoloTodo,0
1TB,1024.0,2026-05-02 19:57:06,e-commerce,"Notebook Lenovo X1 Carbon Gen 1 Intel Core Ultra 7 255U, 32GB Ram DDR5, 1TB SSD, W11Pro, 14""",Lenovo,2.0,2107990,2107990,Intel Core Ultra 7 255U,0,32GB,32.0,Windows 11 Pro,0.0,TodoClick.cl,2
512 GB,512.0,2026-05-02 16:04:53,comercio electrónico,Lenovo ThinkPad X13 Gen 4 (Intel Core i7-1365U / 32 GB / 512 GB SSD),Lenovo,2.0,1999990,1999990,Intel Core i7-1365U,3,32 GB,32.0,Windows 11 Pro,0.0,SoloTodo,0
256 GB,256.0,2026-05-02 18:11:11,e-commerce,Lenovo X13 Yoga I5 16ram Pantalla Táctil 13.3 1920x1200 (Reacondicionado),Lenovo,2.0,459.990,459990,Intel Core i5 1145G7,2,16 GB,16.0,Windows 11 Pro,0.0,Mercado Libre,3
512GB,512.0,2026-05-02 21:08:40,e-commerce,"Notebook Lenovo Thinkpad L14 G3 Intel Core i5-1245U, 8GB Ram, 512GB SSD, W11P, 14""",Lenovo,2.0,1022990,1022990,Intel Core i5-1245U,2,8GB,8.0,Windows 11 Pro,0.0,TodoClick.cl,2
512 GB,512.0,2026-05-02 11:58:27,e-commerce,"Lenovo IdeaPad Flex 5 14"" (14ALC05) Ryzen 7 5700U 16 GB 512 GB SSD 14"" FHD Touch Win 10 Home",Lenovo,2.0,$1.099.990,1099990,Ryzen 7,1,16 GB,16.0,Windows 11,2.0,opcstore.cl,7
1TB,1024.0,2026-05-02 12:38:29,e-commerce,"Portátil - Lenovo ThinkPad X9-14 Gen 1 Aura Edition 21QB000QCL 35.6cm (14"") Copilot+ PC - WUXGA - 60Hz - Intel Core Ultra 7 258V - Intel Evo Platform - 32GB - 1TB SSD",Lenovo,2.0,$2.247.918,2247918,Intel Core Ultra 7 258V,0,32GB,32.0,Otro,3.0,FSNSTORE.CL,8
1 TB,1024.0,2026-05-02 18:02:00,e-commerce,Notebook Gamer Legion 5i Intel Core Ultra 9 32gb 1tb Rtx5070,Lenovo,2.0,2.599.990,2599990,Intel Core Ultra 9 275HX Intel® Core™ Ultra 9 275HX,0,32gb,32.0,Windows 11 Home,1.0,Mercado Libre,3
512GB,512.0,2026-05-02 21:18:40,e-commerce,"Notebook Lenovo ThinkBook 14 G2 i7-1165, 16GB Ram, 512GB SSD, W10",Lenovo,2.0,1350990,1350990,i7-1165,0,16GB,16.0,Windows 10,5.0,TodoClick.cl,2
1TB,1024.0,2026-05-02 15:09:24,comercio electrónico,"Lenovo ThinkPad P16v Gen 1 (AMD Ryzen 7 7840HS, 16"", 16GB RAM, 1TB SSD, NVIDIA RTX A500)",Lenovo,2.0,1425900,1425900,Ryzen 7,1,16GB,16.0,Windows 11 Pro,0.0,SoloTodo,0
SSD 512 GB,512.0,2026-05-02 14:53:18,comercio electrónico,Notebook Gamer Lenovo LOQ 15ARP9 (83JC004TCL),Lenovo,2.0,1079990,1079990,AMD Ryzen 7 7435HS (3100 MHz - 4500 MHz),1,24 GB DDR5 (4800 MHz),24.0,Windows 11 Home,1.0,SoloTodo,0
SSD 512 GB,512.0,2026-05-02 15:48:24,comercio electrónico,"Lenovo ThinkPad E16 Gen 3 (16"" Intel) - Modelo 21TF0066CL",Lenovo,2.0,1329990,1329990,Intel Core 7 240H (1800 MHz - 5200 MHz),0,16 GB DDR5 (5600 MHz),16.0,Windows 11 Pro,0.0,SoloTodo,0
1 TB,1024.0,2026-05-02 18:21:40,e-commerce,Notebook Lenovo Legion 5 Oled I9 14900hx 1tb 32gb Rtx 5070,Lenovo,2.0,2.299.999,2299999,Intel Core i9 14900HZ,7,32gb,32.0,Windows 11 Home,1.0,Mercado Libre,3
SSD 512 GB,512.0,2026-05-02 15:29:31,comercio electrónico,Lenovo ThinkPad X13 Gen 4 (AMD),Lenovo,2.0,699990,699990,AMD Ryzen 5 PRO 7540U (3200 MHz - 4900 MHz),1,16 GB LPDDR5X (6400 MHz),16.0,Windows 11 Pro,0.0,SoloTodo,0
1TB,1024.0,2026-05-02 19:47:07,e-commerce,"Notebook Lenovo ThinkPad X13 Gen 6 13.3"" WUXGA Intel Core Ultra 7 255U 32GB 1TB SSD Windows 11 Pro",Lenovo,2.0,$1.789.990,1789990,Intel Core Ultra 7 255U,0,32GB,32.0,Windows 11 Pro,0.0,TECHNOHIVE,17
512gb,512.0,2026-05-02 17:57:49,e-commerce,Notebook Ideapad 2 En 1 Amd Ryzen Ai 5 16gb Ram 512gb Ssd,Lenovo,2.0,1.199.990,1199990,AMD Ryzen™ AI 5 340,4,16gb,16.0,Windows 11 Home,1.0,Mercado Libre,3
1TB,1024.0,2026-05-02 19:50:49,e-commerce,"Notebook Lenovo ThinkPad P16v Gen 2 Intel Core Ultra 7-155H, 16GB Ram, 1TB SSD, RTX 2000 Ada, W11 Pro, 16""",Lenovo,2.0,2819990,2819990,Intel Core Ultra 7-155H,0,16GB,16.0,Windows 11,2.0,TodoClick.cl,2
512GB,512.0,2026-05-02 20:13:38,e-commerce,"Notebook Lenovo ThinkPad T14 Gen 4, i5-1335U, 16GB RAM, 512GB SSD, W11, 14.0""",Lenovo,2.0,1149990,1149990,i5-1335U,0,16GB,16.0,Windows 11,2.0,TodoClick.cl,2
SSD 128 GB,128.0,2026-05-02 15:02:01,comercio electrónico,Lenovo V14 IGL (Modelo 82C2000QCL) - Notebook,Lenovo,2.0,179990,179990,Intel Celeron N4020 (1100 MHz - 2800 MHz),0,4 GB DDR4 (2400 MHz),4.0,Windows 10 Home,8.0,SoloTodo,0
512 GB,512.0,2026-05-02 17:12:09,e-commerce,Notebook 14 Ideapad Slim 3 Oled Ssd 512gb Ram 16 Gb Lenovo,Lenovo,2.0,749.990,749990,AMD Ryzen 7 7735HS,1,512gb,16.0,Windows 11 Home,1.0,Mercado Libre,3
512 GB SSD,512.0,2026-05-02 19:43:13,e-commerce,Lenovo Thinkpad P16s Gen 1,Lenovo,2.0,$799.990,799990,Intel Core i7-1260P,3,16 GB,16.0,Otro,3.0,SMARTDEAL,4
1TB,1024.0,2026-05-02 19:52:24,e-commerce,"Notebook Lenovo V14 G4 IRU Intel Core i7-13620H 16GB Ram, 1TB SSD, Windows 11 Pro",Lenovo,2.0,749990,749990,Intel Core i7-13620H,3,16GB,16.0,Windows 11 Pro,0.0,TodoClick.cl,2
SSD 256GB ,256.0,2026-05-02 11:58:09,e-commerce,"Notebook Lenovo ThinkBook 14 G3 ACL Ryzen5 24GB RAM SSD 256GB 14"" Windows 10 Pro",Lenovo,2.0,$829.990,829990,Ryzen5,4,24GB,24.0,Windows 10,5.0,opcstore.cl,7
1TB,1024.0,2026-05-02 14:42:07,comercio electrónico,"Lenovo Legion Pro 5 Gen 10 - Notebook Gamer Intel Core i9, 32GB RAM, 1TB SSD, RTX 5070 8GB, 16"" WQXGA 240Hz",Lenovo,2.0,1818900,1818900,Intel Core i9,7,32GB,32.0,Windows 11 Home,1.0,SoloTodo,0
SSD 1 TB,1024.0,2026-05-02 15:25:34,comercio electrónico,Lenovo Yoga Slim 7 14IPH11 (Modelo 83QMCTO1WWCL2),Lenovo,2.0,2474821,2474821,Intel Core Ultra 7 355 (1700 MHz - 4700 MHz),0,32 GB LPDDR5X (7467 MHz),32.0,Windows 11 Home,1.0,SoloTodo,0
SSD 1 TB,1024.0,2026-05-02 14:53:27,comercio electrónico,"Lenovo LOQ 15 Gen 10 (15"" AMD) GeForce RTX™ 5060",Lenovo,2.0,1599993,1599993,AMD Ryzen 7 250 (3300 MHz - 5100 MHz),1,32 GB DDR5 (5600 MHz),32.0,Windows 11 Home,1.0,SoloTodo,0
1TB SSD,1024.0,2026-05-02 19:43:23,e-commerce,Notebook Lenovo Legion 5 15IRX10 32GB,Lenovo,2.0,$ 1.999.990,1999990,Intel Core i9-14900HX,7,32GB,32.0,Windows 11,2.0,PORTATILCHILE,9
512GB,512.0,2026-05-02 15:06:46,comercio electrónico,"Lenovo IdeaPad Slim 3 Gen 10 - Notebook 14"" Intel Core i7, 24GB RAM, 512GB SSD, Windows 11 Home",Lenovo,2.0,779990,779990,Intel Core i7,3,24GB,24.0,Windows 11,2.0,SoloTodo,0
256gb,256.0,2026-05-02 18:02:54,e-commerce,Notebook Lenovo V14 G5 Irl I5-13420h 8gb Ddr5 256gb Ssd W11p,Lenovo,2.0,569.990,569990,Intel Core i5 i5-13420H,2,8gb,8.0,Windows 11 Pro,0.0,Mercado Libre,3
256GB,256.0,2026-05-02 12:01:58,e-commerce,"ThinkPad T14s AMD Ryzen 5 PRO 4650U 16GB 256GB SSD 14"" FHD W10 Pro",Lenovo,2.0,$1.479.990,1479990,Ryzen 5,4,16GB,16.0,Windows 10,5.0,opcstore.cl,7
512GB,512.0,2026-05-02 19:57:50,e-commerce,"Notebook Lenovo V14 G5 IRL Intel Core I5-13420H 16GB Ram DDR5, 512GB SSD, Windows 11 Pro",Lenovo,2.0,649990,649990,Intel Core I5-13420H,2,16GB,16.0,Windows 11 Pro,0.0,TodoClick.cl,2
SSD 512 GB,512.0,2026-05-02 15:22:27,comercio electrónico,Lenovo LOQ Gen 9 15ARP9 – Notebook Gamer de Alto Rendimiento,Lenovo,2.0,1401270,1401270,AMD Ryzen 7 7435HS (3100 MHz - 4500 MHz),1,24 GB DDR5 (4800 MHz),24.0,Windows 11 Home,1.0,SoloTodo,0
SSD 512 GB,512.0,2026-05-02 15:14:04,comercio electrónico,Lenovo IdeaPad Slim 5 14IMH9,Lenovo,2.0,829990,829990,Intel Core Ultra 5 125H (3600 MHz - 4500 MHz),0,16 GB LPDDR5X (7467 MHz),16.0,Windows 11 Home,1.0,SoloTodo,0
512gb,512.0,2026-05-02 18:05:46,e-commerce,"Lenovo V14 Gen 4 I5-13420h, 16gb Ram, 512gb Ssd Win11pro",Lenovo,2.0,699.990,699990,Intel Core i5 i5-13420H,2,16gb,16.0,Windows 11,2.0,Mercado Libre,3
512GB,512.0,2026-05-02 20:30:55,e-commerce,Notebook Lenovo V14 G5 Intel Core 5 210H 8GB RAM 512GB SSD W11Pro,Lenovo,2.0,639990,639990,Intel Core 5 210H,0,8GB,8.0,Windows 11 Pro,0.0,TodoClick.cl,2
512GB,512.0,2026-05-02 19:59:44,e-commerce,"Notebook Lenovo V14 i5-13420H 8GB Ram, 512GB SSD, W11H",Lenovo,2.0,599990,599990,i5-13420H,0,8GB,8.0,Windows 11,2.0,TodoClick.cl,2
SSD 1 TB,1024.0,2026-05-02 15:52:26,comercio electrónico,Lenovo ThinkPad T14 Gen 1 (20S1SB4N00) - Ultrabook Profesional,Lenovo,2.0,580000,580000,Intel Core i7-10510U (1800 MHz - 4900 MHz),3,16 GB DDR4 (2666 MHz),16.0,Windows 10 Pro,7.0,SoloTodo,0
SSD 256 GB,256.0,2026-05-02 16:02:09,comercio electrónico,Lenovo IdeaPad 3 14IIL05 (81WD003DCL),Lenovo,2.0,449990,449990,Intel Core i5-1035G4 (1100 MHz - 3700 MHz),2,8 GB DDR4 (2666 MHz),8.0,Windows 10 Pro,7.0,SoloTodo,0
512GB,512.0,2026-05-02 19:35:45,e-commerce,"Notebook AI PC IdeaPad Slim 5 AMD Ryzen AI 7 350 14"" OLED 24GB 512GB SSD...",Lenovo,2.0,959990,959990,AMD Ryzen AI 7 350,1,24GB,24.0,Otro,3.0,PC Factory,5
SSD 512 GB,512.0,2026-05-02 16:10:28,comercio electrónico,"Lenovo ThinkPad L16 Gen 2 (16"" AMD) - Notebook",Lenovo,2.0,1199991,1199991,AMD Ryzen 7 PRO 250 (3300 MHz - 5100 MHz),1,16 GB DDR5 (5600 MHz),16.0,Windows 11 Pro,0.0,SoloTodo,0
1 TB,1024.0,2026-05-02 17:15:11,e-commerce,Lenovo Yoga Intel Ultra 7 155h 16gb 1tb 14 Slim 7 Luna Grey,Lenovo,2.0,1.339.990,1339990,Intel Ultra 7 155H,0,16gb,16.0,Otro,3.0,Mercado Libre,3
256GB,256.0,2026-05-02 19:52:47,e-commerce,"Notebook Lenovo V14 G5 IRL Intel Core I5-13420H 8GB Ram DDR5, 256GB SSD, FreeDOS",Lenovo,2.0,449990,449990,Intel Core I5-13420H,2,8GB,8.0,FreeDOS,6.0,TodoClick.cl,2
SSD 1 TB,1024.0,2026-05-02 14:49:24,comercio electrónico,"Lenovo Legion Pro 5 16"" (83LT003LCL) – Notebook Gamer AMD Ryzen 9 con NVIDIA RTX 5070",Lenovo,2.0,1999990,1999990,Ryzen 9,8,32 GB DDR5 (5200 MHz),32.0,Windows 11 Home,1.0,SoloTodo,0
512gb,512.0,2026-05-02 17:37:55,e-commerce,"Lenovo V14 Gen 4 I5-13420h, 16gb Ram, 512gb Ssd Win11pro",Lenovo,2.0,699.990,699990,Intel Core i5 i5-13420H,2,16gb,16.0,Windows 11,2.0,Mercado Libre,3
512GB SSD,512.0,2026-05-02 19:42:05,e-commerce,Notebook Lenovo LOQ 15AHP10 GAMING,Lenovo,2.0,$1.099.990,1099990,AMD Ryzen 7 250,1,16GB,16.0,Otro,3.0,SMARTDEAL,4
512GB,512.0,2026-05-02 12:00:07,e-commerce,"Lenovo Yoga Slim 7 Pro 14ARH5 Ryzen 9 4900H 16GB 512GB SSD 14"" 2.2K Win 10 Home",Lenovo,2.0,$1.599.990,1599990,Ryzen 9,8,16GB,16.0,Windows 11,2.0,opcstore.cl,7
512GB,512.0,2026-05-02 17:25:14,e-commerce,"Notebook Lenovo ThinkPad L14 Gen 4 (Intel Core i5-1335U, 8GB, 512GB SSD, 14"" FHD)",Lenovo,2.0,932990,932990,Intel Core i5-1335U,2,8GB,8.0,Windows 11 Pro,0.0,SoloTodo,0
512gb,512.0,2026-05-02 18:20:41,e-commerce,Lenovo K14 Ryzen 7 5800u 16gb Ram 512gb Ssd Fhd Pro Tvideo4g (Reacondicionado),Lenovo,2.0,629.990,629990,Ryzen 7,1,16gb,16.0,Windows 11 Pro,0.0,Mercado Libre,3
512GB,512.0,2026-05-02 19:36:26,e-commerce,"Notebook Ideapad Slim 5 Intel Core i5-12420H 14"" 60Hz 16GB 512GB SSD Win...",Lenovo,2.0,879990,879990,Intel Core i5-12420H,2,16GB,16.0,Otro,3.0,PC Factory,5
1TB,1024.0,2026-05-02 21:04:08,e-commerce,"Notebook Lenovo ThinkPad P14s Gen3 I7-1260P, NVIDIA Quadro T550, 16GB RAM, 1TB SSD, W11P, 14""",Lenovo,2.0,1458990,1458990,I7-1260P,0,16GB,16.0,Windows 11 Pro,0.0,TodoClick.cl,2
SSD 512 GB,512.0,2026-05-02 15:58:58,comercio electrónico,Lenovo ThinkBook 14 Gen 8 (Modelo 21SG00ESCB),Lenovo,2.0,521980,521980,Intel Core 3-100U (900 MHz - 4700 MHz),0,8 GB DDR5 (5200 MHz),8.0,FreeDOS,6.0,SoloTodo,0
512GB,512.0,2026-05-02 18:43:16,e-commerce,"Lenovo ThinkBook 14 G6 IRL – Notebook Intel Core i7-13700H, 16GB RAM, 512GB SSD, Windows 11 Pro",Lenovo,2.0,999990,999990,Intel Core i7-13700H,3,16GB,16.0,Windows 11 Pro,0.0,SoloTodo,0
512GB,512.0,2026-05-02 20:16:59,e-commerce,"Notebook Lenovo K14 Ryzen 5 5600U, 16GB RAM, 512GB SSD, W11Pro",Lenovo,2.0,509990,509990,Ryzen 5,4,16GB,16.0,Windows 11 Pro,0.0,TodoClick.cl,2
256gb,256.0,2026-05-02 17:58:30,e-commerce,Laptop Lenovo Ideapad Ryzen 5 8gb 256gb Ssd Window 11 D.pro,Lenovo,2.0,352.683,352683,Ryzen 5,4,8gb,8.0,Windows 11 Home,1.0,Mercado Libre,3
SSD 512 GB,512.0,2026-05-02 15:22:41,comercio electrónico,"Lenovo ThinkPad E14 Gen 7 (Intel) - Notebook 14"" Full HD",Lenovo,2.0,995990,995990,Intel Core 5-220U (900 MHz - 5000 MHz),0,16 GB DDR5 (5600 MHz),16.0,Windows 11 Pro,0.0,SoloTodo,0
SSD 512 GB,512.0,2026-05-02 16:03:40,comercio electrónico,Lenovo V14 G2 ALC - Notebook con Procesador AMD Ryzen 7 5700U,Lenovo,2.0,699990,699990,Ryzen 7,1,16 GB DDR4 (3200 MHz),16.0,Windows 10 Pro,7.0,SoloTodo,0
512GB,512.0,2026-05-02 12:00:25,e-commerce,"Lenovo ThinkPad Z13 Gen 2 / Ryzen 7 PRO 7840U 16GB 512GB SSD 13.3"" WQXGA+ Touch / Cámara FHD IR+RGB / Teclado retroiluminado Win 11 Arctic Grey",Lenovo,2.0,$1.999.990,1999990,Ryzen 7,1,16GB,16.0,Windows 11 Pro,0.0,opcstore.cl,7
512GB,512.0,2026-05-02 21:09:57,e-commerce,"Notebook Lenovo IdeaPad 3 15ALC6 Ryzen 7 5700U 16GB Ram, 512GB SSD, W11H, 15.6""",Lenovo,2.0,588990,588990,Ryzen 7,1,16GB,16.0,Windows 11,2.0,TodoClick.cl,2
SSD 1 TB,1024.0,2026-05-02 15:32:40,comercio electrónico,Lenovo ThinkPad P15 Gen 1 (20SUS00B00) – Workstation portátil profesional,Lenovo,2.0,749990,749990,Intel Core i7-10850H (2700 MHz - 5100 MHz),3,16 GB DDR4 (2933 MHz),16.0,Windows 10 Pro,7.0,SoloTodo,0
1 TB,1024.0,2026-05-02 18:22:53,e-commerce,Lenovo Yoga 9i Aura Edition 14 3k Oled Ultra 7 258v 1tb 32gb,Lenovo,2.0,1.799.999,1799999,Intel Intel Core Ultra 7 Series 2 258V,0,32gb,32.0,Windows 11 Home,1.0,Mercado Libre,3
1tb,1024.0,2026-05-02 17:28:18,e-commerce,Notebook Thinkpad P16s Intel Core Ultra 9 64gb Ram 1tb Ssd,Lenovo,2.0,2.699.990,2699990,Intel,0,64gb,64.0,Windows 11 Pro,0.0,Mercado Libre,3
512GB,512.0,2026-05-02 20:56:14,e-commerce,Notebook Lenovo IdeaPad Slim 3 i5-12450H 8GB Ram DDR5 512GB SSD W11H Arctic Grey,Lenovo,2.0,815990,815990,i5-12450H,0,8GB,8.0,Windows 11,2.0,TodoClick.cl,2
256GB,256.0,2026-05-02 19:44:21,e-commerce,"Notebook Lenovo V14 G3 IAP, Intel® Core™ I3-1215U, 8GB DDR4, 256GB SSD, USB 3.2, USB-C® 3.2, Wi-Fi® 6, Bluetooth 5.1, HDMI, 14"" FHD, Windows® 11 Home (82TS00E1CL).",Lenovo,2.0,$394.990,394990,I3-1215U,0,8GB,8.0,Otro,3.0,BIP,10
256GB,256.0,2026-05-02 21:33:07,e-commerce,"Notebook Lenovo IdeaPad i3-1115G4, 4GB Ram, 256GB SSD, W10H",Lenovo,2.0,487990,487990,i3-1115G4,0,4GB,4.0,Windows 10,5.0,TodoClick.cl,2
1TB,1024.0,2026-05-02 15:36:07,comercio electrónico,"Notebook Lenovo IdeaPad Slim 3 15IRH10 Intel Core i5-13420H 16GB 1TB SSD Touch 15.3"" Luna Grey",Lenovo,2.0,707024,707024,Intel Core i5-13420H,2,16GB,16.0,Windows 11 Home,1.0,SoloTodo,0
512GB,512.0,2026-05-02 20:37:14,e-commerce,"Notebook Lenovo ThinkPad E16 Gen 3 16"" Intel Core Ultra 7 255H, 16GB DDR5, 512GB SSD, W11Pro",Lenovo,2.0,1211990,1211990,Intel Core Ultra 7 255H,0,16GB,16.0,Windows 11 Pro,0.0,TodoClick.cl,2
SSD 512 GB,512.0,2026-05-02 15:39:36,comercio electrónico,Lenovo ThinkPad T14 Gen 2 (Modelo 20W1S5J800) - Ultrabook Profesional,Lenovo,2.0,549990,549990,Intel Core i5-1135G7 (2400 MHz - 4200 MHz),2,16 GB DDR4 (3200 MHz),16.0,Windows 10 Pro,7.0,SoloTodo,0
512GB,512.0,2026-05-02 20:35:39,e-commerce,"Notebook Lenovo T14 Gen 6 Intel Core Ultra 5 225U, 16GB Ram DDR5, 512GB SSD, W11Pro",Lenovo,2.0,1260990,1260990,Intel Core Ultra 5 225U,0,16GB,16.0,Windows 11 Pro,0.0,TodoClick.cl,2
SSD 1 TB,1024.0,2026-05-02 15:27:29,comercio electrónico,Lenovo IdeaPad Slim 5 14IRH10 (Modelo 83HR006TCL) - Notebook,Lenovo,2.0,899990,899990,Intel Core i7-13620H (2400 MHz - 4900 MHz),3,16 GB DDR5 (5200 MHz),16.0,Windows 11 Home,1.0,SoloTodo,0
512GB,512.0,2026-05-02 17:55:29,e-commerce,"Laptop LENOVO IdeaPad Intel Core i7 13620H 16GB RAM 512GB SSD 15.6"" Touchscreen Windows 11 Home Teclado en Español",Lenovo,2.0,899.987,899987,Intel Core i7,3,16GB,16.0,Windows 11,2.0,Mercado Libre,3
512 GB,512.0,2026-05-02 20:41:20,e-commerce,"Notebook Lenovo ThinkBook 14 Gen8 14"" LCD Intel Core i7 240H / 4.1 GHz 16 GB SDRAM 512 GB SSD Intel HD Graphics Negro",Lenovo,2.0,1018990,1018990,Intel Core i7,3,16 GB,16.0,Otro,3.0,TodoClick.cl,2
512GB,512.0,2026-05-02 19:36:21,e-commerce,"Notebook ThinkPad E16 Gen3 Intel Ultra 5-225U 16"" 16GB 512GB SSD Windows...",Lenovo,2.0,1799990,1799990,Intel Ultra 5-225U,0,16GB,16.0,Otro,3.0,PC Factory,5
256gb,256.0,2026-05-02 18:08:50,e-commerce,"Lenovo Thinkpad T14 Gen 1 Core I5-10, 16gb Ram, 256gb Ssd (Reacondicionado)",Lenovo,2.0,429.990,429990,Intel Core i5-10210U,2,16gb,16.0,Windows 10,5.0,Mercado Libre,3
1TB,1024.0,2026-05-02 20:48:30,e-commerce,"Notebook Lenovo Yoga Pro 7 14AHP9 Ryzen 7 8845HS, 16GB Ram, 1TB SSD, W11H, 14.5""",Lenovo,2.0,1979990,1979990,Ryzen 7,1,16GB,16.0,Windows 11,2.0,TodoClick.cl,2
512GB,512.0,2026-05-02 20:49:02,e-commerce,"Notebook Lenovo Yoga Book 9 13IMU9 Intel Core Ultra 7 155U, 16GB, 512GB SSD, W11H",Lenovo,2.0,2090990,2090990,Intel Core Ultra 7 155U,0,16GB,16.0,Windows 11,2.0,TodoClick.cl,2
512GB SSD,512.0,2026-05-02 19:42:33,e-commerce,Lenovo Thinkpad P16s Gen 2,Lenovo,2.0,$799.990,799990,Intel Core i7-1360P,3,16GB,16.0,Windows 11 Pro,0.0,SMARTDEAL,4
512GB,512.0,2026-05-02 21:20:55,e-commerce,"Notebook Lenovo ThinkPad 14"" i7-1165G7, 16GB Ram, 512GB SSD, W10Pro",Lenovo,2.0,1387990,1387990,i7-1165G7,0,16GB,16.0,Windows 10,5.0,TodoClick.cl,2
250GB,250.0,2026-05-02 14:59:57,comercio electrónico,Lenovo ThinkPad T480 (i5-8250U / 8GB / 250GB SSD),Lenovo,2.0,270000,270000,Intel Core i5-8250U (1600 MHz - 3400 MHz),2,8GB,8.0,Windows 10 Pro,7.0,SoloTodo,0
1TB,1024.0,2026-05-02 20:58:40,e-commerce,"Notebook Lenovo ThinkPad T14s Gen4 I7-1355U 32GB Ram, 1TB SSD, W11P, 14""",Lenovo,2.0,1482990,1482990,I7-1355U,0,32GB,32.0,Windows 11 Pro,0.0,TodoClick.cl,2
1TB,1024.0,2026-05-02 19:35:50,e-commerce,Notebook Yoga AMD Ryzen AI 7 350 14″ OLED Touch 60Hz 32GB 1TB SSD Window...,Lenovo,2.0,1129990,1129990,AMD Ryzen AI 7 350,1,32GB,32.0,Otro,3.0,PC Factory,5
1 TB,1024.0,2026-05-02 17:22:50,e-commerce,Notebook Gamer Legion Pro 5 Amd Ryzen 7 32gb 1tb Rtx 5060 16,Lenovo,2.0,2.299.990,2299990,Ryzen 7,1,32gb,32.0,Windows 11 Home,1.0,Mercado Libre,3
512gb,512.0,2026-05-02 17:40:32,e-commerce,Notebook Lenovo Ideapad Slim 5i Intel Core I5 16gb Ram 512gb Ssd 16 83HS006VCL,Lenovo,2.0,1.099.990,1099990,Intel Core I5,2,16gb,16.0,Windows 11 Home,1.0,Mercado Libre,3
512GB,512.0,2026-05-02 19:57:16,e-commerce,Notebook Lenovo ThinkPad T14 Gen 6 Intel Core Ultra 7 255U 16GB RAM 512GB SSD W11 Pro,Lenovo,2.0,1504990,1504990,Intel Core Ultra 7 255U,0,16GB,16.0,Windows 11,2.0,TodoClick.cl,2
128 GB,128.0,2026-05-02 17:48:18,e-commerce,Notebook Lenovo Ideapad Celeron 4gb 128gb 14 Hd Win11 Color Gris,Lenovo,2.0,399.990,399990,Intel Celeron N4020,0,4gb,4.0,Windows 11,2.0,Mercado Libre,3
512GB,512.0,2026-05-02 21:30:32,e-commerce,"Notebook Lenovo ThinkPad L13 Yoga de 13.3“ (i5-10310U, 16GB RAM, 512GB SSD, Win10)",Lenovo,2.0,966990,966990,i5-10310U,0,16GB,16.0,Windows 10,5.0,TodoClick.cl,2
SSD 1 TB,1024.0,2026-05-02 14:53:42,comercio electrónico,"Lenovo Legion Pro 5 Gen 10 (16"" AMD) GeForce RTX™ 5060",Lenovo,2.0,1879993,1879993,AMD Ryzen 7 8745HX (3600 MHz - 5100 MHz),1,32 GB DDR5 (5200 MHz),32.0,Windows 11 Home,1.0,SoloTodo,0
256GB,256.0,2026-05-02 15:15:28,comercio electrónico,"Lenovo Notebook V14 G4 AMN 14"" (Ryzen 3 7320U, 8GB RAM, 256GB SSD, Windows 11 Home)",Lenovo,2.0,410990,410990,Ryzen 3,0,8GB,8.0,Windows 11,2.0,SoloTodo,0
SSD 512 GB,512.0,2026-05-02 14:43:26,comercio electrónico,Notebook Gamer Lenovo LOQ 15IRX10 (83JE0026CL),Lenovo,2.0,1299990,1299990,Intel Core i7-13650HX (3600 MHz - 4900 MHz),3,24 GB DDR5 (4800 MHz),24.0,Windows 11 Home,1.0,SoloTodo,0
256GB,256.0,2026-05-02 21:39:28,e-commerce,Notebook Lenovo NTB V14 i3-1005G1 4GB 256GB SSD 14inch Free DOS,Lenovo,2.0,429990,429990,i3-1005G1,0,4GB,4.0,Otro,3.0,TodoClick.cl,2
SSD 1 TB,1024.0,2026-05-02 14:57:23,comercio electrónico,Lenovo ThinkBook 16 G7 IML (21MW00ANCL),Lenovo,2.0,669900,669900,AMD Ryzen 5 7535HS (3300 MHz - 4550 MHz),1,16 GB DDR5 (4800 MHz),16.0,Windows 11 Pro,0.0,SoloTodo,0
512 GB,512.0,2026-05-02 20:41:09,e-commerce,"Notebook Lenovo ThinkPad E16 Gen 2 16"" 1920 x 1200 LCD Intel Core Ultra 7 155U 16 GB DDR5 SDRAM 512 GB SSD Negro",Lenovo,2.0,1119990,1119990,Intel Core Ultra 7 155U,0,16 GB,16.0,Otro,3.0,TodoClick.cl,2
1TB,1024.0,2026-05-02 20:34:05,e-commerce,"Notebook Lenovo P16v Gen2 Intel Core Ultra 7-155HX 16GB Ram, NVIDIA GeForce RTX 1000,1TB SSD, W11Pro",Lenovo,2.0,2255990,2255990,Intel Core Ultra 7-155HX,0,16GB,16.0,Windows 11 Pro,0.0,TodoClick.cl,2
1TB,1024.0,2026-05-02 19:36:16,e-commerce,"Notebook AI PC ThinkPad X1 GEN 9 Intel Ultra 7-155U 14"" 32GB 1TB SSD Win...",Lenovo,2.0,999990,999990,Intel Ultra 7-155U,0,32GB,32.0,Otro,3.0,PC Factory,5
SSD 512 GB,512.0,2026-05-02 15:12:15,comercio electrónico,Lenovo IdeaPad 5 2 en 1 14AHP9 (Modelo 83DR0038CL),Lenovo,2.0,852925,852925,AMD Ryzen 7 8845HS (3800 MHz - 5100 MHz),1,16 GB LPDDR5X (6400 MHz),16.0,Windows 11 Home,1.0,SoloTodo,0
512GB,512.0,2026-05-02 16:01:44,comercio electrónico,"Lenovo ThinkPad E14 Gen 5 (Intel Core i5-1335U, 8GB, 512GB SSD, Windows 11 Pro)",Lenovo,2.0,941990,941990,Intel Core i5-1335U,2,8GB,8.0,Windows 11 Pro,0.0,SoloTodo,0
SSD 512 GB,512.0,2026-05-02 16:15:18,comercio electrónico,Lenovo ThinkPad L14 Gen 6 (AMD Ryzen 7 PRO 250),Lenovo,2.0,1177544,1177544,Ryzen 7,1,16 GB DDR5 (5600 MHz),16.0,Windows 11 Pro,0.0,SoloTodo,0
SSD 1 TB,1024.0,2026-05-02 14:44:54,comercio electrónico,Lenovo Yoga Slim 7 14ILL10 (Modelo 83JX002VCL),Lenovo,2.0,1254900,1254900,Intel Core Ultra 7 258V (2200 MHz - 4800 MHz),0,32 GB LPDDR5X (8533 MHz),32.0,Windows 11 Home,1.0,SoloTodo,0
1TB,1024.0,2026-05-02 19:57:39,e-commerce,"Notebook Lenovo V14 G5 IRL Intel Core I5-13420H 16GB Ram DDR5, 1TB SSD, Windows 11 Pro",Lenovo,2.0,679990,679990,Intel Core I5-13420H,2,16GB,16.0,Windows 11 Pro,0.0,TodoClick.cl,2
1TB,1024.0,2026-05-02 21:08:21,e-commerce,"Notebook Lenovo Thinkpad P16 Gen 2 i7-13700Hx, RTX 2000, 16GB Ram, 1TB SSD, W11P, 16""",Lenovo,2.0,2490990,2490990,i7-13700Hx,0,16GB,16.0,Windows 11 Pro,0.0,TodoClick.cl,2
512GB,512.0,2026-05-02 20:14:25,e-commerce,"Notebook Lenovo V14 G3 IAP i5-1235U, 8GB Ram, 512GBSSD, W11Pro, 14""",Lenovo,2.0,570990,570990,i5-1235U,0,8GB,8.0,Windows 11 Pro,0.0,TodoClick.cl,2
1 TB,1024.0,2026-05-02 19:55:32,e-commerce,"Notebook Lenovo ThinkPad X1 2 in 1 Gen 9 14"" 1920 x 1200 LCD Touchscreen Intel Core Ultra 7 155U 32 GB SDRAM 1 TB SSD",Lenovo,2.0,2304990,2304990,Intel Core Ultra 7 155U,0,32 GB,32.0,Otro,3.0,TodoClick.cl,2
512GB,512.0,2026-05-02 20:32:43,e-commerce,Notebook Lenovo V14 G5 Intel Core 7 240H 16GB RAM 512GB SSD W11 Pro,Lenovo,2.0,787990,787990,Intel Core 7 240H,0,16GB,16.0,Windows 11,2.0,TodoClick.cl,2
512GB,512.0,2026-05-02 15:47:35,comercio electrónico,"Lenovo V14 G5 IRL - Notebook 14"" Full HD Intel Core i5-210H, 8GB DDR5, 512GB SSD, Windows 11 Pro",Lenovo,2.0,619990,619990,Intel Core i5-210H,2,8GB,8.0,Windows 11 Pro,0.0,SoloTodo,0
512 GB,512.0,2026-05-02 18:03:46,e-commerce,"Notebook Thinkpad I5, 16 Gb, Ssd 512 Windows 11 Pro Nt07 (Reacondicionado)",Lenovo,2.0,389.900,389900,Intel Core i5 1135G7,2,16 Gb,16.0,Windows 11 Pro,0.0,Mercado Libre,3
SSD 1 TB,1024.0,2026-05-02 15:00:34,comercio electrónico,"Lenovo Legion 7 Gen 10 16"" Glacier White (Modelo 83KY0017CL)",Lenovo,2.0,2399990,2399990,Intel Core Ultra 9 275HX (2100 MHz - 5400 MHz),0,32 GB DDR5 (5600 MHz),32.0,Windows 11 Home,1.0,SoloTodo,0
1TB,1024.0,2026-05-02 20:06:34,e-commerce,"Notebook Lenovo Thinkpad P16V, i7-13800H, 16GB RAM, 1TB SSD, W11P, 16""",Lenovo,2.0,2133990,2133990,i7-13800H,0,16GB,16.0,Windows 11 Pro,0.0,TodoClick.cl,2
SSD 512 GB,512.0,2026-05-02 15:16:30,comercio electrónico,"Lenovo V14 G5 IRL (83GU0057CL) – Notebook Profesional de 14"" con Intel Core i7",Lenovo,2.0,750990,750990,Intel Core i7,3,16 GB DDR5 (5200 MHz),16.0,Windows 11 Pro,0.0,SoloTodo,0
512GB,512.0,2026-05-02 20:32:55,e-commerce,"Notebook Lenovo ThinkPad T14 Gen 4 AMD Ryzen 7 PRO-7840U, 16GB Ram, 512GB SSD, W11 Pro, 14""",Lenovo,2.0,1045990,1045990,Ryzen 7,1,16GB,16.0,Windows 11,2.0,TodoClick.cl,2
512GB,512.0,2026-05-02 19:52:36,e-commerce,"Notebook Lenovo V14 G4 IRU Intel Core i7-13620H 16GB Ram, 512GB SSD, Windows 11 Pro",Lenovo,2.0,729990,729990,Intel Core i7-13620H,3,16GB,16.0,Windows 11 Pro,0.0,TodoClick.cl,2
SSD 1 TB,1024.0,2026-05-02 14:45:03,comercio electrónico,"Lenovo Legion 5i Gen 10 (15"" Intel) GeForce RTX 5070",Lenovo,2.0,1799990,1799990,Intel Core i9-14900HX (1600 MHz - 5800 MHz),7,32 GB DDR5 (5600 MHz),32.0,Windows 11 Home,1.0,SoloTodo,0
SSD 512 GB,512.0,2026-05-02 15:32:54,comercio electrónico,"Lenovo ThinkPad T14s Gen 6 (Intel) - Notebook de 14"" con alto rendimiento y seguridad avanzada",Lenovo,2.0,1542990,1542990,Intel Core Ultra 7 255U (2000 MHz - 5200 MHz),0,16 GB LPDDR5X (8533 MHz),16.0,Windows 11 Pro,0.0,SoloTodo,0
SSD 2 TB,2048.0,2026-05-02 15:01:04,comercio electrónico,"Lenovo Legion 9i Gen 10 (18"" Intel) GeForce RTX™ 5090",Lenovo,2.0,5199993,5199993,Intel Core Ultra 9 275HX (2100 MHz - 5400 MHz),0,64 GB DDR5 (5200 MHz),64.0,Windows 11 Home,1.0,SoloTodo,0
512 GB,512.0,2026-05-02 18:19:26,e-commerce,Lenovok14 I5-1135g 16gb 512gbnvme Fullhd Factura Garantia12m (Reacondicionado),Lenovo,2.0,529.990,529990,Intel I5 1135G7,2,16gb,16.0,Windows 11 Pro,0.0,Mercado Libre,3
1TB,1024.0,2026-05-02 20:15:24,e-commerce,"Notebook Lenovo ThinkPad X13 G4 i7-1355U, 32GB Ram, 1TB SSD, W11P, 13.3""",Lenovo,2.0,1698990,1698990,i7-1355U,0,32GB,32.0,Windows 11 Pro,0.0,TodoClick.cl,2
SSD 512 GB,512.0,2026-05-02 15:39:31,comercio electrónico,Lenovo IdeaPad Slim 3 14AHP10 - Notebook AMD Ryzen 5 PRO 8640HS,Lenovo,2.0,814790,814790,Ryzen 5,4,24 GB DDR5 (5600 MHz),24.0,Windows 11 Home,1.0,SoloTodo,0
512 GB,512.0,2026-05-02 12:02:16,e-commerce,"Lenovo E41-50 Intel Core i3-1005G1 8 GB DDR4 512 GB SSD PCIe 14"" HD Win 10 Pro",Lenovo,2.0,$399.990,399990,Intel Core i3-1005G1,6,8 GB,8.0,Windows 11,2.0,opcstore.cl,7
512 GB,512.0,2026-05-02 12:02:54,e-commerce,Lenovo ThinkPad T14s Gen 3 Ryzen 7 PRO 6850U 16 GB 512 GB SSD 14″ WUXGA Win 11 Pro,Lenovo,2.0,$1.739.990,1739990,Ryzen 7,1,16 GB,16.0,Windows 11 Pro,0.0,opcstore.cl,7
SSD 256 GB,256.0,2026-05-02 16:01:54,comercio electrónico,Lenovo IdeaPad 3 14ALC6 (Modelo 82KT008LCL),Lenovo,2.0,429990,429990,AMD Ryzen 5 5500U (2100 MHz - 4000 MHz),4,8 GB DDR4 (3200 MHz),8.0,Windows 10 Home,8.0,SoloTodo,0
512 GB,512.0,2026-05-02 20:35:18,e-commerce,"Notebook Lenovo ThinkBook 14 G8 14"" 1920 x 1080 LCD Intel Core i5 210H / 3.6 GHz 16 GB SDRAM 512 GB SSD Intel HD Graphics Negro",Lenovo,2.0,921990,921990,Intel Core i5,2,16 GB,16.0,Otro,3.0,TodoClick.cl,2
256GB,256.0,2026-05-02 21:31:16,e-commerce,"Notebook Lenovo ThinkPad L14 de 14“ (Ryzen 7 PRO 5850U, 8GB RAM, 256GB SSD, Win10 Pro)",Lenovo,2.0,800990,800990,Ryzen 7,1,8GB,8.0,Windows 10,5.0,TodoClick.cl,2
512GB,512.0,2026-05-02 19:43:32,e-commerce,Notebook Lenovo NTB ThinkBook 14 I5-13420H 8GB 512GB SSD 14inch W11P,Lenovo,2.0,"$896,990",896990,I5-13420H,0,8GB,8.0,Windows 11 Pro,0.0,ONEDUC,6
512GB,512.0,2026-05-02 19:54:09,e-commerce,"Notebook Lenovo 16p G6 IAX Intel Core Ultra 7-255HX 16GB Ram DDR5, 512GB SSD, W11Pro",Lenovo,2.0,1843990,1843990,Intel Core Ultra 7-255HX,0,16GB,16.0,Windows 11 Pro,0.0,TodoClick.cl,2
SSD 1 TB,1024.0,2026-05-02 16:04:13,comercio electrónico,Lenovo ThinkPad T14s Gen 4 (Modelo 21F70014CL),Lenovo,2.0,1307990,1307990,Intel Core i7-1355U (1700 MHz - 5000 MHz),3,16 GB LPDDR5X (4800 MHz),16.0,Windows 10 Pro,7.0,SoloTodo,0
SSD 512 GB,512.0,2026-05-02 15:26:12,comercio electrónico,Lenovo ThinkPad T14 Gen 6 (Intel Core Ultra 5 225U),Lenovo,2.0,1320990,1320990,Intel Core Ultra 5 225U (1500 MHz - 4800 MHz),0,16 GB DDR5 (5600 MHz),16.0,Windows 11 Home,1.0,SoloTodo,0
256GB,256.0,2026-05-02 21:42:00,e-commerce,"Notebook Lenovo ThinkPad E14 i3-1115G4 / 8GB Ram / 256GB SSD / 14"" LED FHD / Windows 10 Pro (20TBS0R400)",Lenovo,2.0,820990,820990,i3-1115G4,0,8GB,8.0,Windows 10,5.0,TodoClick.cl,2
512GB,512.0,2026-05-02 15:43:25,comercio electrónico,"Notebook Gamer Lenovo LOQ Gen 9 AMD Ryzen 7 7435HS NVIDIA GeForce RTX 4050 6GB 15.6"" FHD 144Hz 16GB RAM 512GB SSD Windows 11 Home",Lenovo,2.0,1089990,1089990,Ryzen 7,1,16GB,16.0,Windows 11,2.0,SoloTodo,0
512GB,512.0,2026-05-02 14:55:57,comercio electrónico,"Lenovo IdeaPad Slim 3 Gen 8 (Modelo 82XQ00LWCL) – Notebook 15.6"" Full HD, AMD Ryzen 5, 8GB RAM, 512GB SSD, Windows 11 Home",Lenovo,2.0,429990,429990,Ryzen 5,4,8GB,8.0,Windows 11,2.0,SoloTodo,0
2 TB,2048.0,2026-05-02 17:52:26,e-commerce,Notebook Legion Pro 9i Intel Core Ultra 9 64gb Ram 2tb 5090 Gris,Lenovo,2.0,6.399.990,6399990,Intel Core Ultra 9 275HX,0,64gb,64.0,Windows 11 Home,1.0,Mercado Libre,3
1TB,1024.0,2026-05-02 21:28:20,e-commerce,"Notebook Lenovo ThinkPad X1 Carbon Gen 9 de 14“ (I7-1165G7, 16GB RAM, 1TB SSD, Win10 Pro)",Lenovo,2.0,2499990,2499990,I7-1165G7,0,16GB,16.0,Windows 10,5.0,TodoClick.cl,2
512GB,512.0,2026-05-02 11:59:56,e-commerce,"Lenovo Yoga Slim 7 Pro 14ACH5 Ryzen 7 5800H 16GB 512GB SSD 14"" 2.2K Win 11 Pro",Lenovo,2.0,$1.099.990,1099990,Ryzen 7,1,16GB,16.0,Windows 11 Home,1.0,opcstore.cl,7
512 GB,512.0,2026-05-02 18:14:17,e-commerce,Lenovo Ryzen 7 5800u 16gb 512gbnvme Tvideo4gb Fhd Factura (Reacondicionado),Lenovo,2.0,629.990,629990,Ryzen 7,1,16gb,16.0,Windows 11 Pro,0.0,Mercado Libre,3
1TB,1024.0,2026-05-02 20:49:22,e-commerce,"Notebook Lenovo ThinkPad P14s Gen 4 Ryzen 7 PRO 7840U, 16GB Ram, 1TB SSD, W11Pro",Lenovo,2.0,1124990,1124990,Ryzen 7,1,16GB,16.0,Windows 11 Pro,0.0,TodoClick.cl,2
512gb,512.0,2026-05-02 17:53:27,e-commerce,Notebook Lenovo V14 G3 I5-1320h 8gb 512gb Ssd 14inch W11h Gris,Lenovo,2.0,599.990,599990,Intel I5 1320H,2,8gb,8.0,Windows 11,2.0,Mercado Libre,3
128 GB,128.0,2026-05-02 17:29:19,e-commerce,Lenovo Ideapad 1 82lv0075us 14 4gb 128gb Emmc W11 Gris,Lenovo,2.0,499.990,499990,Intel Celeron N4500,0,4gb,4.0,Windows 11,2.0,Mercado Libre,3
SSD 512 GB,512.0,2026-05-02 15:21:09,comercio electrónico,Notebook Lenovo V14 G4 IRU (83A000BXCL),Lenovo,2.0,505990,505990,Intel Core i5-13420H (1500 MHz - 4600 MHz),2,8 GB DDR4 (3200 MHz),8.0,Windows 11 Home,1.0,SoloTodo,0
256 GB,256.0,2026-05-02 15:15:42,comercio electrónico,"Lenovo IdeaPad 3 14IIL05 (12 GB RAM, 256 GB SSD)",Lenovo,2.0,319990,319990,Intel Core i3-1005G1 (1200 MHz - 3400 MHz),6,12 GB,12.0,Windows 11 Home,1.0,SoloTodo,0
1TB SSD,1024.0,2026-05-02 19:43:23,e-commerce,Notebook Lenovo LEGION 5 16IRX9 16GB RAM,Lenovo,2.0,$ 1.799.990,1799990,Intel Core I9-14900HX,7,16GB,16.0,Windows 11,2.0,PORTATILCHILE,9
512GB,512.0,2026-05-02 15:22:45,comercio electrónico,"Lenovo LOQ 15IAX9E 83LK0086CL – Notebook Gamer 15.6"" FHD, Intel Core i5, RTX 3050, 12GB RAM, 512GB SSD",Lenovo,2.0,759990,759990,Intel Core i5,2,12GB,12.0,Windows 11 Home,1.0,SoloTodo,0
1TB,1024.0,2026-05-02 20:35:28,e-commerce,"Notebook Lenovo T14s Gen 6 Intel Core Ultra 7 255U, 32GB Ram DDR5, 1TB SSD, W11Pro",Lenovo,2.0,1809990,1809990,Intel Core Ultra 7 255U,0,32GB,32.0,Windows 11 Pro,0.0,TodoClick.cl,2
512GB,512.0,2026-05-02 20:06:56,e-commerce,"Notebook Lenovo Thinkpad T14s G4, I7-1365U, 32GB RAM, 512GB SSD, W11P, 14""",Lenovo,2.0,1595990,1595990,I7-1365U,0,32GB,32.0,Windows 11 Pro,0.0,TodoClick.cl,2
1TB,1024.0,2026-05-02 21:21:57,e-commerce,"Notebook Lenovo X1C G9 I7-1165, Ram 16GB, 1TB SSD, W10Pro",Lenovo,2.0,1932990,1932990,I7-1165,0,16GB,16.0,Windows 10,5.0,TodoClick.cl,2
SSD 512 GB,512.0,2026-05-02 14:56:02,comercio electrónico,"Lenovo LOQ 15IAX9 (83GS00G8CL) – Notebook Gamer 15.6"" FHD 144Hz con Intel Core i5 y NVIDIA RTX 3050",Lenovo,2.0,811990,811990,Intel Core i5,2,16 GB DDR5 (4800 MHz),16.0,Windows 11 Home,1.0,SoloTodo,0
1TB,1024.0,2026-05-02 19:47:11,e-commerce,"Lenovo ThinkPad P16v Gen 2 Ultra 7 155H 16GB 1TB SSD RTX 2000 16"" Windows 11 Pro",Lenovo,2.0,$2.579.990,2579990,Ultra 7 155H,0,16GB,16.0,Windows 11 Pro,0.0,TECHNOHIVE,17
SSD 512 GB,512.0,2026-05-02 14:58:36,comercio electrónico,Lenovo IdeaPad Slim 3 15IRH10 Gen 10 (Modelo 83K100HMCL),Lenovo,2.0,649990,649990,Intel Core i5-13420H (1500 MHz - 4600 MHz),2,24 GB DDR5 (4800 MHz),24.0,Windows 11 Home,1.0,SoloTodo,0
512 GB,512.0,2026-05-02 17:08:35,e-commerce,Notebook Lenovo Ideapad Slim 3 Gen 10 Core I5 13420h 8g+512g,Lenovo,2.0,584.990,584990,Intel Core i5 13420H,2,DDR5 8 GB,8.0,Windows 11 Home,1.0,Mercado Libre,3
512GB,512.0,2026-05-02 20:37:23,e-commerce,"Notebook Lenovo ThinkPad L14 Gen 6 14"" Ryzen 7 pro 250, 16GB DDR5, 512GB SSD, W11Pro",Lenovo,2.0,1176990,1176990,Ryzen 7,1,16GB,16.0,Windows 11 Pro,0.0,TodoClick.cl,2
SSD 512 GB,512.0,2026-05-02 16:03:54,comercio electrónico,Lenovo ThinkPad X1 Extreme Gen 4 (20Y6S1WX00),Lenovo,2.0,2999990,2999990,Intel Core i7-11800H (2300 MHz - 4600 MHz),3,16 GB DDR4 (3200 MHz),16.0,Windows 10 Pro,7.0,SoloTodo,0
SSD 512 GB,512.0,2026-05-02 14:45:25,comercio electrónico,"Notebook Gamer Lenovo LOQ 15AHP10 (83JG0019CL) – AMD Ryzen 7 250, RTX 5060 8GB, 15.6"" FHD 144Hz",Lenovo,2.0,1229990,1229990,Ryzen 7,1,8GB,8.0,Windows 11 Home,1.0,SoloTodo,0
SSD 256 GB,256.0,2026-05-02 15:34:16,comercio electrónico,Lenovo ThinkPad T470 (20HEA0TKCL) - Notebook Profesional,Lenovo,2.0,295000,295000,Intel Core i5-7200U (2500 MHz - 3100 MHz),2,8 GB DDR4 (3200 MHz),8.0,Windows 10 Pro,7.0,SoloTodo,0
512GB,512.0,2026-05-02 16:29:45,e-commerce,"Notebook Lenovo IdeaPad Slim 3 15IRH10 Core i5-13420H 8GB 512GB SSD 15.3"" WUXGA Touch",Lenovo,2.0,549990,549990,Intel Core i5-13420H (1500 MHz - 4600 MHz),2,8GB,8.0,Windows 11 Pro,0.0,SoloTodo,0
256gb,256.0,2026-05-02 18:01:51,e-commerce,Windows 11 Pro Notebook 8gb Ddr4 256gb Ssd Intel 4 Núcleos Ñ,Js Logia,17.0,349.999,349999,Celeron N5095 Intel Celoron N5095,0,8gb,8.0,Windows 11 Pro,0.0,Mercado Libre,3
1TB,1024.0,2026-05-02 15:49:37,comercio electrónico,"Samsung Galaxy Book4 Ultra - Gray (16"" Intel Core Ultra 7 155H, 16GB RAM, 1TB SSD)",Samsung,7.0,2199990,2199990,Intel Core Ultra 7 155H (3800 MHz - 4800 MHz),0,16GB,16.0,Windows 11 Home,1.0,SoloTodo,0
512 GB,512.0,2026-05-02 17:34:19,e-commerce,"Notebook Book5 Pro 360 Galaxy Book5 Pro 360 Gris 16""",Samsung,7.0,2.499.990,2499990,Intel Intel® CoreTM Ultra 7 8250U,0,16 GB,16.0,Windows 11 Home,1.0,Mercado Libre,3
SSD 512 GB,512.0,2026-05-02 15:00:29,comercio electrónico,Samsung Galaxy Book4 Pro - Gray (NP940XGK-KG1CL),Samsung,7.0,1099990,1099990,Intel Core Ultra 7 155H (3800 MHz - 4800 MHz),0,16 GB LPDDR5X (4800 MHz),16.0,Windows 11 Home,1.0,SoloTodo,0
512GB,512.0,2026-05-02 15:34:12,comercio electrónico,"Notebook Samsung Galaxy Book4 Silver Intel Core i7 16GB RAM 512GB SSD 15.6""",Samsung,7.0,719990,719990,Intel Core i7,3,16GB,16.0,Windows 11 Home,1.0,SoloTodo,0
512gb,512.0,2026-05-02 17:09:30,e-commerce,"Notebook Samsung Galaxy Book 4 15,6 I5 512gb Ssd 8gb Ram Plateado",Samsung,7.0,799.990,799990,Intel Core i5 1335U,2,8gb,8.0,Windows 11 Home,1.0,Mercado Libre,3
512gb,512.0,2026-05-02 17:41:18,e-commerce,"Notebook Samsung Galaxy Book 4 15,6 I5 512gb Ssd 8gb Ram Plateado",Samsung,7.0,799.990,799990,Intel Core i5 1335U,2,8gb,8.0,Windows 11 Home,1.0,Mercado Libre,3
64 GB,64.0,2026-05-02 18:08:30,e-commerce,Notebook Chromebook 2 En 1 Samsung Intel Core 4gb 64gb 12.2',Samsung,7.0,209.990,209990,Intel M3,5,4gb,4.0,Chrome OS,9.0,Mercado Libre,3
512GB,512.0,2026-05-02 15:24:12,comercio electrónico,"Samsung Galaxy Book4 Silver NP750XGJ-KS6CL – Notebook 15.6"" FHD, Intel Core i5, 8GB RAM, 512GB SSD",Samsung,7.0,699990,699990,Intel Core i5,2,8GB,8.0,Windows 11 Home,1.0,SoloTodo,0
512 GB,512.0,2026-05-02 17:23:51,e-commerce,Samsung Galaxy NP750XGJ-KS5CL Book4 I5 15.6 512gb 16gb Ram,Samsung,7.0,849.990,849990,Intel Core i5 1335U,2,16gb,16.0,Windows 11,2.0,Mercado Libre,3
512gb,512.0,2026-05-02 17:09:03,e-commerce,"Notebook Samsung Galaxy Book4 15,6 I7 512gb Ssd 16gb Ram Color Plateado",Samsung,7.0,999.990,999990,Intel Core i7 1355U,3,16gb,16.0,Windows 11 Home,1.0,Mercado Libre,3
512gb,512.0,2026-05-02 18:29:34,e-commerce,Notebook NP750XGJ-KS6CL 512gbSsd/8gbRam Plateado Samsung - Bueno (Reacondicionado),Samsung,7.0,440.000,440000,Intel Core i5 1335U,2,8gb,8.0,Windows 11 Home,1.0,Mercado Libre,3
SSD 512 GB,512.0,2026-05-02 15:43:58,comercio electrónico,Samsung Galaxy Book5 Pro 360 - Gray,Samsung,7.0,1799990,1799990,Intel Core Ultra 7 256V (2200 MHz - 4800 MHz),0,16 GB LPDDR5X (7500 MHz),16.0,Windows 11 Home,1.0,SoloTodo,0
SSD 512 GB,512.0,2026-05-02 16:09:57,comercio electrónico,Samsung Galaxy Book4 - Silver (NP750XGJ-KS5CL),Samsung,7.0,709990,709990,Intel Core i5-1335U (1300 MHz - 4600 MHz),2,16 GB LPDDR4X (2933 MHz),16.0,Windows 11 Home,1.0,SoloTodo,0
512gb,512.0,2026-05-02 17:19:23,e-commerce,"Notebook Samsung Galaxy Book 4 15,6 I5 512gb Ssd 8gb Ram Plateado",Samsung,7.0,799.990,799990,Intel Core i5 1335U,2,8gb,8.0,Windows 11 Home,1.0,Mercado Libre,3
SSD 1 TB,1024.0,2026-05-02 15:17:19,comercio electrónico,Samsung Galaxy Book 6 - Gray (NP740VJG-KA2CL),Samsung,7.0,1749990,1749990,Intel Core Ultra 5 325 (1600 MHz - 4500 MHz),0,16 GB LPDDR5X (8533 MHz),16.0,Windows 11 Home,1.0,SoloTodo,0
512 GB,512.0,2026-05-02 17:52:56,e-commerce,Portatil Samsung Galaxy Book 3 I5,Samsung,7.0,659.990,659990,Intel Core i5,2,8 GB,8.0,Windows 11 Home,1.0,Mercado Libre,3
512gb,512.0,2026-05-02 17:17:43,e-commerce,"Notebook Samsung Galaxy Book4 15,6 I7 512gb Ssd 16gb Ram Color Plateado",Samsung,7.0,999.990,999990,Intel Core i7 1355U,3,16gb,16.0,Windows 11 Home,1.0,Mercado Libre,3
1 TB,1024.0,2026-05-02 17:32:56,e-commerce,"MacBook Pro de 14 pulgadas: chip Apple M5 Pro con CPU de 15 núcleos y GPU de 16 núcleos, 24 GB, SSD de 1 TB - Plateado - Distribuidor Autorizado",LG,9.0,2.549.990,2549990,Apple Chip M5 M5 PRO,5,24 GB,24.0,macOS,4.0,Mercado Libre,3
128GB,128.0,2026-05-02 17:03:25,e-commerce,CHUWI HeroBook Air (N4020 / 4GB / 128GB SSD),Chuwi,14.0,229990,229990,Intel Celeron N4020 (1100 MHz - 2800 MHz),0,4GB,4.0,Windows 11 Home,1.0,SoloTodo,0
512GB,512.0,2026-05-02 15:53:19,comercio electrónico,"MacBook Neo A18 Pro 8GB RAM 512GB SSD 13"" (Citrus)",Macbook,13.0,749990,749990,Apple A-Series A18 Pro (6-Core CPU / 5-Core GPU) (2424 MHz - 4000 MHz),5,8GB,8.0,macOS,4.0,SoloTodo,0
1 TB,1024.0,2026-05-02 17:49:47,e-commerce,Notebook Samsung Galaxy Book4 Ultra 16 I7h 16g 1tb Color Gris,Samsung,7.0,2.699.990,2699990,Intel Core Ultra 7 155H,0,16 GB,16.0,Windows 11 Home,1.0,Mercado Libre,3
SSD 1 TB,1024.0,2026-05-02 14:49:42,comercio electrónico,Samsung Galaxy Book6 Ultra - Gray (NP960UJH-XG2CL),Samsung,7.0,3657490,3657490,Intel Core Ultra 7 356H (1900 MHz - 4700 MHz),0,32 GB LPDDR5X (8533 MHz),32.0,Windows 11 Home,1.0,SoloTodo,0
2 TB,2048.0,2026-05-02 17:44:45,e-commerce,"MacBook Pro de 14 pulgadas: chip Apple M5 Pro con CPU de 15 núcleos y GPU de 16 núcleos, 24 GB, SSD de 2 TB - Negro espacial - Distribuidor Autorizado",LG,9.0,2.999.990,2999990,Apple Chip M5 M5 PRO,5,24 GB,24.0,macOS,4.0,Mercado Libre,3
512 gb,512.0,2026-05-02 17:08:15,e-commerce,"Macbook Neo De 13 Pulgadas: Chip A18 Pro De Apple Con Cpu De 6 Núcleos Y Gpu De 5 Núcleos, Magic keyboard Con Touch id, 512 gb Ssd - Rosa Rubor - Distribuidor Autorizado",LG,9.0,749.990,749990,Apple A18 Pro,5,8 GB,8.0,macOS,4.0,Mercado Libre,3
512gb,512.0,2026-05-02 17:11:58,e-commerce,"Notebook Samsung Galaxy Book4 15,6 I7 512gb Ssd 16gb Ram Color Plateado",Samsung,7.0,999.990,999990,Intel Core i7 1355U,3,16gb,16.0,Windows 11 Home,1.0,Mercado Libre,3
1 TB,1024.0,2026-05-02 17:33:39,e-commerce,"MacBook Pro de 16 pulgadas: chip Apple M5 Pro con CPU de 18 núcleos y GPU de 20 núcleos, 24 GB, SSD de 1 TB - Plateado - Distribuidor Autorizado",LG,9.0,3.069.990,3069990,Apple Chip M5 M5 PRO,5,24 GB,24.0,macOS,4.0,Mercado Libre,3
2 TB,2048.0,2026-05-02 17:50:07,e-commerce,"MacBook Pro de 16 pulgadas: chip Apple M5 Max con CPU de 18 núcleos y GPU de 32 núcleos, 36 GB, SSD de 2 TB - Negro espacial - Distribuidor Autorizado",LG,9.0,4.499.990,4499990,Apple Chip M5 M5 Max,5,36 GB,36.0,macOS,4.0,Mercado Libre,3
2 TB,2048.0,2026-05-02 17:51:44,e-commerce,"MacBook Pro de 16 pulgadas: chip Apple M5 Max con CPU de 18 núcleos y GPU de 40 núcleos, 48 GB, SSD de 2 TB - Negro espacial - Distribuidor Autorizado",LG,9.0,4.999.990,4999990,Apple Chip M5 M5 Max,5,48 GB,48.0,macOS,4.0,Mercado Libre,3
SSD 1 TB,1024.0,2026-05-02 15:47:40,comercio electrónico,Dynabook Portege X40L-M,Dynabook,11.0,1899990,1899990,Intel Core Ultra 7 165H (3800 MHz - 5000 MHz),0,32 GB LPDDR5X (6400 MHz),32.0,Windows 11 Pro,0.0,SoloTodo,0
SSD 1 TB,1024.0,2026-05-02 15:47:45,comercio electrónico,Dynabook Tecra A40-M,Dynabook,11.0,1149990,1149990,Intel Core Ultra 7 155U (3800 MHz - 4800 MHz),0,32 GB DDR5 (5600 MHz),32.0,Windows 11 Pro,0.0,SoloTodo,0
512gb,512.0,2026-05-02 18:22:34,e-commerce,Macbook Pro 16 M1 Pro 16gb 512gb Ssd Semi Nuevo / Garantia (Reacondicionado),Apple,4.0,2.299.990,2299990,Apple Chip M1 Pro,5,16gb,16.0,macOS,4.0,Mercado Libre,3
256 GB,256.0,2026-05-02 18:22:02,e-commerce,Apple MacBook Air 13'' Chip M1 - 8 Gb - Apple Color Gris espacial (Nuevo con caja abierta),Apple,4.0,2.280.112,2280112,Apple Chip M1,5,8 Gb,8.0,macOS,4.0,Mercado Libre,3
SSD 1 TB,1024.0,2026-05-02 15:17:00,comercio electrónico,"Apple MacBook Air 13"" (Early 2026) con chip M5",Apple,4.0,1484732,1484732,Apple M-Series M5 (10-Core CPU / 10-Core GPU) (3000 MHz - 4600 MHz),5,16 GB UMA (0 MHz),16.0,macOS,4.0,SoloTodo,0
SSD 1 TB,1024.0,2026-05-02 16:00:50,comercio electrónico,"Apple MacBook Pro 14"" (Late 2024) con chip M4 Max",Apple,4.0,2799990,2799990,Apple M-Series M4 Max (14-Core CPU / 32-Core GPU) (2600 MHz - 4500 MHz),5,36 GB UMA (0 MHz),36.0,macOS,4.0,SoloTodo,0
512 GB,512.0,2026-05-02 17:08:54,e-commerce,"Apple 2026 Macbook Neo (de 13 Pulgadas, Chip A18 Pro De Apple Con Cpu De 6 Núcleos Y Gpu De 5 Núcleos, 8gb Memoria Unificada, 512 gb) - Índigo - Distribuidor Autorizado",Apple,4.0,749.990,749990,Apple A18 Pro,5,8gb,8.0,macOS,4.0,Mercado Libre,3
512GB,512.0,2026-05-02 16:18:42,e-commerce,"MacBook Neo A18 Pro 8GB RAM 512GB SSD 13"" (Citrus)",Macbook,13.0,749990,749990,Apple A-Series A18 Pro (6-Core CPU / 5-Core GPU) (2424 MHz - 4000 MHz),5,8GB,8.0,macOS,4.0,SoloTodo,0
512GB,512.0,2026-05-02 19:37:03,e-commerce,MacBook Air 13.6/ M2 8C/ GPU 10C/ 24GB RAM/ 512GB Medianoche (SKU: Z1HN0CI/A),Apple,4.0,$ 989.990,989990,M2 8C,5,24GB,24.0,macOS,4.0,TECNOMAS,15
1tb,1024.0,2026-05-02 18:28:46,e-commerce,Apple Macbook Pro 16 Core I9 16gb Ram 1tb Ssd (2019) (Reacondicionado),Apple,4.0,2.199.990,2199990,Core i9 Intel Core,0,16gb,16.0,macOS,4.0,Mercado Libre,3
512gb,512.0,2026-05-02 18:30:06,e-commerce,"Macbook Pro A2141 16gb Ram, Intel I7, 512gb Ssd, (Reacondicionado)",Apple,4.0,599.990,599990,Intel I7,3,16gb,16.0,macOS,4.0,Mercado Libre,3
512GB SSD,512.0,2026-05-02 19:41:40,e-commerce,Apple MacBook Pro M1,Apple,4.0,$649.990,649990,Apple M1,5,8GB,8.0,macOS,4.0,SMARTDEAL,4
512 GB,512.0,2026-05-02 17:09:06,e-commerce,"Apple MacBook Air 13.6"" (Early 2024) - Chip M3, 16 GB RAM, 512 GB SSD, Midnight",Apple,4.0,1764990,1764990,Apple M-Series M3 (8-Core CPU / 10-Core GPU) (100 MHz),5,16 GB,16.0,macOS,4.0,SoloTodo,0
256gb,256.0,2026-05-02 18:29:04,e-commerce,Surface Laptop Touch Snapdragon X Plus 256gb Ssd 16gb Ddr5 Color Plateado,Microsoft,18.0,3.292.990,3292990,"Qualcomm Snapdragon® X Plus, X1P-64-100",0,16gb,16.0,Windows 11 Home,1.0,Mercado Libre,3
512GB,512.0,2026-05-02 14:59:18,comercio electrónico,"Apple MacBook Pro 13"" (2020) Intel Core i5 / 16GB / 512GB SSD - Space Gray (Modelo MWP42CI/A)",Apple,4.0,429990,429990,Intel Core i5,2,16GB,16.0,macOS,4.0,SoloTodo,0
256GB,256.0,2026-05-02 14:50:20,comercio electrónico,"Apple MacBook Neo 13"" (Early 2026) - Chip A18 Pro, 8GB RAM, 256GB SSD, Índigo",Apple,4.0,649990,649990,Apple A-Series A18 Pro (6-Core CPU / 5-Core GPU) (2424 MHz - 4000 MHz),5,8GB,8.0,macOS,4.0,SoloTodo,0
1 TB,1024.0,2026-05-02 17:22:10,e-commerce,"Apple 2025 MacBook Pro (de 14 pulgadas, Chip M5 de Apple con CPU de 10 núcleos y GPU de 10 núcleos, 16GB Memoria unificada, 1 TB) - Negro espacial - Distribuidor Autorizado",Apple,4.0,2.229.990,2229990,Apple M5,5,16GB,16.0,macOS,4.0,Mercado Libre,3
256 GB,256.0,2026-05-02 17:25:30,e-commerce,Apple MacBook Air 13'' Chip M1 - 8 Gb - Apple Color Gris espacial,Apple,4.0,999.990,999990,Apple Chip M1,5,8 Gb,8.0,macOS,4.0,Mercado Libre,3
1 TB,1024.0,2026-05-02 15:26:40,comercio electrónico,"Apple MacBook Pro 14"" (Late 2024) con chip M4, 24 GB RAM, 1 TB SSD - Negro Espacial",Apple,4.0,1999990,1999990,Apple M-Series M4 (10-Core CPU / 10-Core GPU) (2900 MHz - 4400 MHz),5,24 GB,24.0,macOS,4.0,SoloTodo,0
256 GB,256.0,2026-05-02 17:10:01,e-commerce,"Apple 2026 Macbook Neo (de 13 Pulgadas, Chip A18 Pro De Apple Con Cpu De 6 Núcleos Y Gpu De 5 Núcleos, 8gb Memoria Unificada, 256 gb) - Amarillo Cítrico - Distribuidor Autorizado",Apple,4.0,649.990,649990,Apple A18 Pro,5,8gb,8.0,macOS,4.0,Mercado Libre,3
512 GB,512.0,2026-05-02 17:34:09,e-commerce,"Macbook Pro 14,2 "" Chip M4 24gb Ram 512gb A3401 Apple - Distribuidor Autorizado",Apple,4.0,2.289.990,2289990,Apple 10-Core M4,5,24gb,24.0,macOS,4.0,Mercado Libre,3
512 GB,512.0,2026-05-02 17:09:40,e-commerce,"Apple 2026 Macbook Neo (de 13 Pulgadas, Chip A18 Pro De Apple Con Cpu De 6 Núcleos Y Gpu De 5 Núcleos, 8gb Memoria Unificada, 512 gb) - Color Plata - Distribuidor Autorizado",Apple,4.0,749.990,749990,Apple A18 Pro,5,8gb,8.0,macOS,4.0,Mercado Libre,3
128GB,128.0,2026-05-02 18:41:45,e-commerce,"MacBook Air A1466 Plata 13.3"" Intel Core i5 5350U 8GB de RAM 128GB SSD HD Graphics 6000 1440x900px macOS - Aceptable (Reacondicionado)",Apple,4.0,200.000,200000,Intel Core i5,2,8GB,8.0,macOS,4.0,Mercado Libre,3
512GB,512.0,2026-05-02 19:36:27,e-commerce,"MacBook Pro 13"" con Touch Bar Intel Core i5 2,0 GHz 16GB 512GB SSD Spa...",Apple,4.0,879990,879990,Intel Core i5,2,16GB,16.0,Otro,3.0,PC Factory,5
1 TB,1024.0,2026-05-02 18:57:40,e-commerce,"Apple MacBook Air 15"" (Early 2026) con chip M5, 16 GB RAM, 1 TB SSD - Midnight",Apple,4.0,1729990,1729990,Apple M-Series M5 (10-Core CPU / 10-Core GPU) (3000 MHz - 4600 MHz),5,16 GB,16.0,macOS,4.0,SoloTodo,0
2 TB,2048.0,2026-05-02 19:21:08,e-commerce,"Apple MacBook Pro 14"" (Late 2023) con chip M3 Pro, 36 GB RAM, 2 TB SSD - Space Black",Apple,4.0,2639990,2639990,Apple M-Series M3 Pro (12-Core CPU / 18-Core GPU) (100 MHz),5,36 GB,36.0,macOS,4.0,SoloTodo,0
1 TB,1024.0,2026-05-02 19:29:06,e-commerce,"Apple MacBook Pro 14.2"" (Late 2023) - Chip M3, 16 GB RAM, 1 TB SSD, Plata",Apple,4.0,2154827,2154827,Apple M-Series M3 (8-Core CPU / 10-Core GPU) (100 MHz),5,16 GB,16.0,macOS,4.0,SoloTodo,0
128GB,128.0,2026-05-02 17:44:16,e-commerce,"MacBook Air A1466 Plata 13.3"" Intel Core i5 5350U 8GB de RAM 128GB SSD HD Graphics 6000 1440x900px macOS - Excelente (Reacondicionado)",Apple,4.0,170.879,170879,Intel Core i5,2,8GB,8.0,macOS,4.0,Mercado Libre,3
512 GB,512.0,2026-05-02 17:03:14,e-commerce,"Apple MacBook Pro 16"" (Late 2024) con chip M4 Pro, 48 GB RAM, 512 GB SSD - Plata",Apple,4.0,3399990,3399990,Apple M-Series M4 Pro (14-Core CPU / 20-Core GPU) (2600 MHz - 4500 MHz),5,48 GB,48.0,macOS,4.0,SoloTodo,0
512 GB,512.0,2026-05-02 14:58:46,comercio electrónico,"Apple MacBook Neo 13 (Early 2026) – Chip A18 Pro, 8 GB RAM, 512 GB SSD, Índigo",Apple,4.0,739328,739328,Apple A-Series A18 Pro (6-Core CPU / 5-Core GPU) (2424 MHz - 4000 MHz),5,8 GB,8.0,macOS,4.0,SoloTodo,0
1 TB,1024.0,2026-05-02 15:37:48,comercio electrónico,"Apple MacBook Pro 14"" (Late 2024) con Chip M4 Pro, 24 GB RAM, 1 TB SSD - Plata",Apple,4.0,2499990,2499990,Apple M-Series M4 Pro (14-Core CPU / 20-Core GPU) (2600 MHz - 4500 MHz),5,24 GB,24.0,macOS,4.0,SoloTodo,0
1 TB,1024.0,2026-05-02 15:33:28,comercio electrónico,"Apple MacBook Pro 14"" (Late 2025) con chip M5, 32 GB RAM, 1 TB SSD - Space Black",Apple,4.0,2349990,2349990,Apple M-Series M5 (10-Core CPU / 10-Core GPU) (3000 MHz - 4600 MHz),5,32 GB,32.0,macOS,4.0,SoloTodo,0
512 GB,512.0,2026-05-02 14:45:16,comercio electrónico,"Apple MacBook Air 13.6"" (Early 2026) con chip M5, 16 GB RAM, 512 GB SSD - Plata",Apple,4.0,1196990,1196990,Apple M-Series M5 (10-Core CPU / 8-Core GPU) (3000 MHz - 4600 MHz),5,16 GB,16.0,macOS,4.0,SoloTodo,0
2 TB,2048.0,2026-05-02 18:59:01,e-commerce,"Apple MacBook Pro 16"" (Early 2026) - Chip M5 Max, 36 GB RAM, 2 TB SSD, Plata",Apple,4.0,4105990,4105990,Apple M-Series M5 Max (18-Core CPU / 32-Core GPU) (3000 MHz - 4600 MHz),5,36 GB,36.0,macOS,4.0,SoloTodo,0
256GB,256.0,2026-05-02 15:53:34,comercio electrónico,"Apple MacBook Air 13.6"" (Early 2025) con chip M4, 16GB RAM, 256GB SSD - Color Medianoche",Apple,4.0,1199995,1199995,Apple M-Series M4 (10-Core CPU / 8-Core GPU) (2900 MHz - 4400 MHz),5,16GB,16.0,macOS,4.0,SoloTodo,0
512 GB,512.0,2026-05-02 14:50:15,comercio electrónico,"Apple MacBook Air 15"" (Early 2026) con chip M5, 16 GB RAM, 512 GB SSD - Midnight",Apple,4.0,1382990,1382990,Apple M-Series M5 (10-Core CPU / 10-Core GPU) (3000 MHz - 4600 MHz),5,16 GB,16.0,macOS,4.0,SoloTodo,0
512 GB SSD,512.0,2026-05-02 19:42:55,e-commerce,Apple MacBook Pro,Apple,4.0,$649.990,649990,Intel Core i9-9980HK,7,16 GB DDR4,16.0,macOS,4.0,SMARTDEAL,4
512GB,512.0,2026-05-02 17:57:18,e-commerce,"MacBook Pro 16.2"" color gris espacial 16GB de Ram 512GB SSD Apple M1 - Excelente (Reacondicionado)",Apple,4.0,1.299.000,1299000,Apple M1 ,5,16GB,16.0,macOS,4.0,Mercado Libre,3
1 TB SSD,1024.0,2026-05-02 19:41:06,e-commerce,Apple MacBook Pro,Apple,4.0,$749.990,749990,Intel Core i9-9880H,7,32 GB DDR4,32.0,macOS,4.0,SMARTDEAL,4
512GB,512.0,2026-05-02 19:35:55,e-commerce,"MacBook Air 13.6"" (Chip M5 CPU 10 núcleos GPU 8 núcleos, 16GB RAM, 512GB...",Apple,4.0,1129990,1129990,Chip M5,0,16GB,16.0,Otro,3.0,PC Factory,5
256GB,256.0,2026-05-02 15:13:25,comercio electrónico,"Apple MacBook Neo (Early 2026) - 13"" Liquid Retina, Chip A18 Pro, 8GB RAM, 256GB SSD, Blush",Apple,4.0,649990,649990,Apple A-Series A18 Pro (6-Core CPU / 5-Core GPU) (2424 MHz - 4000 MHz),5,8GB,8.0,macOS,4.0,SoloTodo,0
512 GB,512.0,2026-05-02 15:16:21,comercio electrónico,"Apple MacBook Air 13"" (Early 2026) - Chip M5, 16 GB RAM, 512 GB SSD, Azul Cielo",Apple,4.0,1249990,1249990,Apple M-Series M5 (10-Core CPU / 8-Core GPU) (3000 MHz - 4600 MHz),5,16 GB,16.0,macOS,4.0,SoloTodo,0
512 GB,512.0,2026-05-02 15:55:12,comercio electrónico,"Apple MacBook Air 13"" (Early 2026) con chip M5, 16 GB RAM y 512 GB SSD - Midnight",Apple,4.0,1249990,1249990,Apple M-Series M5 (10-Core CPU / 8-Core GPU) (3000 MHz - 4600 MHz),5,16 GB,16.0,macOS,4.0,SoloTodo,0
1 TB,1024.0,2026-05-02 18:56:20,e-commerce,"Apple MacBook Pro 14"" (Early 2026) - Chip M5 Pro, 24 GB RAM, 1 TB SSD, Space Black",Apple,4.0,2459990,2459990,Apple M-Series M5 Pro (15-Core CPU / 16-Core GPU) (3000 MHz - 4600 MHz),5,24 GB,24.0,macOS,4.0,SoloTodo,0
1 TB,1024.0,2026-05-02 15:11:22,comercio electrónico,"Apple MacBook Pro 14"" (Late 2025) con chip M5, 16 GB RAM, 1 TB SSD - Plata",Apple,4.0,1899990,1899990,Apple M-Series M5 (10-Core CPU / 10-Core GPU) (3000 MHz - 4600 MHz),5,16 GB,16.0,macOS,4.0,SoloTodo,0
1 TB,1024.0,2026-05-02 15:32:35,comercio electrónico,"Apple MacBook Pro 14"" (Late 2025) con chip M5, 24 GB RAM, 1 TB SSD - Plata",Apple,4.0,2099990,2099990,Apple M-Series M5 (10-Core CPU / 10-Core GPU) (3000 MHz - 4600 MHz),5,24 GB,24.0,macOS,4.0,SoloTodo,0
512 GB,512.0,2026-05-02 15:50:22,comercio electrónico,"Apple MacBook Air 13"" (Early 2026) con chip M5, 16 GB RAM, 512 GB SSD - Starlight",Apple,4.0,1249990,1249990,Apple M-Series M5 (10-Core CPU / 8-Core GPU) (3000 MHz - 4600 MHz),5,16 GB,16.0,macOS,4.0,SoloTodo,0
256GB SSD,256.0,2026-05-02 19:42:38,e-commerce,Apple Macbook Pro 2020 M1,Apple,4.0,$849.990,849990,Apple M1 Chip 8-core CPU (4 performance cores + 4 efficiency cores),5,8GB,8.0,macOS,4.0,SMARTDEAL,4
1 TB,1024.0,2026-05-02 18:46:22,e-commerce,"Apple MacBook Air 13"" (Early 2026) con chip M5, 24 GB RAM, 1 TB SSD - Plata",Apple,4.0,1799990,1799990,Apple M-Series M5 (10-Core CPU / 10-Core GPU) (3000 MHz - 4600 MHz),5,24 GB,24.0,macOS,4.0,SoloTodo,0
256 GB,256.0,2026-05-02 17:10:51,e-commerce,"Apple 2026 Macbook Neo (de 13 Pulgadas, Chip A16 Pro De Apple Con Cpu De 6 Núcleos Y Gpu De 5 Núcleos, 8gb Memoria Unificada, 256 gb) - Color Plata - Distribuidor Autorizado",Apple,4.0,649.990,649990,Apple A18 Pro,5,8gb,8.0,macOS,4.0,Mercado Libre,3
512 GB,512.0,2026-05-02 15:12:39,comercio electrónico,"Apple MacBook Air 13.6"" (Early 2025) con chip M4, 16 GB RAM, 512 GB SSD – Sky Blue",Apple,4.0,1039990,1039990,Apple M-Series M4 (10-Core CPU / 10-Core GPU) (2900 MHz - 4400 MHz),5,16 GB,16.0,macOS,4.0,SoloTodo,0
512 GB,512.0,2026-05-02 14:57:14,comercio electrónico,"Apple MacBook Pro 14"" (Late 2025) con chip M5, 16 GB RAM, 512 GB SSD - Negro Espacial",Apple,4.0,1754990,1754990,Apple M-Series M5 (10-Core CPU / 10-Core GPU) (3000 MHz - 4600 MHz),5,16 GB,16.0,macOS,4.0,SoloTodo,0
512 GB,512.0,2026-05-02 14:46:17,comercio electrónico,"Apple MacBook Air 13"" (Early 2025) con chip M4, 16 GB RAM, 512 GB SSD – Color Medianoche",Apple,4.0,1129990,1129990,Apple M-Series M4 (10-Core CPU / 10-Core GPU) (2900 MHz - 4400 MHz),5,16 GB,16.0,macOS,4.0,SoloTodo,0
1 TB,1024.0,2026-05-02 15:52:06,comercio electrónico,"Apple MacBook Pro 16"" (Early 2026) - M5 Pro, 24 GB RAM, 1 TB SSD, Negro Espacial",Apple,4.0,2999990,2999990,Apple M-Series M5 Pro (18-Core CPU / 20-Core GPU) (3000 MHz - 4600 MHz),5,24 GB,24.0,macOS,4.0,SoloTodo,0
512 Gb,512.0,2026-05-02 17:18:13,e-commerce,Apple MacBook Air De 13 Chip M2 512 Gb Ssd Gris Espacial Gris Espacial,Apple,4.0,1.299.990,1299990,Apple M2,5,8 GB,8.0,macOS,4.0,Mercado Libre,3
SSD 512 GB,512.0,2026-05-02 14:48:32,comercio electrónico,Apple MacBook Neo (Early 2026) - Silver,Apple,4.0,739328,739328,Apple A-Series A18 Pro (6-Core CPU / 5-Core GPU) (2424 MHz - 4000 MHz),5,8 GB UMA (0 MHz),8.0,macOS,4.0,SoloTodo,0
1 TB,1024.0,2026-05-02 18:55:40,e-commerce,"Apple MacBook Pro 16"" (Early 2026) - M5 Pro, 48 GB RAM, 1 TB SSD, Space Black",Apple,4.0,3464066,3464066,Apple M-Series M5 Pro (18-Core CPU / 20-Core GPU) (3000 MHz - 4600 MHz),5,48 GB,48.0,macOS,4.0,SoloTodo,0
2 TB,2048.0,2026-05-02 18:56:33,e-commerce,"Apple MacBook Pro 16"" (Early 2026) - M5 Max, 36 GB RAM, 2 TB SSD, Space Black",Apple,4.0,4196990,4196990,Apple M-Series M5 Max (18-Core CPU / 32-Core GPU) (3000 MHz - 4600 MHz),5,36 GB,36.0,macOS,4.0,SoloTodo,0
256 GB,256.0,2026-05-02 17:08:25,e-commerce,"Apple 2026 Macbook Neo (de 13 Pulgadas, Chip A16 Pro De Apple Con Cpu De 6 Núcleos Y Gpu De 5 Núcleos, 8gb Memoria Unificada, 256 gb) - Rosa Rubor - Distribuidor Autorizado",Apple,4.0,649.990,649990,Apple A18 Pro,5,8gb,8.0,macOS,4.0,Mercado Libre,3
256 GB,256.0,2026-05-02 19:05:59,e-commerce,"Apple MacBook Air 15"" (Early 2025) con chip M4, 16 GB RAM, 256 GB SSD - Midnight",Apple,4.0,1189990,1189990,Apple M-Series M4 (10-Core CPU / 10-Core GPU) (2900 MHz - 4400 MHz),5,16 GB,16.0,macOS,4.0,SoloTodo,0
HDD 500 GB (5400rpm),500.0,2026-05-02 16:07:37,comercio electrónico,Apple MacBook Pro MD101LL/A (Mid 2012) - Reacondicionado,Apple,4.0,279000,279000,Intel Core i5-3210M (2500 MHz - 3100 MHz),2,4 GB DDR3 (1600 MHz),4.0,macOS,4.0,SoloTodo,0
SSD 512 GB,512.0,2026-05-02 15:39:12,comercio electrónico,"Apple MacBook Air 15"" (Early 2025) con Apple Silicon M4",Apple,4.0,1499990,1499990,Apple M-Series M4 (10-Core CPU / 10-Core GPU) (2900 MHz - 4400 MHz),5,16 GB UMA (0 MHz),16.0,macOS,4.0,SoloTodo,0
1TB SSD,1024.0,2026-05-02 19:43:08,e-commerce,Apple MacBook Pro,Apple,4.0,$649.990,649990,Intel Core i9-9980H,7,16 GB DDR4,16.0,macOS,4.0,SMARTDEAL,4
256GB SSD,256.0,2026-05-02 19:38:53,e-commerce,Apple MacBook Air M1,Apple,4.0,$549.990,549990,Apple M1,5,8GB,8.0,macOS,4.0,SMARTDEAL,4
121gb,121.0,2026-05-02 18:24:20,e-commerce,"Apple Macbook Air I7, Retina 13 , 8gb Ram, 121gb Ssd (Reacondicionado)",Apple,4.0,199.900,199900,Core i5 Intel,0,8gb,8.0,macOS,4.0,Mercado Libre,3
512 GB,512.0,2026-05-02 16:11:44,comercio electrónico,"Apple MacBook Air 15"" (Early 2025) con chip M4, 16 GB RAM, 512 GB SSD – Color Medianoche",Apple,4.0,1664990,1664990,Apple M-Series M4 (10-Core CPU / 10-Core GPU) (2900 MHz - 4400 MHz),5,16 GB,16.0,macOS,4.0,SoloTodo,0
SSD 256 GB,256.0,2026-05-02 15:53:39,comercio electrónico,Apple MacBook Neo (Early 2026) - Silver,Apple,4.0,649990,649990,Apple A-Series A18 Pro (6-Core CPU / 5-Core GPU) (2424 MHz - 4000 MHz),5,8 GB UMA (0 MHz),8.0,macOS,4.0,SoloTodo,0
256 GB,256.0,2026-05-02 15:04:41,comercio electrónico,"Apple MacBook Air 13.6"" (Early 2025) con chip M4, 16 GB RAM, 256 GB SSD – Sky Blue",Apple,4.0,979990,979990,Apple M-Series M4 (10-Core CPU / 8-Core GPU) (2900 MHz - 4400 MHz),5,16 GB,16.0,macOS,4.0,SoloTodo,0
1 TB,1024.0,2026-05-02 17:49:27,e-commerce,"Apple MacBook Pro Retina 16, 16 GB, SSD de 1 TB, barra táctil - Excelente (Reacondicionado)",Apple,4.0,788.400,788400,Intel,0,16 GB,16.0,macOS,4.0,Mercado Libre,3
1 TB,1024.0,2026-05-02 18:29:21,e-commerce,"Apple MacBook Air 15"" (Early 2026) con Chip M5, 16 GB RAM y 1 TB SSD - Starlight",Apple,4.0,1799990,1799990,Apple M-Series M5 (10-Core CPU / 10-Core GPU) (3000 MHz - 4600 MHz),5,16 GB,16.0,macOS,4.0,SoloTodo,0
512 GB,512.0,2026-05-02 14:45:48,comercio electrónico,"Apple MacBook Air 13.6"" (2022) con Chip M2, 24 GB RAM, 512 GB SSD – Color Midnight",Apple,4.0,989990,989990,Apple M-Series M2 10-Core GPU (2424 MHz - 3480 MHz),5,24 GB,24.0,macOS,4.0,SoloTodo,0
1 TB,1024.0,2026-05-02 15:50:28,comercio electrónico,"Apple MacBook Pro 14"" (2024) - Chip M4 Pro, 24 GB RAM, 1 TB SSD, Negro Espacial",Apple,4.0,2499990,2499990,Apple M-Series M4 Pro (14-Core CPU / 20-Core GPU) (2600 MHz - 4500 MHz),5,24 GB,24.0,macOS,4.0,SoloTodo,0
512 GB,512.0,2026-05-02 17:59:20,e-commerce,Apple MacBook Pro 16 Mk183e/a M1 Pro 16gb 512gb Mac Os 2021 - Excelente (Reacondicionado),Apple,4.0,1.179.197,1179197,Apple M1 Pro,5,16gb,16.0,macOS,4.0,Mercado Libre,3
256 GB,256.0,2026-05-02 17:08:44,e-commerce,"Apple 2026 Macbook Neo (de 13 Pulgadas, Chip A18 Pro De Apple Con Cpu De 6 Núcleos Y Gpu De 5 Núcleos, 8gb Memoria Unificada, 256 gb) - Índigo - Distribuidor Autorizado",Apple,4.0,649.990,649990,Apple A18 Pro,5,8gb,8.0,macOS,4.0,Mercado Libre,3
256GB SSD,256.0,2026-05-02 19:39:43,e-commerce,Apple MacBook Air M1,Apple,4.0,$649.990,649990,Apple M1,5,16GB,16.0,macOS,4.0,SMARTDEAL,4
512 GB,512.0,2026-05-02 17:14:12,e-commerce,"Apple 2026 Macbook Neo (de 13 Pulgadas, Chip A18 Pro De Apple Con Cpu De 6 Núcleos Y Gpu De 5 Núcleos, 8gb Memoria Unificada, 512 gb) - Amarillo Cítrico - Distribuidor Autorizado",Apple,4.0,749.990,749990,Apple A18 Pro,5,8gb,8.0,macOS,4.0,Mercado Libre,3
1 TB,1024.0,2026-05-02 14:58:18,comercio electrónico,"Apple MacBook Air 13"" (Early 2026) con Chip M5, 16 GB RAM y 1 TB SSD - Plata",Apple,4.0,1411990,1411990,Apple M-Series M5 (10-Core CPU / 10-Core GPU) (3000 MHz - 4600 MHz),5,16 GB,16.0,macOS,4.0,SoloTodo,0
1 TB,1024.0,2026-05-02 19:28:52,e-commerce,"Apple MacBook Pro 16"" (Late 2024) con chip M4 Max, 48 GB RAM, 1 TB SSD – Plata",Apple,4.0,4442329,4442329,Apple M-Series M4 (10-Core CPU / 10-Core GPU) (2900 MHz - 4400 MHz),5,48 GB,48.0,macOS,4.0,SoloTodo,0
2 TB,2048.0,2026-05-02 18:56:06,e-commerce,"Apple MacBook Pro 14"" (Early 2026) - M5 Max, 36 GB RAM, 2 TB SSD, Space Black",Apple,4.0,3705990,3705990,Apple M-Series M5 Max (18-Core CPU / 32-Core GPU) (3000 MHz - 4600 MHz),5,36 GB,36.0,macOS,4.0,SoloTodo,0
2 TB,2048.0,2026-05-02 18:56:48,e-commerce,"Apple MacBook Pro 14"" (Early 2026) con Chip M5 Pro, 24 GB RAM, 2 TB SSD - Negro Espacial",Apple,4.0,2999990,2999990,Apple M-Series M5 Pro (18-Core CPU / 20-Core GPU) (3000 MHz - 4600 MHz),5,24 GB,24.0,macOS,4.0,SoloTodo,0
512 GB,512.0,2026-05-02 17:03:01,e-commerce,"Apple MacBook Pro 16"" (Late 2024) con chip M4 Pro, 24 GB RAM, 512 GB SSD - Plata",Apple,4.0,2799990,2799990,Apple M-Series M4 Pro (14-Core CPU / 20-Core GPU) (2600 MHz - 4500 MHz),5,24 GB,24.0,macOS,4.0,SoloTodo,0
256 GB,256.0,2026-05-02 15:28:18,comercio electrónico,"Apple MacBook Air 15"" (2023) con chip M2, 8 GB RAM y 256 GB SSD - Silver",Apple,4.0,959990,959990,Apple M-Series M2 10-Core GPU (2424 MHz - 3480 MHz),5,8 GB,8.0,macOS,4.0,SoloTodo,0
512 GB,512.0,2026-05-02 16:19:08,e-commerce,"Apple MacBook Air 13"" (Early 2025) - Chip M4, 24 GB RAM, 512 GB SSD, Plata",Apple,4.0,1479990,1479990,Apple M-Series M4 (10-Core CPU / 10-Core GPU) (2900 MHz - 4400 MHz),5,24 GB,24.0,macOS,4.0,SoloTodo,0
SSD 1 TB,1024.0,2026-05-02 16:09:44,comercio electrónico,"Apple MacBook Pro 14"" (Late 2024) con Apple Silicon M4 Pro",Apple,4.0,3494010,3494010,Apple M-Series M4 Pro (14-Core CPU / 20-Core GPU) (2600 MHz - 4500 MHz),5,48 GB UMA (0 MHz),48.0,macOS,4.0,SoloTodo,0
512gb,512.0,2026-05-02 18:27:06,e-commerce,Macbook Pro 16 2019 I7 16gb Ram 512gb Ssd A2141 Garantía (Reacondicionado),Apple,4.0,668.000,668000,Intel Core i7 9750H,3,16gb,16.0,macOS,4.0,Mercado Libre,3
512 GB,512.0,2026-05-02 15:49:53,comercio electrónico,"Apple MacBook Pro 16"" (Late 2024) - Chip M4 Pro, 24 GB RAM, 512 GB SSD, Space Black",Apple,4.0,2399000,2399000,Apple M-Series M4 Pro (14-Core CPU / 20-Core GPU) (2600 MHz - 4500 MHz),5,24 GB,24.0,macOS,4.0,SoloTodo,0
1 TB,1024.0,2026-05-02 18:58:08,e-commerce,"Apple MacBook Pro 14"" (Late 2025) con chip M5, 32 GB RAM y 1 TB SSD - Plata",Apple,4.0,2449990,2449990,Apple M-Series M5 (10-Core CPU / 10-Core GPU) (3000 MHz - 4600 MHz),5,32 GB,32.0,macOS,4.0,SoloTodo,0
1 TB,1024.0,2026-05-02 17:43:36,e-commerce,"Apple MacBook Pro A2141 Gris espacial 16"" 3072 px x 1920 px Intel 9880H AMD Radeon Pro 5500M 16GB de Ram - Excelente (Reacondicionado)",Apple,4.0,776.732,776732,Intel Core i9 9880H,7,16GB,16.0,macOS,4.0,Mercado Libre,3
2 TB,2048.0,2026-05-02 18:58:47,e-commerce,"Apple MacBook Pro 16"" (Early 2026) - M5 Max, 48 GB RAM, 2 TB SSD, Plata",Apple,4.0,4561990,4561990,Apple M-Series M5 Max (18-Core CPU / 40-Core GPU) (3000 MHz - 4600 MHz),5,48 GB,48.0,macOS,4.0,SoloTodo,0
512GB SSD,512.0,2026-05-02 19:41:13,e-commerce,Apple MacBook Pro M1,Apple,4.0,$699.990,699990,Apple M1,5,8GB,8.0,macOS,4.0,SMARTDEAL,4
1 TB,1024.0,2026-05-02 17:48:26,e-commerce,Apple MacBook Pro 16 pulgadas Intel Core i9 1 TB de SSD 16 GB de RAM AMD Radeon Pro 5500M Plata - Excelente (Reacondicionado),Apple,4.0,786.900,786900,Intel Core i9,7,16 GB,16.0,macOS,4.0,Mercado Libre,3
256 GB,256.0,2026-05-02 14:44:34,comercio electrónico,"Apple MacBook Neo 13"" (Chip A18 Pro, 8 GB RAM, 256 GB SSD, Amarillo Cítrico)",Apple,4.0,619990,619990,Apple A-Series A18 Pro (6-Core CPU / 5-Core GPU) (2424 MHz - 4000 MHz),5,8 GB,8.0,macOS,4.0,SoloTodo,0
512 GB,512.0,2026-05-02 17:56:48,e-commerce,"Apple MacBook Pro A2141 Gris espacial 16"" 3072 px x 1920 px Intel 9750H AMD Radeon Pro 5500M 16GB de Ram - Excelente (Reacondicionado)",Apple,4.0,699.990,699990,Intel Core i7 9750H,3,16GB,16.0,macOS,4.0,Mercado Libre,3
512 GB,512.0,2026-05-02 14:55:15,comercio electrónico,"Apple MacBook Neo 13"" (Early 2026) – Chip A18 Pro, 8 GB RAM, 512 GB SSD, Blush",Apple,4.0,742844,742844,Apple A-Series A18 Pro (6-Core CPU / 5-Core GPU) (2424 MHz - 4000 MHz),5,8 GB,8.0,macOS,4.0,SoloTodo,0
SSD 1 TB,1024.0,2026-05-02 15:04:51,comercio electrónico,"Apple MacBook Air 13"" (Early 2026) con Chip M5",Apple,4.0,1732028,1732028,Apple M-Series M5 (10-Core CPU / 10-Core GPU) (3000 MHz - 4600 MHz),5,24 GB UMA (0 MHz),24.0,macOS,4.0,SoloTodo,0
512GB,512.0,2026-05-02 15:18:20,comercio electrónico,"Apple MacBook Pro 16"" (Late 2019) i7-9750H / 16GB / 512GB SSD - Space Gray",Apple,4.0,729990,729990,Intel Core i7-9750H (2600 MHz - 4500 MHz),3,16GB,16.0,macOS,4.0,SoloTodo,0
SSD 256 GB,256.0,2026-05-02 15:52:31,comercio electrónico,"Apple MacBook Pro 15"" (Mid 2018) - i7-8750H / 16 GB / 256 GB / Space Gray",Apple,4.0,499990,499990,Intel Core i7-8750H (2200 MHz - 4100 MHz),3,16 GB,16.0,macOS,4.0,SoloTodo,0
256GB SSD,256.0,2026-05-02 19:42:13,e-commerce,Apple MacBook Air M1,Apple,4.0,$599.990,599990,Apple M1,5,16GB,16.0,macOS,4.0,SMARTDEAL,4
1tb,1024.0,2026-05-02 17:57:39,e-commerce,Macbook Pro M5 10c Cpu 10c Gpu 24gb 1tb Ssd Plata Apple,Apple,4.0,2.449.784,2449784,Apple M5,5,24gb,24.0,macOS,4.0,Mercado Libre,3
512 GB SSD,512.0,2026-05-02 19:39:23,e-commerce,Apple MacBook Pro,Apple,4.0,$529.990,529990,Intel Core i7-9750H,3,16 GB DDR4,16.0,macOS,4.0,SMARTDEAL,4
1 TB,1024.0,2026-05-02 19:10:04,e-commerce,"Apple MacBook Pro 14"" (Late 2023) - Chip M3, 16 GB RAM, 1 TB SSD, Gris Espacial",Apple,4.0,1879990,1879990,Apple M-Series M3 (8-Core CPU / 10-Core GPU) (100 MHz),5,16 GB,16.0,macOS,4.0,SoloTodo,0
2 TB,2048.0,2026-05-02 18:55:51,e-commerce,"Apple MacBook Pro 14"" (Early 2026) - Chip M5 Pro, 24 GB RAM, 2 TB SSD, Space Black",Apple,4.0,2784990,2784990,Apple M-Series M5 Pro (15-Core CPU / 16-Core GPU) (3000 MHz - 4600 MHz),5,24 GB,24.0,macOS,4.0,SoloTodo,0
2 TB,2048.0,2026-05-02 19:33:06,e-commerce,"Apple MacBook Pro 14"" (Early 2026) con chip M5 Pro, 24 GB RAM y 2 TB SSD - Plata",Apple,4.0,2827990,2827990,Apple M-Series M5 Pro (18-Core CPU / 20-Core GPU) (3000 MHz - 4600 MHz),5,24 GB,24.0,macOS,4.0,SoloTodo,0
1 TB,1024.0,2026-05-02 14:57:00,comercio electrónico,"Apple MacBook Pro 16"" (Early 2026) con chip M5 Pro, 48 GB RAM, 1 TB SSD - Plata",Apple,4.0,3192990,3192990,Apple M-Series M5 Pro (18-Core CPU / 20-Core GPU) (3000 MHz - 4600 MHz),5,48 GB,48.0,macOS,4.0,SoloTodo,0
256 GB,256.0,2026-05-02 18:07:29,e-commerce,Apple Macbook Air M3 13 Ssd 256gb 16gb Ram,Apple,4.0,1.549.990,1549990,Apple M3,5,16gb,16.0,macOS,4.0,Mercado Libre,3
512 GB,512.0,2026-05-02 19:06:46,e-commerce,"Apple MacBook Air 15"" (Early 2026) con chip M5, 16 GB RAM y 512 GB SSD - Starlight",Apple,4.0,1499990,1499990,Apple M-Series M5 (10-Core CPU / 10-Core GPU) (3000 MHz - 4600 MHz),5,16 GB,16.0,macOS,4.0,SoloTodo,0
SSD 1 TB,1024.0,2026-05-02 15:11:17,comercio electrónico,"Apple MacBook Pro 14"" (Late 2025) con chip M5",Apple,4.0,1999990,1999990,Apple M-Series M5 (10-Core CPU / 10-Core GPU) (3000 MHz - 4600 MHz),5,24 GB UMA (0 MHz),24.0,macOS,4.0,SoloTodo,0
1 TB,1024.0,2026-05-02 15:12:34,comercio electrónico,"Apple MacBook Pro 14"" (2025) con chip M5, 16 GB RAM, 1 TB SSD - Negro Espacial",Apple,4.0,1829990,1829990,Apple M-Series M5 (10-Core CPU / 10-Core GPU) (3000 MHz - 4600 MHz),5,16 GB,16.0,macOS,4.0,SoloTodo,0
512 GB,512.0,2026-05-02 19:09:51,e-commerce,"Apple MacBook Pro 14"" (Chip M4, 16 GB RAM, 512 GB SSD) - Negro Espacial",Apple,4.0,1912670,1912670,Apple M-Series M4 (10-Core CPU / 10-Core GPU) (2900 MHz - 4400 MHz),5,16 GB,16.0,macOS,4.0,SoloTodo,0
256GB,256.0,2026-05-02 15:15:19,comercio electrónico,"Apple MacBook Air (Late 2020) con Apple Silicon M1 - 13.3"" Retina, 8GB RAM, 256GB SSD, Silver",Apple,4.0,699990,699990,Apple M-Series M1 (3200 MHz),5,8GB,8.0,macOS,4.0,SoloTodo,0
512GB,512.0,2026-05-02 16:08:39,comercio electrónico,"Apple MacBook Pro 14"" (2024) con chip M4 Pro, 24GB RAM, 512GB SSD - Silver",Apple,4.0,2349990,2349990,Apple M-Series M4 Pro (12-Core CPU / 16-Core GPU) (2600 MHz - 4500 MHz),5,24GB,24.0,macOS,4.0,SoloTodo,0
1 TB,1024.0,2026-05-02 15:12:58,comercio electrónico,"Apple MacBook Pro 16"" (Early 2026) - M5 Pro, 24 GB RAM, 1 TB SSD, Plata",Apple,4.0,2736990,2736990,Apple M-Series M5 Pro (18-Core CPU / 20-Core GPU) (3000 MHz - 4600 MHz),5,24 GB,24.0,macOS,4.0,SoloTodo,0
SSD 1 TB,1024.0,2026-05-02 14:53:23,comercio electrónico,"Apple MacBook Pro 14"" (Early 2026) – Potencia y rendimiento profesional en un diseño compacto",Apple,4.0,2299990,2299990,Apple M-Series M5 Pro (15-Core CPU / 16-Core GPU) (3000 MHz - 4600 MHz),5,24 GB UMA (0 MHz),24.0,macOS,4.0,SoloTodo,0
512 GB,512.0,2026-05-02 16:13:33,comercio electrónico,"Apple MacBook Air 13"" (Early 2026) con chip M5, 16 GB RAM, 512 GB SSD - Starlight",Apple,4.0,1249990,1249990,Apple M-Series M5 (10-Core CPU / 8-Core GPU) (3000 MHz - 4600 MHz),5,16 GB,16.0,macOS,4.0,SoloTodo,0
512GB,512.0,2026-05-02 19:36:11,e-commerce,"Macbook Pro 16"" Chip M4 Pro 24GB RAM 512GB SSD Space Black",Apple,4.0,1289990,1289990,Chip M4 Pro,0,24GB,24.0,Otro,3.0,PC Factory,5
512GB SSD,512.0,2026-05-02 19:38:36,e-commerce,Apple MacBook Air M1,Apple,4.0,$549.990,549990,Apple M1,5,8GB,8.0,macOS,4.0,SMARTDEAL,4
256GB SSD,256.0,2026-05-02 19:39:30,e-commerce,Apple MacBook Air M1,Apple,4.0,$549.990,549990,Apple M1,5,8GB,8.0,macOS,4.0,SMARTDEAL,4
1TB,1024.0,2026-05-02 15:10:08,comercio electrónico,"Apple MacBook Pro 16"" (Late 2019) i9-9880H / 1TB SSD / AMD Radeon Pro 5500M (MVVM2LL/A)",Apple,4.0,799990,799990,Intel Core i9-9880H (2300 MHz - 4800 MHz),7,16 GB DDR4 (2666 MHz),16.0,macOS,4.0,SoloTodo,0
512gb,512.0,2026-05-02 18:29:14,e-commerce,Macbook Pro 2015 I5 8gb Ram 512gb Ssd Macos (Reacondicionado),Apple,4.0,399.900,399900,Intel Core i5,2,8gb,8.0,macOS,4.0,Mercado Libre,3
1TB SSD,1024.0,2026-05-02 19:41:58,e-commerce,Apple MacBook Pro,Apple,4.0,$649.990,649990,Intel Core i9-9980H,7,16 GB DDR4,16.0,macOS,4.0,SMARTDEAL,4
512 GB,512.0,2026-05-02 15:01:23,comercio electrónico,"MacBook Air 15"" (Early 2026) con Chip Apple M5, 16 GB RAM y 512 GB SSD - Plata",Apple,4.0,1368990,1368990,Apple M-Series M5 (10-Core CPU / 10-Core GPU) (3000 MHz - 4600 MHz),5,16 GB,16.0,macOS,4.0,SoloTodo,0
SSD 256 GB,256.0,2026-05-02 15:11:40,comercio electrónico,"Apple MacBook Pro 13"" (Late 2020) con chip M1 - Space Gray",Apple,4.0,615000,615000,Apple M-Series M1 (3200 MHz),5,8 GB UMA (0 MHz),8.0,macOS,4.0,SoloTodo,0
SSD 512 GB,512.0,2026-05-02 19:45:57,e-commerce,"Notebook (OPEN BOX) - MSI Modern 15 (B12HW) - Intel Core I7-1255U - RAM 16 GB DDR4 3200 MHZ - SSD 512 GB - Intel Arc A370M (4 GB) - LED 15.6"" (1920x1080) / 60 Hz - Inglés - W11H - Black (MSI-15-B12HW-B-LIQ)",MSI,6.0,$759.995,759995,Intel Core I7-1255U,3,16 GB,16.0,Windows 11,2.0,MYSHOP,13
512GB,512.0,2026-05-02 19:45:49,e-commerce,Notebook MSI Modern 14 I5-1334U 16GB RAM 512GB SSD FreeDOS (Sin S.O),MSI,6.0,$697.990,697990,I5-1334U,0,16GB,16.0,FreeDOS,6.0,TECHRELOAD,12
SSD 512 GB,512.0,2026-05-02 15:22:07,comercio electrónico,"Apple MacBook Air 13"" (Early 2025) con chip M4",Apple,4.0,1499990,1499990,Apple M-Series M4 (10-Core CPU / 10-Core GPU) (2900 MHz - 4400 MHz),5,24 GB UMA (0 MHz),24.0,macOS,4.0,SoloTodo,0
2 TB,2048.0,2026-05-02 16:16:09,e-commerce,"Apple MacBook Pro 16"" (Early 2026) - M5 Max, 48 GB RAM, 2 TB SSD, Space Black",Apple,4.0,4948808,4948808,Apple M-Series M5 Max (18-Core CPU / 40-Core GPU) (3000 MHz - 4600 MHz),5,48 GB,48.0,macOS,4.0,SoloTodo,0
512 GB,512.0,2026-05-02 16:22:02,e-commerce,"Apple MacBook Air 13"" (Early 2026) con chip M5, 16 GB RAM y 512 GB SSD - Midnight",Apple,4.0,1249990,1249990,Apple M-Series M5 (10-Core CPU / 8-Core GPU) (3000 MHz - 4600 MHz),5,16 GB,16.0,macOS,4.0,SoloTodo,0
1TB SSD M.2 2280,1024.0,2026-05-02 19:40:04,e-commerce,Notebook MSI VECTOR A16 HXA8WHG-004 GAMING,MSI,6.0,$1.799.990,1799990,AMD Ryzen 9 8940HX,8,16 GB DDR5,16.0,Windows 11,2.0,SMARTDEAL,4
1tb,1024.0,2026-05-02 12:33:18,e-commerce,"Notebook msi gamer thin a15, ryzen9, 16gb, 1tb ssd, rtx 4060, negro-open box",MSI,6.0,$ 1.199.000,1199000,ryzen9,0,16gb,16.0,Windows 11 Home,1.0,MOXI.CL,16
1TB SSD NVMe Gen4x4,1024.0,2026-05-02 19:41:24,e-commerce,Notebook MSI Vector 16 HX AI A2XWHG-275 GAMING,MSI,6.0,$1.999.990,1999990,Intel Core Ultra 7-255HX,0,16GB (8GB x2),16.0,Windows 11,2.0,SMARTDEAL,4
1TB,1024.0,2026-05-02 20:59:02,e-commerce,"Notebook MSI Creator Z16HX B13, 16"", I7-13700H, 16GB RAM, 1TB SSD, RTX 4060 8GB, W11P",MSI,6.0,2458990,2458990,I7-13700H,0,16GB,16.0,Windows 11 Pro,0.0,TodoClick.cl,2
1TB NVMe SSD PCIe Gen4,1024.0,2026-05-02 19:38:48,e-commerce,Notebook MSI Vector 16 HX A13VHG-439 GAMING,MSI,6.0,$2.199.990,2199990,Intel Core i9-13980HX,7,32GB (16GB x2),32.0,Windows 11,2.0,SMARTDEAL,4
512GB,512.0,2026-05-02 18:27:27,e-commerce,"Notebook Gamer MSI Cyborg 15 Ultra Core 7 240H 16GB 512GB SSD RTX 5060 8GB 15.6""FHD 144Hz W11",MSI,6.0,1.899.990,1899990,Intel Core 7 240H,0,16GB,16.0,Windows 11,2.0,Mercado Libre,3
SSD 512 GB,512.0,2026-05-02 16:04:04,comercio electrónico,MSI Cyborg 15 A13VE-218US,MSI,6.0,1149990,1149990,Intel Core i7-13620H (2400 MHz - 4900 MHz),3,16 GB DDR5 (5200 MHz),16.0,Windows 11 Home,1.0,SoloTodo,0
SSD 1 TB,1024.0,2026-05-02 15:27:20,comercio electrónico,MSI Summit A16 AI+ A3HMTG-014US,MSI,6.0,1390000,1390000,AMD Ryzen AI 9 365 (2000 MHz - 5000 MHz),4,32 GB LPDDR5X (7500 MHz),32.0,Windows 11 Pro,0.0,SoloTodo,0
512GB SSD,512.0,2026-05-02 19:43:22,e-commerce,Notebook MSI Thin 15 B13UC-1000US,MSI,6.0,$ 699.990,699990,Intel Core i5-13420H,2,16 GB,16.0,Windows 11,2.0,PORTATILCHILE,9
1TB NVMe SSD PCIe Gen4,1024.0,2026-05-02 19:41:53,e-commerce,Notebook MSI Vector 16 HX AI A2XWIG-400US,MSI,6.0,$2.999.990,2999990,Intel Core Ultra 9 processor 275HX with Intel AI Boost (NPU),0,16GB (8GB x 2),16.0,Windows 10,5.0,SMARTDEAL,4
SSD 1 TB,1024.0,2026-05-02 16:04:08,comercio electrónico,MSI Summit 16 AI Evo A2HMTG-041US,MSI,6.0,1499000,1499000,Intel Core Ultra 7 255H (4400 MHz - 5100 MHz),0,32 GB LPDDR5 (6400 MHz),32.0,Windows 11 Home,1.0,SoloTodo,0
SSD 1 TB,1024.0,2026-05-02 14:53:14,comercio electrónico,MSI Vector 16 HX AI A2XWIG-660CL,MSI,6.0,2659990,2659990,Intel Core Ultra 9 275HX (2100 MHz - 5400 MHz),0,16 GB DDR5 (6400 MHz),16.0,Windows 11 Home,1.0,SoloTodo,0
SSD 512 GB,512.0,2026-05-02 15:51:48,comercio electrónico,MSI Modern 14 F13MG-635XCL,MSI,6.0,678900,678900,Intel Core i5-1334U (900 MHz - 4600 MHz),2,16 GB DDR4 (3200 MHz),16.0,FreeDOS,6.0,SoloTodo,0
512GB NVMe SSD PCIe Gen4,512.0,2026-05-02 19:38:43,e-commerce,Notebook MSI Cyborg 14 A13VF-018 GAMING,MSI,6.0,$999.990,999990,Intel Core i7-13620H (13th Gen),3,16GB (8GB x2),16.0,Windows 11,2.0,SMARTDEAL,4
SSD 512 GB,512.0,2026-05-02 16:04:57,comercio electrónico,MSI Vector 16 HX AI A2XWHG-660CL,MSI,6.0,2137490,2137490,Intel Core Ultra 7 255HX (2300 MHz - 5200 MHz),0,16 GB DDR5 (5600 MHz),16.0,Windows 11 Home,1.0,SoloTodo,0
SSD 512 GB,512.0,2026-05-02 15:44:03,comercio electrónico,MSI Cyborg A15 AI B2HWFKG-203CL,MSI,6.0,1705240,1705240,AMD Ryzen 7 8845HS (3800 MHz - 5100 MHz),1,16 GB DDR5 (5600 MHz),16.0,Windows 11 Home,1.0,SoloTodo,0
512 GB SSD M.2 NVMe,512.0,2026-05-02 19:40:09,e-commerce,Notebook MSI CYBORG 15 GAMING,MSI,6.0,$1.399.990,1399990,Intel Core 7 240H,0,16 GB DDR5,16.0,Windows 11,2.0,SMARTDEAL,4
SSD 1 TB,1024.0,2026-05-02 14:43:17,comercio electrónico,MSI Vector A16 HX A8WHG-004US,MSI,6.0,1799990,1799990,AMD Ryzen 9 8940HX (2400 MHz - 5300 MHz),4,16 GB DDR5 (5200 MHz),16.0,Windows 11 Home,1.0,SoloTodo,0
512 GB SSD M.2 NVMe,512.0,2026-05-02 19:39:13,e-commerce,Notebook MSI CYBORG 15 GAMING,MSI,6.0,$1.399.990,1399990,Intel Core 7 240H,0,16 GB DDR5,16.0,Windows 11,2.0,SMARTDEAL,4
256GB SSD M.2 PCIe NVMe,256.0,2026-05-02 19:42:18,e-commerce,Notebook Dynabook Toshiba Portege X40-J,Toshiba,19.0,$449.990,449990,Intel Core i5-1135G7 Quad Core,2,16GB DDR4,16.0,Windows 11,2.0,SMARTDEAL,4
SSD 2 TB,2048.0,2026-05-02 15:06:55,comercio electrónico,Gigabyte Aero 16 XE4-73US918HP,Gigabyte,10.0,1149990,1149990,Intel Core i7-12700H (1700 MHz - 4700 MHz),3,16 GB DDR5 (4800 MHz),16.0,Windows 11 Pro,0.0,SoloTodo,0
1tb,1024.0,2026-05-02 18:27:36,e-commerce,Msi Vector Amd Ryzen 9 Rtx 5070ti 16gb 1tb Ssd 240hz 16,MSI,6.0,1.949.990,1949990,Ryzen 9,8,16gb,16.0,Otro,3.0,Mercado Libre,3
512GB SSD,512.0,2026-05-02 19:43:22,e-commerce,Notebook MSI Thin 15 B12VE-2023US,MSI,6.0,$ 1.199.990,1199990,Intel Core i7-12650H,3,16 GB,16.0,Windows 11,2.0,PORTATILCHILE,9
SSD 1 TB,1024.0,2026-05-02 15:24:40,comercio electrónico,MSI Vector 17 HX AI A2XWJG-230CL,MSI,6.0,4559990,4559990,Intel Core Ultra 9 275HX (2100 MHz - 5400 MHz),0,32 GB DDR5 (5600 MHz),32.0,Windows 11 Home,1.0,SoloTodo,0
SSD 512 GB,512.0,2026-05-02 15:25:58,comercio electrónico,Notebook Gamer GIGABYTE GAMING A16 CTH (CTHI3LA893SH),Gigabyte,10.0,1299990,1299990,Intel Core i7-13620H (2400 MHz - 4900 MHz),3,16 GB DDR5 (5200 MHz),16.0,Windows 11 Home,1.0,SoloTodo,0
SSD 1 TB,1024.0,2026-05-02 16:06:59,comercio electrónico,GIGABYTE Aero X16 EG61H 1VH (Blanco),Gigabyte,10.0,1999000,1999000,AMD Ryzen AI 7 350 (2000 MHz - 5000 MHz),1,16 GB DDR5 (5600 MHz),16.0,Windows 11 Home,1.0,SoloTodo,0
512GB,512.0,2026-05-02 20:59:12,e-commerce,"Notebook MSI Modern 14 C12M, I7-1255U, 16GB RAM, 512GB SSD, IRIS XE GRAPHICS, W11H, 14""",MSI,6.0,932990,932990,I7-1255U,0,16GB,16.0,Windows 11,2.0,TodoClick.cl,2
1 TB,1024.0,2026-05-02 18:06:46,e-commerce,Getac S410 Core I7-8650u/1tb/32gb Batería Nueva + Dockoffice (Reacondicionado),Getac,15.0,1.225.390,1225390,Intel i7 8650U,3,32gb,32.0,Windows 11 Pro,0.0,Mercado Libre,3
SSD 512 GB,512.0,2026-05-02 14:58:09,comercio electrónico,GIGABYTE GAMING A16 3TH – Notebook Gamer Potente y Versátil,Gigabyte,10.0,1143900,1143900,AMD Ryzen 7 260 (3800 MHz - 5100 MHz),1,16 GB DDR5 (5600 MHz),16.0,FreeDOS,6.0,SoloTodo,0
